#include <platform/platform.hpp>

#include <process/process.hpp>
#include <process/thread.hpp>
#include <elf/elf_loader.hpp>
#include <filesystem/vfs.hpp>
#include <filesystem/ramfs.hpp>
#include <memory/allocator.hpp>
#include <process/scheduler.hpp>

void test_platform();
void test_memory();
void test_filesystem();

int main()
{
  Hamster::_init_platform();

  Hamster::_log("Testing Platform...\n");
  test_platform();
  Hamster::_log("Done\n");

  Hamster::_log("Testing Memory...\n");
  test_memory();
  Hamster::_log("Done\n");

  Hamster::_log("Testing Filesystem...\n");
  test_filesystem();
  Hamster::_log("Done\n");

  // Test thread
 unsigned char a[107812] =
{
	0x7f, 0x45, 0x4c, 0x46, 0x01, 0x01, 0x01, 0x00, 
	0x00, 0x00, 0x00, 0x00, 0x00, 0x00, 0x00, 0x00, 
	0x02, 0x00, 0xf3, 0x00, 0x01, 0x00, 0x00, 0x00, 
	0x20, 0x02, 0x01, 0x00, 0x34, 0x00, 0x00, 0x00, 
	0xdc, 0xa1, 0x01, 0x00, 0x04, 0x00, 0x00, 0x00, 
	0x34, 0x00, 0x20, 0x00, 0x04, 0x00, 0x28, 0x00, 
	0x15, 0x00, 0x14, 0x00, 0x03, 0x00, 0x00, 0x70, 
	0x8d, 0x25, 0x00, 0x00, 0x00, 0x00, 0x00, 0x00, 
	0x00, 0x00, 0x00, 0x00, 0x61, 0x00, 0x00, 0x00, 
	0x00, 0x00, 0x00, 0x00, 0x04, 0x00, 0x00, 0x00, 
	0x01, 0x00, 0x00, 0x00, 0x01, 0x00, 0x00, 0x00, 
	0x00, 0x00, 0x00, 0x00, 0x00, 0x00, 0x01, 0x00, 
	0x00, 0x00, 0x01, 0x00, 0xd0, 0x19, 0x00, 0x00, 
	0xd0, 0x19, 0x00, 0x00, 0x05, 0x00, 0x00, 0x00, 
	0x00, 0x10, 0x00, 0x00, 0x01, 0x00, 0x00, 0x00, 
	0x00, 0x20, 0x00, 0x00, 0x00, 0x20, 0x01, 0x00, 
	0x00, 0x20, 0x01, 0x00, 0x60, 0x05, 0x00, 0x00, 
	0xd8, 0x06, 0x00, 0x00, 0x06, 0x00, 0x00, 0x00, 
	0x00, 0x10, 0x00, 0x00, 0x51, 0xe5, 0x74, 0x64, 
	0x00, 0x00, 0x00, 0x00, 0x00, 0x00, 0x00, 0x00, 
	0x00, 0x00, 0x00, 0x00, 0x00, 0x00, 0x00, 0x00, 
	0x00, 0x00, 0x00, 0x00, 0x06, 0x00, 0x00, 0x00, 
	0x10, 0x00, 0x00, 0x00, 0x13, 0x01, 0x01, 0xfd, 
	0x23, 0x26, 0x11, 0x02, 0x23, 0x24, 0x81, 0x02, 
	0x13, 0x04, 0x01, 0x03, 0x23, 0x2e, 0xa4, 0xfc, 
	0x83, 0x27, 0xc4, 0xfd, 0x93, 0x88, 0x07, 0x00, 
	0x73, 0x00, 0x00, 0x00, 0x93, 0x07, 0x05, 0x00, 
	0x23, 0x26, 0xf4, 0xfe, 0x83, 0x27, 0xc4, 0xfe, 
	0x13, 0x85, 0x07, 0x00, 0x83, 0x20, 0xc1, 0x02, 
	0x03, 0x24, 0x81, 0x02, 0x13, 0x01, 0x01, 0x03, 
	0x67, 0x80, 0x00, 0x00, 0x13, 0x01, 0x01, 0xfd, 
	0x23, 0x26, 0x11, 0x02, 0x23, 0x24, 0x81, 0x02, 
	0x13, 0x04, 0x01, 0x03, 0x23, 0x2e, 0xa4, 0xfc, 
	0x23, 0x2c, 0xb4, 0xfc, 0x83, 0x27, 0xc4, 0xfd, 
	0x03, 0x27, 0x84, 0xfd, 0x93, 0x88, 0x07, 0x00, 
	0x13, 0x05, 0x07, 0x00, 0x73, 0x00, 0x00, 0x00, 
	0x93, 0x07, 0x05, 0x00, 0x23, 0x26, 0xf4, 0xfe, 
	0x83, 0x27, 0xc4, 0xfe, 0x13, 0x85, 0x07, 0x00, 
	0x83, 0x20, 0xc1, 0x02, 0x03, 0x24, 0x81, 0x02, 
	0x13, 0x01, 0x01, 0x03, 0x67, 0x80, 0x00, 0x00, 
	0x13, 0x01, 0x01, 0xfd, 0x23, 0x26, 0x11, 0x02, 
	0x23, 0x24, 0x81, 0x02, 0x13, 0x04, 0x01, 0x03, 
	0x23, 0x2e, 0xa4, 0xfc, 0x23, 0x2c, 0xb4, 0xfc, 
	0x23, 0x2a, 0xc4, 0xfc, 0x83, 0x27, 0xc4, 0xfd, 
	0x03, 0x27, 0x84, 0xfd, 0x83, 0x26, 0x44, 0xfd, 
	0x93, 0x88, 0x07, 0x00, 0x13, 0x05, 0x07, 0x00, 
	0x93, 0x85, 0x06, 0x00, 0x73, 0x00, 0x00, 0x00, 
	0x93, 0x07, 0x05, 0x00, 0x23, 0x26, 0xf4, 0xfe, 
	0x83, 0x27, 0xc4, 0xfe, 0x13, 0x85, 0x07, 0x00, 
	0x83, 0x20, 0xc1, 0x02, 0x03, 0x24, 0x81, 0x02, 
	0x13, 0x01, 0x01, 0x03, 0x67, 0x80, 0x00, 0x00, 
	0x13, 0x01, 0x01, 0xfd, 0x23, 0x26, 0x11, 0x02, 
	0x23, 0x24, 0x81, 0x02, 0x13, 0x04, 0x01, 0x03, 
	0x23, 0x2e, 0xa4, 0xfc, 0x23, 0x2c, 0xb4, 0xfc, 
	0x23, 0x2a, 0xc4, 0xfc, 0x23, 0x28, 0xd4, 0xfc, 
	0x83, 0x27, 0xc4, 0xfd, 0x03, 0x27, 0x84, 0xfd, 
	0x83, 0x26, 0x44, 0xfd, 0x03, 0x28, 0x04, 0xfd, 
	0x93, 0x88, 0x07, 0x00, 0x13, 0x05, 0x07, 0x00, 
	0x93, 0x85, 0x06, 0x00, 0x13, 0x06, 0x08, 0x00, 
	0x73, 0x00, 0x00, 0x00, 0x93, 0x07, 0x05, 0x00, 
	0x23, 0x26, 0xf4, 0xfe, 0x83, 0x27, 0xc4, 0xfe, 
	0x13, 0x85, 0x07, 0x00, 0x83, 0x20, 0xc1, 0x02, 
	0x03, 0x24, 0x81, 0x02, 0x13, 0x01, 0x01, 0x03, 
	0x67, 0x80, 0x00, 0x00, 0x13, 0x01, 0x01, 0xfe, 
	0x23, 0x2e, 0x11, 0x00, 0x23, 0x2c, 0x81, 0x00, 
	0x13, 0x04, 0x01, 0x02, 0x23, 0x26, 0xa4, 0xfe, 
	0x83, 0x25, 0xc4, 0xfe, 0x13, 0x05, 0xd0, 0x05, 
	0xef, 0xf0, 0xdf, 0xed, 0x6f, 0x00, 0x00, 0x00, 
	0x13, 0x01, 0x01, 0xfe, 0x23, 0x2e, 0x11, 0x00, 
	0x23, 0x2c, 0x81, 0x00, 0x13, 0x04, 0x01, 0x02, 
	0xef, 0x00, 0x80, 0x0a, 0x23, 0x26, 0xa4, 0xfe, 
	0x03, 0x25, 0xc4, 0xfe, 0xef, 0xf0, 0x1f, 0xfc, 
	0x13, 0x01, 0x01, 0xfb, 0x23, 0x26, 0x11, 0x02, 
	0x23, 0x24, 0x81, 0x02, 0x13, 0x04, 0x01, 0x03, 
	0x23, 0x2e, 0xa4, 0xfc, 0x23, 0x2c, 0xb4, 0xfc, 
	0x23, 0x24, 0xc4, 0x00, 0x23, 0x26, 0xd4, 0x00, 
	0x23, 0x28, 0xe4, 0x00, 0x23, 0x2a, 0xf4, 0x00, 
	0x23, 0x2c, 0x04, 0x01, 0x23, 0x2e, 0x14, 0x01, 
	0x23, 0x26, 0x04, 0xfe, 0x83, 0x27, 0x84, 0xfd, 
	0x93, 0xf7, 0x07, 0x20, 0x63, 0x86, 0x07, 0x02, 
	0x93, 0x07, 0x04, 0x02, 0x23, 0x2a, 0xf4, 0xfc, 
	0x83, 0x27, 0x44, 0xfd, 0x93, 0x87, 0x87, 0xfe, 
	0x23, 0x24, 0xf4, 0xfe, 0x83, 0x27, 0x84, 0xfe, 
	0x13, 0x87, 0x47, 0x00, 0x23, 0x24, 0xe4, 0xfe, 
	0x83, 0xa7, 0x07, 0x00, 0x23, 0x26, 0xf4, 0xfe, 
	0x83, 0x27, 0xc4, 0xfd, 0x83, 0x26, 0xc4, 0xfe, 
	0x03, 0x26, 0x84, 0xfd, 0x93, 0x85, 0x07, 0x00, 
	0x13, 0x05, 0x50, 0x20, 0xef, 0xf0, 0xdf, 0xed, 
	0x93, 0x07, 0x05, 0x00, 0x13, 0x85, 0x07, 0x00, 
	0x83, 0x20, 0xc1, 0x02, 0x03, 0x24, 0x81, 0x02, 
	0x13, 0x01, 0x01, 0x05, 0x67, 0x80, 0x00, 0x00, 
	0x13, 0x01, 0x01, 0xfe, 0x23, 0x2e, 0x11, 0x00, 
	0x23, 0x2c, 0x81, 0x00, 0x13, 0x04, 0x01, 0x02, 
	0x93, 0x05, 0x20, 0x00, 0xb7, 0x27, 0x01, 0x00, 
	0x13, 0x85, 0xc7, 0x9a, 0xef, 0x00, 0x80, 0x05, 
	0x23, 0x26, 0xa4, 0xfe, 0x83, 0x27, 0xc4, 0xfe, 
	0x63, 0xd6, 0x07, 0x00, 0x13, 0x05, 0x10, 0x00, 
	0xef, 0xf0, 0x5f, 0xef, 0x13, 0x06, 0x30, 0x01, 
	0xb7, 0x27, 0x01, 0x00, 0x93, 0x85, 0xc7, 0x9b, 
	0x03, 0x25, 0xc4, 0xfe, 0xef, 0x00, 0x80, 0x07, 
	0x03, 0x25, 0xc4, 0xfe, 0xef, 0x00, 0xc0, 0x01, 
	0x93, 0x07, 0x00, 0x00, 0x13, 0x85, 0x07, 0x00, 
	0x83, 0x20, 0xc1, 0x01, 0x03, 0x24, 0x81, 0x01, 
	0x13, 0x01, 0x01, 0x02, 0x67, 0x80, 0x00, 0x00, 
	0x93, 0x05, 0x05, 0x00, 0x03, 0xa5, 0x41, 0xd5, 
	0x6f, 0x00, 0x00, 0x06, 0x13, 0x01, 0x01, 0xfc, 
	0x23, 0x2a, 0xf1, 0x02, 0x93, 0x07, 0x81, 0x02, 
	0x23, 0x26, 0xf1, 0x00, 0x23, 0x24, 0xc1, 0x02, 
	0x23, 0x26, 0xd1, 0x02, 0x93, 0x06, 0x06, 0x00, 
	0x13, 0x86, 0x05, 0x00, 0x93, 0x05, 0x05, 0x00, 
	0x03, 0xa5, 0x41, 0xd5, 0x23, 0x2e, 0x11, 0x00, 
	0x23, 0x28, 0xe1, 0x02, 0x23, 0x2c, 0x01, 0x03, 
	0x23, 0x2e, 0x11, 0x03, 0xef, 0x00, 0xc0, 0x15, 
	0x83, 0x20, 0xc1, 0x01, 0x13, 0x01, 0x01, 0x04, 
	0x67, 0x80, 0x00, 0x00, 0x93, 0x06, 0x06, 0x00, 
	0x13, 0x86, 0x05, 0x00, 0x93, 0x05, 0x05, 0x00, 
	0x03, 0xa5, 0x41, 0xd5, 0x6f, 0x00, 0xc0, 0x18, 
	0x13, 0x01, 0x01, 0xff, 0x23, 0x24, 0x81, 0x00, 
	0x23, 0x22, 0x91, 0x00, 0x93, 0x04, 0x05, 0x00, 
	0x13, 0x85, 0x05, 0x00, 0x23, 0x26, 0x11, 0x00, 
	0x23, 0xa0, 0x01, 0xd6, 0xef, 0x10, 0x80, 0x47, 
	0x93, 0x07, 0xf0, 0xff, 0x63, 0x18, 0xf5, 0x00, 
	0x83, 0xa7, 0x01, 0xd6, 0x63, 0x84, 0x07, 0x00, 
	0x23, 0xa0, 0xf4, 0x00, 0x83, 0x20, 0xc1, 0x00, 
	0x03, 0x24, 0x81, 0x00, 0x83, 0x24, 0x41, 0x00, 
	0x13, 0x01, 0x01, 0x01, 0x67, 0x80, 0x00, 0x00, 
	0x83, 0xa7, 0x41, 0xd5, 0x63, 0x84, 0xa7, 0x0e, 
	0x83, 0x27, 0x45, 0x04, 0x13, 0x01, 0x01, 0xfe, 
	0x23, 0x2c, 0x81, 0x00, 0x23, 0x2e, 0x11, 0x00, 
	0x23, 0x2a, 0x91, 0x00, 0x23, 0x28, 0x21, 0x01, 
	0x23, 0x26, 0x31, 0x01, 0x13, 0x04, 0x05, 0x00, 
	0x63, 0x88, 0x07, 0x02, 0x93, 0x04, 0x00, 0x00, 
	0x13, 0x09, 0x00, 0x08, 0x83, 0x27, 0x44, 0x04, 
	0xb3, 0x87, 0x97, 0x00, 0x83, 0xa5, 0x07, 0x00, 
	0x63, 0x92, 0x05, 0x04, 0x93, 0x84, 0x44, 0x00, 
	0xe3, 0x96, 0x24, 0xff, 0x83, 0x25, 0x44, 0x04, 
	0x13, 0x05, 0x04, 0x00, 0xef, 0x00, 0xc0, 0x24, 
	0x83, 0x25, 0x84, 0x03, 0x63, 0x86, 0x05, 0x00, 
	0x13, 0x05, 0x04, 0x00, 0xef, 0x00, 0xc0, 0x23, 
	0x83, 0x24, 0x04, 0x04, 0x63, 0x86, 0x04, 0x02, 
	0x93, 0x85, 0x04, 0x00, 0x13, 0x05, 0x04, 0x00, 
	0x83, 0xa4, 0x04, 0x00, 0xef, 0x00, 0x40, 0x22, 
	0x6f, 0xf0, 0xdf, 0xfe, 0x83, 0xa9, 0x05, 0x00, 
	0x13, 0x05, 0x04, 0x00, 0xef, 0x00, 0x40, 0x21, 
	0x93, 0x85, 0x09, 0x00, 0x6f, 0xf0, 0xdf, 0xfa, 
	0x83, 0x25, 0xc4, 0x04, 0x63, 0x86, 0x05, 0x00, 
	0x13, 0x05, 0x04, 0x00, 0xef, 0x00, 0xc0, 0x1f, 
	0x83, 0x27, 0x44, 0x03, 0x63, 0x82, 0x07, 0x02, 
	0x13, 0x05, 0x04, 0x00, 0x03, 0x24, 0x81, 0x01, 
	0x83, 0x20, 0xc1, 0x01, 0x83, 0x24, 0x41, 0x01, 
	0x03, 0x29, 0x01, 0x01, 0x83, 0x29, 0xc1, 0x00, 
	0x13, 0x01, 0x01, 0x02, 0x67, 0x80, 0x07, 0x00, 
	0x83, 0x20, 0xc1, 0x01, 0x03, 0x24, 0x81, 0x01, 
	0x83, 0x24, 0x41, 0x01, 0x03, 0x29, 0x01, 0x01, 
	0x83, 0x29, 0xc1, 0x00, 0x13, 0x01, 0x01, 0x02, 
	0x67, 0x80, 0x00, 0x00, 0x67, 0x80, 0x00, 0x00, 
	0x13, 0x01, 0x01, 0xff, 0x23, 0x24, 0x81, 0x00, 
	0x23, 0x22, 0x91, 0x00, 0x93, 0x04, 0x05, 0x00, 
	0x13, 0x85, 0x05, 0x00, 0x93, 0x05, 0x06, 0x00, 
	0x13, 0x86, 0x06, 0x00, 0x23, 0x26, 0x11, 0x00, 
	0x23, 0xa0, 0x01, 0xd6, 0xef, 0xf0, 0xdf, 0xd3, 
	0x93, 0x07, 0xf0, 0xff, 0x63, 0x18, 0xf5, 0x00, 
	0x83, 0xa7, 0x01, 0xd6, 0x63, 0x84, 0x07, 0x00, 
	0x23, 0xa0, 0xf4, 0x00, 0x83, 0x20, 0xc1, 0x00, 
	0x03, 0x24, 0x81, 0x00, 0x83, 0x24, 0x41, 0x00, 
	0x13, 0x01, 0x01, 0x01, 0x67, 0x80, 0x00, 0x00, 
	0x13, 0x01, 0x01, 0xff, 0x23, 0x24, 0x81, 0x00, 
	0x23, 0x22, 0x91, 0x00, 0x93, 0x04, 0x05, 0x00, 
	0x13, 0x85, 0x05, 0x00, 0x93, 0x05, 0x06, 0x00, 
	0x13, 0x86, 0x06, 0x00, 0x23, 0x26, 0x11, 0x00, 
	0x23, 0xa0, 0x01, 0xd6, 0xef, 0x10, 0x00, 0x41, 
	0x93, 0x07, 0xf0, 0xff, 0x63, 0x18, 0xf5, 0x00, 
	0x83, 0xa7, 0x01, 0xd6, 0x63, 0x84, 0x07, 0x00, 
	0x23, 0xa0, 0xf4, 0x00, 0x83, 0x20, 0xc1, 0x00, 
	0x03, 0x24, 0x81, 0x00, 0x83, 0x24, 0x41, 0x00, 
	0x13, 0x01, 0x01, 0x01, 0x67, 0x80, 0x00, 0x00, 
	0x13, 0x01, 0x01, 0xfd, 0x23, 0x20, 0x21, 0x03, 
	0x37, 0x29, 0x01, 0x00, 0x23, 0x24, 0x81, 0x02, 
	0x23, 0x22, 0x91, 0x02, 0x23, 0x2e, 0x31, 0x01, 
	0x23, 0x26, 0xb1, 0x00, 0x23, 0x26, 0x11, 0x02, 
	0x93, 0x09, 0x05, 0x00, 0x13, 0x09, 0x09, 0x14, 
	0xef, 0x00, 0x50, 0x18, 0x83, 0x27, 0x89, 0x00, 
	0x83, 0x25, 0xc1, 0x00, 0x83, 0xa4, 0x47, 0x00, 
	0xb7, 0x17, 0x00, 0x00, 0x93, 0xf4, 0xc4, 0xff, 
	0x13, 0x84, 0xf4, 0x7f, 0x13, 0x04, 0x04, 0x7f, 
	0x33, 0x04, 0xb4, 0x40, 0x13, 0x54, 0xc4, 0x00, 
	0x13, 0x04, 0xf4, 0xff, 0x13, 0x14, 0xc4, 0x00, 
	0x63, 0x56, 0xf4, 0x02, 0x13, 0x85, 0x09, 0x00, 
	0xef, 0x00, 0x10, 0x15, 0x13, 0x05, 0x00, 0x00, 
	0x83, 0x20, 0xc1, 0x02, 0x03, 0x24, 0x81, 0x02, 
	0x83, 0x24, 0x41, 0x02, 0x03, 0x29, 0x01, 0x02, 
	0x83, 0x29, 0xc1, 0x01, 0x13, 0x01, 0x01, 0x03, 
	0x67, 0x80, 0x00, 0x00, 0x93, 0x05, 0x00, 0x00, 
	0x13, 0x85, 0x09, 0x00, 0xef, 0x00, 0xd0, 0x67, 
	0x83, 0x27, 0x89, 0x00, 0xb3, 0x87, 0x97, 0x00, 
	0xe3, 0x12, 0xf5, 0xfc, 0xb3, 0x05, 0x80, 0x40, 
	0x13, 0x85, 0x09, 0x00, 0xef, 0x00, 0x50, 0x66, 
	0x93, 0x07, 0xf0, 0xff, 0x63, 0x1c, 0xf5, 0x02, 
	0x93, 0x05, 0x00, 0x00, 0x13, 0x85, 0x09, 0x00, 
	0xef, 0x00, 0x10, 0x65, 0x03, 0x27, 0x89, 0x00, 
	0x93, 0x06, 0xf0, 0x00, 0xb3, 0x07, 0xe5, 0x40, 
	0xe3, 0xda, 0xf6, 0xf8, 0x83, 0xa6, 0x81, 0xd5, 
	0x93, 0xe7, 0x17, 0x00, 0x23, 0x22, 0xf7, 0x00, 
	0x33, 0x05, 0xd5, 0x40, 0x23, 0xac, 0xa1, 0xd6, 
	0x6f, 0xf0, 0xdf, 0xf7, 0x83, 0x27, 0x89, 0x00, 
	0xb3, 0x84, 0x84, 0x40, 0x93, 0xe4, 0x14, 0x00, 
	0x23, 0xa2, 0x97, 0x00, 0x83, 0xa7, 0x81, 0xd7, 
	0x13, 0x85, 0x09, 0x00, 0xb3, 0x87, 0x87, 0x40, 
	0x23, 0xac, 0xf1, 0xd6, 0xef, 0x00, 0xd0, 0x0a, 
	0x13, 0x05, 0x10, 0x00, 0x6f, 0xf0, 0xdf, 0xf5, 
	0x63, 0x88, 0x05, 0x24, 0x13, 0x01, 0x01, 0xff, 
	0x23, 0x24, 0x81, 0x00, 0x23, 0x22, 0x91, 0x00, 
	0x13, 0x84, 0x05, 0x00, 0x93, 0x04, 0x05, 0x00, 
	0x23, 0x26, 0x11, 0x00, 0xef, 0x00, 0x10, 0x08, 
	0x83, 0x25, 0xc4, 0xff, 0x13, 0x06, 0x84, 0xff, 
	0x37, 0x25, 0x01, 0x00, 0x93, 0xf7, 0xe5, 0xff, 
	0xb3, 0x06, 0xf6, 0x00, 0x13, 0x05, 0x05, 0x14, 
	0x03, 0xa7, 0x46, 0x00, 0x03, 0x28, 0x85, 0x00, 
	0x93, 0xf5, 0x15, 0x00, 0x13, 0x77, 0xc7, 0xff, 
	0x63, 0x10, 0xd8, 0x06, 0x33, 0x87, 0xe7, 0x00, 
	0x63, 0x90, 0x05, 0x02, 0x83, 0x27, 0x84, 0xff, 
	0x33, 0x06, 0xf6, 0x40, 0x83, 0x26, 0x86, 0x00, 
	0x33, 0x07, 0xf7, 0x00, 0x83, 0x27, 0xc6, 0x00, 
	0x23, 0xa6, 0xf6, 0x00, 0x23, 0xa4, 0xd7, 0x00, 
	0x93, 0x67, 0x17, 0x00, 0x23, 0x22, 0xf6, 0x00, 
	0x83, 0xa7, 0xc1, 0xd5, 0x23, 0x24, 0xc5, 0x00, 
	0x63, 0x68, 0xf7, 0x00, 0x83, 0xa5, 0xc1, 0xd6, 
	0x13, 0x85, 0x04, 0x00, 0xef, 0xf0, 0x5f, 0xe6, 
	0x03, 0x24, 0x81, 0x00, 0x83, 0x20, 0xc1, 0x00, 
	0x13, 0x85, 0x04, 0x00, 0x83, 0x24, 0x41, 0x00, 
	0x13, 0x01, 0x01, 0x01, 0x6f, 0x00, 0xc0, 0x7f, 
	0x23, 0xa2, 0xe6, 0x00, 0x13, 0x08, 0x00, 0x00, 
	0x63, 0x96, 0x05, 0x02, 0x83, 0x25, 0x84, 0xff, 
	0xb7, 0x28, 0x01, 0x00, 0x93, 0x88, 0x88, 0x14, 
	0x33, 0x06, 0xb6, 0x40, 0xb3, 0x87, 0xb7, 0x00, 
	0x83, 0x25, 0x86, 0x00, 0x63, 0x84, 0x15, 0x0b, 
	0x83, 0x28, 0xc6, 0x00, 0x23, 0xa6, 0x15, 0x01, 
	0x23, 0xa4, 0xb8, 0x00, 0xb3, 0x85, 0xe6, 0x00, 
	0x83, 0xa5, 0x45, 0x00, 0x93, 0xf5, 0x15, 0x00, 
	0x63, 0x98, 0x05, 0x02, 0xb3, 0x87, 0xe7, 0x00, 
	0x03, 0xa7, 0x86, 0x00, 0x63, 0x14, 0x08, 0x08, 
	0xb7, 0x25, 0x01, 0x00, 0x93, 0x85, 0x85, 0x14, 
	0x63, 0x1e, 0xb7, 0x06, 0x23, 0x2a, 0xc5, 0x00, 
	0x23, 0x28, 0xc5, 0x00, 0x23, 0x26, 0xe6, 0x00, 
	0x23, 0x24, 0xe6, 0x00, 0x13, 0x08, 0x10, 0x00, 
	0x13, 0xe7, 0x17, 0x00, 0x23, 0x22, 0xe6, 0x00, 
	0x33, 0x07, 0xf6, 0x00, 0x23, 0x20, 0xf7, 0x00, 
	0xe3, 0x14, 0x08, 0xf6, 0x13, 0x07, 0xf0, 0x1f, 
	0x63, 0x6e, 0xf7, 0x04, 0x93, 0xd6, 0x57, 0x00, 
	0x13, 0x07, 0x10, 0x00, 0x33, 0x17, 0xd7, 0x00, 
	0x83, 0x26, 0x45, 0x00, 0x93, 0xf7, 0x87, 0xff, 
	0x93, 0x87, 0x87, 0x00, 0x33, 0x67, 0xd7, 0x00, 
	0xb3, 0x07, 0xf5, 0x00, 0x23, 0x22, 0xe5, 0x00, 
	0x03, 0xa7, 0x07, 0x00, 0x93, 0x86, 0x87, 0xff, 
	0x23, 0x26, 0xd6, 0x00, 0x23, 0x24, 0xe6, 0x00, 
	0x23, 0xa0, 0xc7, 0x00, 0x23, 0x26, 0xc7, 0x00, 
	0x6f, 0xf0, 0x1f, 0xf2, 0x13, 0x08, 0x10, 0x00, 
	0x6f, 0xf0, 0x5f, 0xf6, 0x83, 0xa6, 0xc6, 0x00, 
	0x23, 0x26, 0xd7, 0x00, 0x23, 0xa4, 0xe6, 0x00, 
	0x6f, 0xf0, 0x1f, 0xf9, 0x93, 0xd6, 0x97, 0x00, 
	0x13, 0x07, 0x40, 0x00, 0x63, 0x68, 0xd7, 0x04, 
	0x13, 0xd7, 0x67, 0x00, 0x13, 0x07, 0x87, 0x03, 
	0x93, 0x06, 0x17, 0x00, 0x93, 0x96, 0x36, 0x00, 
	0xb3, 0x06, 0xd5, 0x00, 0x93, 0x85, 0x86, 0xff, 
	0x83, 0xa6, 0x06, 0x00, 0x63, 0x94, 0xd5, 0x08, 
	0x13, 0x57, 0x27, 0x40, 0x93, 0x07, 0x10, 0x00, 
	0xb3, 0x97, 0xe7, 0x00, 0x03, 0x27, 0x45, 0x00, 
	0xb3, 0xe7, 0xe7, 0x00, 0x23, 0x22, 0xf5, 0x00, 
	0x23, 0x26, 0xb6, 0x00, 0x23, 0x24, 0xd6, 0x00, 
	0x23, 0xa4, 0xc5, 0x00, 0x23, 0xa6, 0xc6, 0x00, 
	0x6f, 0xf0, 0x1f, 0xeb, 0x13, 0x07, 0x40, 0x01, 
	0x63, 0x66, 0xd7, 0x00, 0x13, 0x87, 0xb6, 0x05, 
	0x6f, 0xf0, 0x1f, 0xfb, 0x13, 0x07, 0x40, 0x05, 
	0x63, 0x68, 0xd7, 0x00, 0x13, 0xd7, 0xc7, 0x00, 
	0x13, 0x07, 0xe7, 0x06, 0x6f, 0xf0, 0xdf, 0xf9, 
	0x13, 0x07, 0x40, 0x15, 0x63, 0x68, 0xd7, 0x00, 
	0x13, 0xd7, 0xf7, 0x00, 0x13, 0x07, 0x77, 0x07, 
	0x6f, 0xf0, 0x9f, 0xf8, 0x93, 0x05, 0x40, 0x55, 
	0x13, 0x07, 0xe0, 0x07, 0xe3, 0xee, 0xd5, 0xf6, 
	0x13, 0xd7, 0x27, 0x01, 0x13, 0x07, 0xc7, 0x07, 
	0x6f, 0xf0, 0x1f, 0xf7, 0x83, 0xa6, 0x86, 0x00, 
	0x63, 0x88, 0xd5, 0x00, 0x03, 0xa7, 0x46, 0x00, 
	0x13, 0x77, 0xc7, 0xff, 0xe3, 0xe8, 0xe7, 0xfe, 
	0x83, 0xa5, 0xc6, 0x00, 0x6f, 0xf0, 0x5f, 0xf8, 
	0x67, 0x80, 0x00, 0x00, 0x13, 0x01, 0x01, 0xfc, 
	0x23, 0x2e, 0x11, 0x02, 0x23, 0x2c, 0x81, 0x02, 
	0x23, 0x2a, 0x91, 0x02, 0x23, 0x28, 0x21, 0x03, 
	0x23, 0x26, 0x31, 0x03, 0x23, 0x24, 0x41, 0x03, 
	0x23, 0x22, 0x51, 0x03, 0x23, 0x20, 0x61, 0x03, 
	0x23, 0x2e, 0x71, 0x01, 0x23, 0x2c, 0x81, 0x01, 
	0x93, 0x87, 0xb5, 0x00, 0x13, 0x07, 0x60, 0x01, 
	0x63, 0x74, 0xf7, 0x04, 0x93, 0xf4, 0x87, 0xff, 
	0x63, 0xd2, 0x07, 0x04, 0x93, 0x07, 0xc0, 0x00, 
	0x23, 0x20, 0xf5, 0x00, 0x13, 0x05, 0x00, 0x00, 
	0x83, 0x20, 0xc1, 0x03, 0x03, 0x24, 0x81, 0x03, 
	0x83, 0x24, 0x41, 0x03, 0x03, 0x29, 0x01, 0x03, 
	0x83, 0x29, 0xc1, 0x02, 0x03, 0x2a, 0x81, 0x02, 
	0x83, 0x2a, 0x41, 0x02, 0x03, 0x2b, 0x01, 0x02, 
	0x83, 0x2b, 0xc1, 0x01, 0x03, 0x2c, 0x81, 0x01, 
	0x13, 0x01, 0x01, 0x04, 0x67, 0x80, 0x00, 0x00, 
	0x93, 0x04, 0x00, 0x01, 0xe3, 0xe0, 0xb4, 0xfc, 
	0x13, 0x0c, 0x05, 0x00, 0xef, 0x00, 0x00, 0x5c, 
	0x93, 0x07, 0x70, 0x1f, 0x13, 0x89, 0x01, 0x94, 
	0x63, 0xe0, 0x97, 0x06, 0x13, 0x87, 0x84, 0x00, 
	0x33, 0x07, 0xe9, 0x00, 0x03, 0x24, 0x47, 0x00, 
	0x93, 0x06, 0x87, 0xff, 0x93, 0xd7, 0x34, 0x00, 
	0x63, 0x18, 0xd4, 0x00, 0x03, 0x24, 0xc7, 0x00, 
	0x93, 0x87, 0x27, 0x00, 0x63, 0x0c, 0x87, 0x06, 
	0x83, 0x27, 0x44, 0x00, 0x03, 0x27, 0xc4, 0x00, 
	0x83, 0x26, 0x84, 0x00, 0x93, 0xf7, 0xc7, 0xff, 
	0xb3, 0x07, 0xf4, 0x00, 0x23, 0xa6, 0xe6, 0x00, 
	0x23, 0x24, 0xd7, 0x00, 0x03, 0xa7, 0x47, 0x00, 
	0x13, 0x67, 0x17, 0x00, 0x23, 0xa2, 0xe7, 0x00, 
	0x13, 0x05, 0x0c, 0x00, 0xef, 0x00, 0x40, 0x56, 
	0x13, 0x05, 0x84, 0x00, 0x6f, 0xf0, 0xdf, 0xf5, 
	0x13, 0xd7, 0x94, 0x00, 0x93, 0x07, 0xf0, 0x03, 
	0x63, 0x0a, 0x07, 0x00, 0x93, 0x07, 0x40, 0x00, 
	0x63, 0xee, 0xe7, 0x06, 0x93, 0xd7, 0x64, 0x00, 
	0x93, 0x87, 0x87, 0x03, 0x13, 0x86, 0x17, 0x00, 
	0x13, 0x17, 0x36, 0x00, 0x33, 0x07, 0xe9, 0x00, 
	0x03, 0x24, 0x47, 0x00, 0x13, 0x05, 0x87, 0xff, 
	0x13, 0x08, 0xf0, 0x00, 0x63, 0x14, 0xa4, 0x0a, 
	0x93, 0x07, 0x06, 0x00, 0x03, 0x24, 0x09, 0x01, 
	0x93, 0x05, 0x89, 0x00, 0x63, 0x08, 0xb4, 0x12, 
	0x03, 0x27, 0x44, 0x00, 0x13, 0x06, 0xf0, 0x00, 
	0x13, 0x77, 0xc7, 0xff, 0xb3, 0x06, 0x97, 0x40, 
	0x63, 0x5c, 0xd6, 0x0a, 0xb3, 0x07, 0x94, 0x00, 
	0x93, 0xe4, 0x14, 0x00, 0x23, 0x22, 0x94, 0x00, 
	0x23, 0x2a, 0xf9, 0x00, 0x23, 0x28, 0xf9, 0x00, 
	0x13, 0xe6, 0x16, 0x00, 0x23, 0xa6, 0xb7, 0x00, 
	0x23, 0xa4, 0xb7, 0x00, 0x23, 0xa2, 0xc7, 0x00, 
	0x33, 0x07, 0xe4, 0x00, 0x23, 0x20, 0xd7, 0x00, 
	0x6f, 0xf0, 0x9f, 0xf6, 0x93, 0x07, 0x40, 0x01, 
	0x63, 0xe6, 0xe7, 0x00, 0x93, 0x07, 0xb7, 0x05, 
	0x6f, 0xf0, 0x5f, 0xf8, 0x93, 0x07, 0x40, 0x05, 
	0x63, 0xe8, 0xe7, 0x00, 0x93, 0xd7, 0xc4, 0x00, 
	0x93, 0x87, 0xe7, 0x06, 0x6f, 0xf0, 0x1f, 0xf7, 
	0x93, 0x07, 0x40, 0x15, 0x63, 0xe8, 0xe7, 0x00, 
	0x93, 0xd7, 0xf4, 0x00, 0x93, 0x87, 0x77, 0x07, 
	0x6f, 0xf0, 0xdf, 0xf5, 0x93, 0x06, 0x40, 0x55, 
	0x93, 0x07, 0xe0, 0x07, 0xe3, 0xe8, 0xe6, 0xf4, 
	0x93, 0xd7, 0x24, 0x01, 0x93, 0x87, 0xc7, 0x07, 
	0x6f, 0xf0, 0x5f, 0xf4, 0x03, 0x27, 0x44, 0x00, 
	0x13, 0x77, 0xc7, 0xff, 0xb3, 0x05, 0x97, 0x40, 
	0xe3, 0x4a, 0xb8, 0xf4, 0x83, 0x26, 0xc4, 0x00, 
	0x63, 0xcc, 0x05, 0x00, 0x83, 0x27, 0x84, 0x00, 
	0x23, 0xa6, 0xd7, 0x00, 0x23, 0xa4, 0xf6, 0x00, 
	0xb3, 0x07, 0xe4, 0x00, 0x6f, 0xf0, 0x1f, 0xee, 
	0x13, 0x84, 0x06, 0x00, 0x6f, 0xf0, 0x9f, 0xf2, 
	0x23, 0x2a, 0xb9, 0x00, 0x23, 0x28, 0xb9, 0x00, 
	0x63, 0xcc, 0x06, 0x00, 0x33, 0x07, 0xe4, 0x00, 
	0x83, 0x27, 0x47, 0x00, 0x93, 0xe7, 0x17, 0x00, 
	0x23, 0x22, 0xf7, 0x00, 0x6f, 0xf0, 0x5f, 0xec, 
	0x93, 0x06, 0xf0, 0x1f, 0x03, 0x28, 0x49, 0x00, 
	0x63, 0xe4, 0xe6, 0x16, 0x13, 0x56, 0x57, 0x00, 
	0x93, 0x06, 0x10, 0x00, 0x13, 0x77, 0x87, 0xff, 
	0xb3, 0x96, 0xc6, 0x00, 0x13, 0x07, 0x87, 0x00, 
	0x33, 0x07, 0xe9, 0x00, 0xb3, 0xe6, 0x06, 0x01, 
	0x23, 0x22, 0xd9, 0x00, 0x83, 0x26, 0x07, 0x00, 
	0x13, 0x06, 0x87, 0xff, 0x23, 0x26, 0xc4, 0x00, 
	0x23, 0x24, 0xd4, 0x00, 0x23, 0x20, 0x87, 0x00, 
	0x23, 0xa6, 0x86, 0x00, 0x13, 0xd7, 0x27, 0x40, 
	0x13, 0x03, 0x10, 0x00, 0x33, 0x13, 0xe3, 0x00, 
	0x03, 0x27, 0x49, 0x00, 0x63, 0x6a, 0x67, 0x06, 
	0xb3, 0x76, 0x67, 0x00, 0x63, 0x9c, 0x06, 0x00, 
	0x93, 0xf7, 0xc7, 0xff, 0x13, 0x13, 0x13, 0x00, 
	0xb3, 0x76, 0x67, 0x00, 0x93, 0x87, 0x47, 0x00, 
	0xe3, 0x8a, 0x06, 0xfe, 0x13, 0x0e, 0xf0, 0x00, 
	0x93, 0x96, 0x37, 0x00, 0xb3, 0x06, 0xd9, 0x00, 
	0x13, 0x88, 0x06, 0x00, 0x13, 0x85, 0x07, 0x00, 
	0x03, 0x24, 0xc8, 0x00, 0x63, 0x12, 0x04, 0x1b, 
	0x13, 0x05, 0x15, 0x00, 0x13, 0x77, 0x35, 0x00, 
	0x13, 0x08, 0x88, 0x00, 0xe3, 0x16, 0x07, 0xfe, 
	0x13, 0xf7, 0x37, 0x00, 0x63, 0x14, 0x07, 0x20, 
	0x83, 0x27, 0x49, 0x00, 0x13, 0x47, 0xf3, 0xff, 
	0xb3, 0xf7, 0xe7, 0x00, 0x23, 0x22, 0xf9, 0x00, 
	0x03, 0x27, 0x49, 0x00, 0x13, 0x13, 0x13, 0x00, 
	0x93, 0x07, 0xf3, 0xff, 0x63, 0xe8, 0xe7, 0x20, 
	0x03, 0x24, 0x89, 0x00, 0x83, 0x27, 0x44, 0x00, 
	0x13, 0xfb, 0xc7, 0xff, 0xb3, 0x07, 0x9b, 0x40, 
	0x63, 0x66, 0x9b, 0x00, 0x13, 0xa7, 0x07, 0x01, 
	0x63, 0x04, 0x07, 0x32, 0x83, 0xa5, 0xc1, 0xd6, 
	0x03, 0xa7, 0x81, 0xd5, 0x93, 0x07, 0xf0, 0xff, 
	0xb3, 0x85, 0xb4, 0x00, 0x63, 0x14, 0xf7, 0x1e, 
	0x93, 0x85, 0x05, 0x01, 0x13, 0x05, 0x0c, 0x00, 
	0x23, 0x26, 0xb1, 0x00, 0xef, 0x00, 0xd0, 0x07, 
	0x93, 0x07, 0xf0, 0xff, 0x13, 0x0a, 0x05, 0x00, 
	0x63, 0x02, 0xf5, 0x28, 0x33, 0x07, 0x64, 0x01, 
	0x83, 0x25, 0xc1, 0x00, 0x63, 0x74, 0xe5, 0x00, 
	0x63, 0x1a, 0x24, 0x27, 0x93, 0x8a, 0x81, 0xd7, 
	0x83, 0xa7, 0x0a, 0x00, 0xb3, 0x87, 0xf5, 0x00, 
	0x23, 0xa0, 0xfa, 0x00, 0x63, 0x10, 0x47, 0x1d, 
	0x93, 0x16, 0x47, 0x01, 0x63, 0x9c, 0x06, 0x1a, 
	0x83, 0x27, 0x89, 0x00, 0xb3, 0x05, 0xbb, 0x00, 
	0x93, 0xe5, 0x15, 0x00, 0x23, 0xa2, 0xb7, 0x00, 
	0x83, 0xa7, 0x0a, 0x00, 0x83, 0xa6, 0x81, 0xd6, 
	0x63, 0xf4, 0xf6, 0x00, 0x23, 0xa4, 0xf1, 0xd6, 
	0x83, 0xa6, 0x41, 0xd6, 0x63, 0xf8, 0xf6, 0x22, 
	0x23, 0xa2, 0xf1, 0xd6, 0x6f, 0x00, 0x80, 0x22, 
	0x13, 0x56, 0x97, 0x00, 0x93, 0x06, 0x40, 0x00, 
	0x63, 0xe6, 0xc6, 0x04, 0x93, 0x56, 0x67, 0x00, 
	0x93, 0x86, 0x86, 0x03, 0x13, 0x86, 0x16, 0x00, 
	0x13, 0x16, 0x36, 0x00, 0x33, 0x06, 0xc9, 0x00, 
	0x13, 0x05, 0x86, 0xff, 0x03, 0x26, 0x06, 0x00, 
	0x63, 0x12, 0xc5, 0x08, 0x93, 0xd6, 0x26, 0x40, 
	0x13, 0x07, 0x10, 0x00, 0x33, 0x17, 0xd7, 0x00, 
	0x33, 0x67, 0x07, 0x01, 0x23, 0x22, 0xe9, 0x00, 
	0x23, 0x26, 0xa4, 0x00, 0x23, 0x24, 0xc4, 0x00, 
	0x23, 0x24, 0x85, 0x00, 0x23, 0x26, 0x86, 0x00, 
	0x6f, 0xf0, 0x5f, 0xe8, 0x93, 0x06, 0x40, 0x01, 
	0x63, 0xe6, 0xc6, 0x00, 0x93, 0x06, 0xb6, 0x05, 
	0x6f, 0xf0, 0x5f, 0xfb, 0x93, 0x06, 0x40, 0x05, 
	0x63, 0xe8, 0xc6, 0x00, 0x93, 0x56, 0xc7, 0x00, 
	0x93, 0x86, 0xe6, 0x06, 0x6f, 0xf0, 0x1f, 0xfa, 
	0x93, 0x06, 0x40, 0x15, 0x63, 0xe8, 0xc6, 0x00, 
	0x93, 0x56, 0xf7, 0x00, 0x93, 0x86, 0x76, 0x07, 
	0x6f, 0xf0, 0xdf, 0xf8, 0x13, 0x05, 0x40, 0x55, 
	0x93, 0x06, 0xe0, 0x07, 0xe3, 0x60, 0xc5, 0xf8, 
	0x93, 0x56, 0x27, 0x01, 0x93, 0x86, 0xc6, 0x07, 
	0x6f, 0xf0, 0x5f, 0xf7, 0x03, 0x26, 0x86, 0x00, 
	0x63, 0x08, 0xc5, 0x00, 0x83, 0x26, 0x46, 0x00, 
	0x93, 0xf6, 0xc6, 0xff, 0xe3, 0x68, 0xd7, 0xfe, 
	0x03, 0x25, 0xc6, 0x00, 0x6f, 0xf0, 0x5f, 0xf8, 
	0x03, 0x27, 0x44, 0x00, 0x03, 0x26, 0xc4, 0x00, 
	0x13, 0x77, 0xc7, 0xff, 0xb3, 0x08, 0x97, 0x40, 
	0x63, 0x50, 0x1e, 0x05, 0x83, 0x26, 0x84, 0x00, 
	0xb3, 0x07, 0x94, 0x00, 0x93, 0xe4, 0x14, 0x00, 
	0x23, 0x22, 0x94, 0x00, 0x23, 0xa6, 0xc6, 0x00, 
	0x23, 0x24, 0xd6, 0x00, 0x23, 0x2a, 0xf9, 0x00, 
	0x23, 0x28, 0xf9, 0x00, 0x93, 0xe6, 0x18, 0x00, 
	0x23, 0xa6, 0xb7, 0x00, 0x23, 0xa4, 0xb7, 0x00, 
	0x23, 0xa2, 0xd7, 0x00, 0x33, 0x07, 0xe4, 0x00, 
	0x23, 0x20, 0x17, 0x01, 0x6f, 0xf0, 0x5f, 0xc4, 
	0x63, 0xc2, 0x08, 0x02, 0x33, 0x07, 0xe4, 0x00, 
	0x83, 0x27, 0x47, 0x00, 0x93, 0xe7, 0x17, 0x00, 
	0x23, 0x22, 0xf7, 0x00, 0x83, 0x27, 0x84, 0x00, 
	0x23, 0xa6, 0xc7, 0x00, 0x23, 0x24, 0xf6, 0x00, 
	0x6f, 0xf0, 0x1f, 0xc2, 0x13, 0x04, 0x06, 0x00, 
	0x6f, 0xf0, 0x5f, 0xde, 0x03, 0xa7, 0x06, 0x00, 
	0x93, 0x86, 0x86, 0xff, 0x93, 0x87, 0xf7, 0xff, 
	0xe3, 0x04, 0xd7, 0xde, 0x6f, 0xf0, 0xdf, 0xdf, 
	0x93, 0x87, 0x47, 0x00, 0x13, 0x13, 0x13, 0x00, 
	0xb3, 0x76, 0x67, 0x00, 0xe3, 0x8a, 0x06, 0xfe, 
	0x6f, 0xf0, 0x9f, 0xda, 0x93, 0x07, 0x05, 0x00, 
	0x6f, 0xf0, 0x1f, 0xff, 0xb7, 0x17, 0x00, 0x00, 
	0x93, 0x87, 0xf7, 0x00, 0xb3, 0x85, 0xf5, 0x00, 
	0xb7, 0xf7, 0xff, 0xff, 0xb3, 0xf5, 0xf5, 0x00, 
	0x6f, 0xf0, 0xdf, 0xe0, 0x03, 0xa6, 0x81, 0xd5, 
	0x93, 0x06, 0xf0, 0xff, 0x63, 0x10, 0xd6, 0x0c, 
	0x23, 0xac, 0x41, 0xd5, 0x93, 0x7b, 0x7a, 0x00, 
	0x93, 0x07, 0x00, 0x00, 0x63, 0x88, 0x0b, 0x00, 
	0x93, 0x07, 0x80, 0x00, 0xb3, 0x87, 0x77, 0x41, 
	0x33, 0x0a, 0xfa, 0x00, 0x37, 0x17, 0x00, 0x00, 
	0xb3, 0x09, 0xba, 0x00, 0xb3, 0x85, 0xe7, 0x00, 
	0xb3, 0x85, 0x35, 0x41, 0x13, 0x07, 0xf7, 0xff, 
	0xb3, 0xf5, 0xe5, 0x00, 0x13, 0x05, 0x0c, 0x00, 
	0x23, 0x26, 0xb1, 0x00, 0xef, 0x00, 0x40, 0x64, 
	0x93, 0x07, 0xf0, 0xff, 0x83, 0x25, 0xc1, 0x00, 
	0x63, 0x1c, 0xf5, 0x00, 0x13, 0x85, 0x09, 0x00, 
	0x63, 0x86, 0x0b, 0x00, 0x93, 0x8b, 0x8b, 0xff, 
	0x33, 0x85, 0x79, 0x01, 0x93, 0x05, 0x00, 0x00, 
	0x83, 0xa7, 0x0a, 0x00, 0x33, 0x07, 0x45, 0x41, 
	0x33, 0x07, 0xb7, 0x00, 0xb3, 0x87, 0xb7, 0x00, 
	0x23, 0x24, 0x49, 0x01, 0x13, 0x67, 0x17, 0x00, 
	0x23, 0xa0, 0xfa, 0x00, 0x23, 0x22, 0xea, 0x00, 
	0xe3, 0x08, 0x24, 0xdd, 0x93, 0x06, 0xf0, 0x00, 
	0x63, 0xe2, 0x66, 0x05, 0x93, 0x07, 0x10, 0x00, 
	0x23, 0x22, 0xfa, 0x00, 0x03, 0x24, 0x89, 0x00, 
	0x03, 0x27, 0x44, 0x00, 0x13, 0x77, 0xc7, 0xff, 
	0xb3, 0x07, 0x97, 0x40, 0x63, 0x66, 0x97, 0x00, 
	0x13, 0xa7, 0x07, 0x01, 0x63, 0x0e, 0x07, 0x04, 
	0x13, 0x05, 0x0c, 0x00, 0xef, 0x00, 0x40, 0x07, 
	0x6f, 0xf0, 0xdf, 0xa6, 0x33, 0x07, 0xea, 0x40, 
	0x33, 0x07, 0xf7, 0x00, 0x23, 0xa0, 0xea, 0x00, 
	0x6f, 0xf0, 0xdf, 0xf3, 0x03, 0x27, 0x44, 0x00, 
	0x93, 0x07, 0x4b, 0xff, 0x93, 0xf7, 0x87, 0xff, 
	0x13, 0x77, 0x17, 0x00, 0x33, 0x67, 0xf7, 0x00, 
	0x23, 0x22, 0xe4, 0x00, 0x13, 0x06, 0x50, 0x00, 
	0x33, 0x07, 0xf4, 0x00, 0x23, 0x22, 0xc7, 0x00, 
	0x23, 0x24, 0xc7, 0x00, 0xe3, 0xfe, 0xf6, 0xd4, 
	0x93, 0x05, 0x84, 0x00, 0x13, 0x05, 0x0c, 0x00, 
	0xef, 0xf0, 0x8f, 0xf8, 0x6f, 0xf0, 0xdf, 0xd4, 
	0x13, 0xe7, 0x14, 0x00, 0x23, 0x22, 0xe4, 0x00, 
	0xb3, 0x04, 0x94, 0x00, 0x23, 0x24, 0x99, 0x00, 
	0x93, 0xe7, 0x17, 0x00, 0x23, 0xa2, 0xf4, 0x00, 
	0x6f, 0xf0, 0x1f, 0xaa, 0x67, 0x80, 0x00, 0x00, 
	0x67, 0x80, 0x00, 0x00, 0x13, 0x05, 0x00, 0x00, 
	0x67, 0x80, 0x00, 0x00, 0x13, 0x01, 0x01, 0xff, 
	0x23, 0x24, 0x81, 0x00, 0x23, 0x26, 0x11, 0x00, 
	0x13, 0x04, 0x05, 0x00, 0x23, 0x16, 0xb5, 0x00, 
	0x23, 0x17, 0xc5, 0x00, 0x23, 0x20, 0x05, 0x00, 
	0x23, 0x22, 0x05, 0x00, 0x23, 0x24, 0x05, 0x00, 
	0x23, 0x22, 0x05, 0x06, 0x23, 0x28, 0x05, 0x00, 
	0x23, 0x2a, 0x05, 0x00, 0x23, 0x2c, 0x05, 0x00, 
	0x13, 0x06, 0x80, 0x00, 0x93, 0x05, 0x00, 0x00, 
	0x13, 0x05, 0xc5, 0x05, 0xef, 0x00, 0x40, 0x55, 
	0xb7, 0x17, 0x01, 0x00, 0x93, 0x87, 0xc7, 0x2a, 
	0x23, 0x20, 0xf4, 0x02, 0xb7, 0x17, 0x01, 0x00, 
	0x93, 0x87, 0x47, 0x30, 0x23, 0x22, 0xf4, 0x02, 
	0xb7, 0x17, 0x01, 0x00, 0x93, 0x87, 0x87, 0x38, 
	0x23, 0x24, 0xf4, 0x02, 0xb7, 0x17, 0x01, 0x00, 
	0x93, 0x87, 0x07, 0x3e, 0x83, 0x20, 0xc1, 0x00, 
	0x23, 0x2e, 0x84, 0x00, 0x23, 0x26, 0xf4, 0x02, 
	0x03, 0x24, 0x81, 0x00, 0x13, 0x01, 0x01, 0x01, 
	0x67, 0x80, 0x00, 0x00, 0xb7, 0x15, 0x01, 0x00, 
	0x37, 0x25, 0x01, 0x00, 0x13, 0x86, 0x81, 0xd4, 
	0x93, 0x85, 0xc5, 0x4e, 0x13, 0x05, 0x05, 0x00, 
	0x6f, 0x00, 0xc0, 0x22, 0x13, 0x01, 0x01, 0xff, 
	0x83, 0x25, 0x45, 0x00, 0x23, 0x24, 0x81, 0x00, 
	0x23, 0x22, 0x91, 0x00, 0x23, 0x26, 0x11, 0x00, 
	0x13, 0x84, 0x01, 0xda, 0x93, 0x04, 0x05, 0x00, 
	0x63, 0x84, 0x85, 0x00, 0xef, 0x00, 0x00, 0x4f, 
	0x83, 0xa5, 0x84, 0x00, 0x93, 0x07, 0x84, 0x06, 
	0x63, 0x86, 0xf5, 0x00, 0x13, 0x85, 0x04, 0x00, 
	0xef, 0x00, 0xc0, 0x4d, 0x83, 0xa5, 0xc4, 0x00, 
	0x13, 0x04, 0x04, 0x0d, 0x63, 0x8e, 0x85, 0x00, 
	0x03, 0x24, 0x81, 0x00, 0x83, 0x20, 0xc1, 0x00, 
	0x13, 0x85, 0x04, 0x00, 0x83, 0x24, 0x41, 0x00, 
	0x13, 0x01, 0x01, 0x01, 0x6f, 0x00, 0x80, 0x4b, 
	0x83, 0x20, 0xc1, 0x00, 0x03, 0x24, 0x81, 0x00, 
	0x83, 0x24, 0x41, 0x00, 0x13, 0x01, 0x01, 0x01, 
	0x67, 0x80, 0x00, 0x00, 0x13, 0x01, 0x01, 0xff, 
	0x23, 0x24, 0x81, 0x00, 0x13, 0x84, 0x01, 0xda, 
	0xb7, 0x17, 0x01, 0x00, 0x93, 0x87, 0x47, 0xfc, 
	0x13, 0x05, 0x04, 0x00, 0x13, 0x06, 0x00, 0x00, 
	0x93, 0x05, 0x40, 0x00, 0x23, 0x26, 0x11, 0x00, 
	0x23, 0xa8, 0xf1, 0xd6, 0xef, 0xf0, 0x9f, 0xec, 
	0x13, 0x05, 0x84, 0x06, 0x13, 0x06, 0x10, 0x00, 
	0x93, 0x05, 0x90, 0x00, 0xef, 0xf0, 0x9f, 0xeb, 
	0x13, 0x05, 0x04, 0x0d, 0x03, 0x24, 0x81, 0x00, 
	0x83, 0x20, 0xc1, 0x00, 0x13, 0x06, 0x20, 0x00, 
	0x93, 0x05, 0x20, 0x01, 0x13, 0x01, 0x01, 0x01, 
	0x6f, 0xf0, 0xdf, 0xe9, 0x13, 0x05, 0x00, 0x00, 
	0x67, 0x80, 0x00, 0x00, 0x83, 0xa7, 0x01, 0xd7, 
	0x13, 0x01, 0x01, 0xff, 0x23, 0x20, 0x21, 0x01, 
	0x23, 0x26, 0x11, 0x00, 0x23, 0x24, 0x81, 0x00, 
	0x23, 0x22, 0x91, 0x00, 0x13, 0x09, 0x05, 0x00, 
	0x63, 0x94, 0x07, 0x00, 0xef, 0xf0, 0x1f, 0xf8, 
	0x93, 0x84, 0x81, 0xd4, 0x03, 0xa4, 0x84, 0x00, 
	0x83, 0xa7, 0x44, 0x00, 0x93, 0x87, 0xf7, 0xff, 
	0x63, 0xd8, 0x07, 0x02, 0x03, 0xa4, 0x04, 0x00, 
	0x63, 0x10, 0x04, 0x0c, 0x93, 0x05, 0xc0, 0x1a, 
	0x13, 0x05, 0x09, 0x00, 0xef, 0xf0, 0x0f, 0xff, 
	0x13, 0x04, 0x05, 0x00, 0x63, 0x14, 0x05, 0x08, 
	0x23, 0xa0, 0x04, 0x00, 0x93, 0x07, 0xc0, 0x00, 
	0x23, 0x20, 0xf9, 0x00, 0x6f, 0x00, 0x40, 0x05, 
	0x03, 0x17, 0xc4, 0x00, 0x63, 0x14, 0x07, 0x06, 
	0xb7, 0x07, 0xff, 0xff, 0x93, 0x87, 0x17, 0x00, 
	0x23, 0x22, 0x04, 0x06, 0x23, 0x20, 0x04, 0x00, 
	0x23, 0x22, 0x04, 0x00, 0x23, 0x24, 0x04, 0x00, 
	0x23, 0x26, 0xf4, 0x00, 0x23, 0x28, 0x04, 0x00, 
	0x23, 0x2a, 0x04, 0x00, 0x23, 0x2c, 0x04, 0x00, 
	0x13, 0x06, 0x80, 0x00, 0x93, 0x05, 0x00, 0x00, 
	0x13, 0x05, 0xc4, 0x05, 0xef, 0x00, 0x40, 0x38, 
	0x23, 0x28, 0x04, 0x02, 0x23, 0x2a, 0x04, 0x02, 
	0x23, 0x22, 0x04, 0x04, 0x23, 0x24, 0x04, 0x04, 
	0x83, 0x20, 0xc1, 0x00, 0x13, 0x05, 0x04, 0x00, 
	0x03, 0x24, 0x81, 0x00, 0x83, 0x24, 0x41, 0x00, 
	0x03, 0x29, 0x01, 0x00, 0x13, 0x01, 0x01, 0x01, 
	0x67, 0x80, 0x00, 0x00, 0x13, 0x04, 0x84, 0x06, 
	0x6f, 0xf0, 0xdf, 0xf5, 0x93, 0x07, 0x40, 0x00, 
	0x23, 0x20, 0x05, 0x00, 0x23, 0x22, 0xf5, 0x00, 
	0x13, 0x05, 0xc5, 0x00, 0x23, 0x24, 0xa4, 0x00, 
	0x13, 0x06, 0x00, 0x1a, 0x93, 0x05, 0x00, 0x00, 
	0xef, 0x00, 0x00, 0x33, 0x23, 0xa0, 0x84, 0x00, 
	0x93, 0x04, 0x04, 0x00, 0x6f, 0xf0, 0x9f, 0xf2, 
	0x83, 0x27, 0x45, 0x03, 0x63, 0x9e, 0x07, 0x00, 
	0xb7, 0x17, 0x01, 0x00, 0x93, 0x87, 0xc7, 0xfd, 
	0x23, 0x2a, 0xf5, 0x02, 0x83, 0xa7, 0x01, 0xd7, 
	0x63, 0x94, 0x07, 0x00, 0x6f, 0xf0, 0x1f, 0xe8, 
	0x67, 0x80, 0x00, 0x00, 0x67, 0x80, 0x00, 0x00, 
	0x67, 0x80, 0x00, 0x00, 0xb7, 0x15, 0x01, 0x00, 
	0x13, 0x86, 0x81, 0xd4, 0x93, 0x85, 0x45, 0xf3, 
	0x13, 0x05, 0x00, 0x00, 0x6f, 0x00, 0x80, 0x01, 
	0xb7, 0x15, 0x01, 0x00, 0x13, 0x86, 0x81, 0xd4, 
	0x93, 0x85, 0x45, 0x0a, 0x13, 0x05, 0x00, 0x00, 
	0x6f, 0x00, 0x40, 0x00, 0x13, 0x01, 0x01, 0xfd, 
	0x23, 0x24, 0x81, 0x02, 0x23, 0x20, 0x21, 0x03, 
	0x23, 0x2e, 0x31, 0x01, 0x23, 0x2c, 0x41, 0x01, 
	0x23, 0x2a, 0x51, 0x01, 0x23, 0x26, 0x11, 0x02, 
	0x23, 0x22, 0x91, 0x02, 0x13, 0x0a, 0x05, 0x00, 
	0x93, 0x8a, 0x05, 0x00, 0x13, 0x04, 0x00, 0x00, 
	0x13, 0x09, 0x10, 0x00, 0x93, 0x09, 0xf0, 0xff, 
	0x83, 0x25, 0x86, 0x00, 0x83, 0x24, 0x46, 0x00, 
	0x93, 0x84, 0xf4, 0xff, 0x63, 0xda, 0x04, 0x02, 
	0x03, 0x26, 0x06, 0x00, 0xe3, 0x16, 0x06, 0xfe, 
	0x83, 0x20, 0xc1, 0x02, 0x13, 0x05, 0x04, 0x00, 
	0x03, 0x24, 0x81, 0x02, 0x83, 0x24, 0x41, 0x02, 
	0x03, 0x29, 0x01, 0x02, 0x83, 0x29, 0xc1, 0x01, 
	0x03, 0x2a, 0x81, 0x01, 0x83, 0x2a, 0x41, 0x01, 
	0x13, 0x01, 0x01, 0x03, 0x67, 0x80, 0x00, 0x00, 
	0x83, 0xd7, 0xc5, 0x00, 0x63, 0x74, 0xf9, 0x02, 
	0x83, 0x97, 0xe5, 0x00, 0x63, 0x80, 0x37, 0x03, 
	0x13, 0x05, 0x0a, 0x00, 0x23, 0x26, 0xc1, 0x00, 
	0x23, 0x24, 0xb1, 0x00, 0xe7, 0x80, 0x0a, 0x00, 
	0x03, 0x26, 0xc1, 0x00, 0x83, 0x25, 0x81, 0x00, 
	0x33, 0x64, 0xa4, 0x00, 0x93, 0x85, 0x85, 0x06, 
	0x6f, 0xf0, 0x9f, 0xf9, 0x13, 0x01, 0x01, 0xff, 
	0x23, 0x24, 0x81, 0x00, 0x13, 0x84, 0x05, 0x00, 
	0x83, 0x95, 0xe5, 0x00, 0x23, 0x26, 0x11, 0x00, 
	0xef, 0x00, 0x80, 0x17, 0x63, 0x40, 0x05, 0x02, 
	0x83, 0x27, 0x04, 0x05, 0xb3, 0x87, 0xa7, 0x00, 
	0x23, 0x28, 0xf4, 0x04, 0x83, 0x20, 0xc1, 0x00, 
	0x03, 0x24, 0x81, 0x00, 0x13, 0x01, 0x01, 0x01, 
	0x67, 0x80, 0x00, 0x00, 0x83, 0x57, 0xc4, 0x00, 
	0x37, 0xf7, 0xff, 0xff, 0x13, 0x07, 0xf7, 0xff, 
	0xb3, 0xf7, 0xe7, 0x00, 0x23, 0x16, 0xf4, 0x00, 
	0x6f, 0xf0, 0xdf, 0xfd, 0x13, 0x05, 0x00, 0x00, 
	0x67, 0x80, 0x00, 0x00, 0x83, 0xd7, 0xc5, 0x00, 
	0x13, 0x01, 0x01, 0xfe, 0x23, 0x2c, 0x81, 0x00, 
	0x23, 0x2a, 0x91, 0x00, 0x23, 0x28, 0x21, 0x01, 
	0x23, 0x26, 0x31, 0x01, 0x23, 0x2e, 0x11, 0x00, 
	0x93, 0xf7, 0x07, 0x10, 0x93, 0x04, 0x05, 0x00, 
	0x13, 0x84, 0x05, 0x00, 0x13, 0x09, 0x06, 0x00, 
	0x93, 0x89, 0x06, 0x00, 0x63, 0x8a, 0x07, 0x00, 
	0x83, 0x95, 0xe5, 0x00, 0x93, 0x06, 0x20, 0x00, 
	0x13, 0x06, 0x00, 0x00, 0xef, 0x00, 0x40, 0x0a, 
	0x83, 0x57, 0xc4, 0x00, 0x37, 0xf7, 0xff, 0xff, 
	0x13, 0x07, 0xf7, 0xff, 0xb3, 0xf7, 0xe7, 0x00, 
	0x83, 0x15, 0xe4, 0x00, 0x23, 0x16, 0xf4, 0x00, 
	0x03, 0x24, 0x81, 0x01, 0x83, 0x20, 0xc1, 0x01, 
	0x93, 0x86, 0x09, 0x00, 0x13, 0x06, 0x09, 0x00, 
	0x83, 0x29, 0xc1, 0x00, 0x03, 0x29, 0x01, 0x01, 
	0x13, 0x85, 0x04, 0x00, 0x83, 0x24, 0x41, 0x01, 
	0x13, 0x01, 0x01, 0x02, 0x6f, 0xf0, 0xcf, 0x9a, 
	0x13, 0x01, 0x01, 0xff, 0x23, 0x24, 0x81, 0x00, 
	0x13, 0x84, 0x05, 0x00, 0x83, 0x95, 0xe5, 0x00, 
	0x23, 0x26, 0x11, 0x00, 0xef, 0x00, 0xc0, 0x04, 
	0x13, 0x07, 0xf0, 0xff, 0x83, 0x17, 0xc4, 0x00, 
	0x63, 0x12, 0xe5, 0x02, 0x13, 0x07, 0x05, 0x80, 
	0x13, 0x07, 0x07, 0x80, 0xb3, 0xf7, 0xe7, 0x00, 
	0x23, 0x16, 0xf4, 0x00, 0x83, 0x20, 0xc1, 0x00, 
	0x03, 0x24, 0x81, 0x00, 0x13, 0x01, 0x01, 0x01, 
	0x67, 0x80, 0x00, 0x00, 0x37, 0x17, 0x00, 0x00, 
	0xb3, 0xe7, 0xe7, 0x00, 0x23, 0x16, 0xf4, 0x00, 
	0x23, 0x28, 0xa4, 0x04, 0x6f, 0xf0, 0x1f, 0xfe, 
	0x83, 0x95, 0xe5, 0x00, 0x6f, 0xe0, 0x5f, 0xfc, 
	0x13, 0x01, 0x01, 0xff, 0x23, 0x24, 0x81, 0x00, 
	0x23, 0x22, 0x91, 0x00, 0x93, 0x04, 0x05, 0x00, 
	0x13, 0x85, 0x05, 0x00, 0x93, 0x05, 0x06, 0x00, 
	0x13, 0x86, 0x06, 0x00, 0x23, 0x26, 0x11, 0x00, 
	0x23, 0xa0, 0x01, 0xd6, 0xef, 0x00, 0x00, 0x47, 
	0x93, 0x07, 0xf0, 0xff, 0x63, 0x18, 0xf5, 0x00, 
	0x83, 0xa7, 0x01, 0xd6, 0x63, 0x84, 0x07, 0x00, 
	0x23, 0xa0, 0xf4, 0x00, 0x83, 0x20, 0xc1, 0x00, 
	0x03, 0x24, 0x81, 0x00, 0x83, 0x24, 0x41, 0x00, 
	0x13, 0x01, 0x01, 0x01, 0x67, 0x80, 0x00, 0x00, 
	0x13, 0x01, 0x01, 0xff, 0x23, 0x24, 0x81, 0x00, 
	0x23, 0x22, 0x91, 0x00, 0x93, 0x04, 0x05, 0x00, 
	0x13, 0x85, 0x05, 0x00, 0x93, 0x05, 0x06, 0x00, 
	0x13, 0x86, 0x06, 0x00, 0x23, 0x26, 0x11, 0x00, 
	0x23, 0xa0, 0x01, 0xd6, 0xef, 0x00, 0x00, 0x46, 
	0x93, 0x07, 0xf0, 0xff, 0x63, 0x18, 0xf5, 0x00, 
	0x83, 0xa7, 0x01, 0xd6, 0x63, 0x84, 0x07, 0x00, 
	0x23, 0xa0, 0xf4, 0x00, 0x83, 0x20, 0xc1, 0x00, 
	0x03, 0x24, 0x81, 0x00, 0x83, 0x24, 0x41, 0x00, 
	0x13, 0x01, 0x01, 0x01, 0x67, 0x80, 0x00, 0x00, 
	0x13, 0x01, 0x01, 0xff, 0x23, 0x24, 0x81, 0x00, 
	0x23, 0x22, 0x91, 0x00, 0x93, 0x04, 0x05, 0x00, 
	0x13, 0x85, 0x05, 0x00, 0x23, 0x26, 0x11, 0x00, 
	0x23, 0xa0, 0x01, 0xd6, 0xef, 0x00, 0x80, 0x45, 
	0x93, 0x07, 0xf0, 0xff, 0x63, 0x18, 0xf5, 0x00, 
	0x83, 0xa7, 0x01, 0xd6, 0x63, 0x84, 0x07, 0x00, 
	0x23, 0xa0, 0xf4, 0x00, 0x83, 0x20, 0xc1, 0x00, 
	0x03, 0x24, 0x81, 0x00, 0x83, 0x24, 0x41, 0x00, 
	0x13, 0x01, 0x01, 0x01, 0x67, 0x80, 0x00, 0x00, 
	0x13, 0x03, 0x05, 0x00, 0x63, 0x0a, 0x06, 0x00, 
	0x23, 0x00, 0xb3, 0x00, 0x13, 0x06, 0xf6, 0xff, 
	0x13, 0x03, 0x13, 0x00, 0xe3, 0x1a, 0x06, 0xfe, 
	0x67, 0x80, 0x00, 0x00, 0x13, 0x01, 0x01, 0xff, 
	0x23, 0x26, 0x11, 0x00, 0x23, 0x24, 0x81, 0x00, 
	0x23, 0x22, 0x91, 0x00, 0x23, 0x20, 0x21, 0x01, 
	0x63, 0x92, 0x05, 0x02, 0x13, 0x09, 0x00, 0x00, 
	0x83, 0x20, 0xc1, 0x00, 0x03, 0x24, 0x81, 0x00, 
	0x83, 0x24, 0x41, 0x00, 0x13, 0x05, 0x09, 0x00, 
	0x03, 0x29, 0x01, 0x00, 0x13, 0x01, 0x01, 0x01, 
	0x67, 0x80, 0x00, 0x00, 0x93, 0x04, 0x05, 0x00, 
	0x13, 0x84, 0x05, 0x00, 0x63, 0x08, 0x05, 0x00, 
	0x83, 0x27, 0x45, 0x03, 0x63, 0x94, 0x07, 0x00, 
	0xef, 0xf0, 0x9f, 0xc7, 0x83, 0x17, 0xc4, 0x00, 
	0xe3, 0x82, 0x07, 0xfc, 0x93, 0x05, 0x04, 0x00, 
	0x13, 0x85, 0x04, 0x00, 0xef, 0x00, 0x80, 0x08, 
	0x83, 0x27, 0xc4, 0x02, 0x13, 0x09, 0x05, 0x00, 
	0x63, 0x8c, 0x07, 0x00, 0x83, 0x25, 0xc4, 0x01, 
	0x13, 0x85, 0x04, 0x00, 0xe7, 0x80, 0x07, 0x00, 
	0x63, 0x54, 0x05, 0x00, 0x13, 0x09, 0xf0, 0xff, 
	0x83, 0x57, 0xc4, 0x00, 0x93, 0xf7, 0x07, 0x08, 
	0x63, 0x88, 0x07, 0x00, 0x83, 0x25, 0x04, 0x01, 
	0x13, 0x85, 0x04, 0x00, 0xef, 0xf0, 0xcf, 0x90, 
	0x83, 0x25, 0x04, 0x03, 0x63, 0x8c, 0x05, 0x00, 
	0x93, 0x07, 0x04, 0x04, 0x63, 0x86, 0xf5, 0x00, 
	0x13, 0x85, 0x04, 0x00, 0xef, 0xf0, 0x4f, 0x8f, 
	0x23, 0x28, 0x04, 0x02, 0x83, 0x25, 0x44, 0x04, 
	0x63, 0x88, 0x05, 0x00, 0x13, 0x85, 0x04, 0x00, 
	0xef, 0xf0, 0x0f, 0x8e, 0x23, 0x22, 0x04, 0x04, 
	0xef, 0xf0, 0xdf, 0xc1, 0x23, 0x16, 0x04, 0x00, 
	0xef, 0xf0, 0x9f, 0xc1, 0x6f, 0xf0, 0x5f, 0xf4, 
	0x93, 0x05, 0x05, 0x00, 0x03, 0xa5, 0x41, 0xd5, 
	0x6f, 0xf0, 0xdf, 0xf1, 0x83, 0x97, 0xc5, 0x00, 
	0x13, 0x01, 0x01, 0xfe, 0x23, 0x2c, 0x81, 0x00, 
	0x23, 0x2a, 0x91, 0x00, 0x23, 0x2e, 0x11, 0x00, 
	0x23, 0x28, 0x21, 0x01, 0x13, 0xf7, 0x87, 0x00, 
	0x93, 0x04, 0x05, 0x00, 0x13, 0x84, 0x05, 0x00, 
	0x63, 0x12, 0x07, 0x14, 0x37, 0x17, 0x00, 0x00, 
	0x13, 0x07, 0x07, 0x80, 0x33, 0xe7, 0xe7, 0x00, 
	0x23, 0x96, 0xe5, 0x00, 0x03, 0xa7, 0x45, 0x00, 
	0x63, 0x46, 0xe0, 0x00, 0x03, 0xa7, 0xc5, 0x03, 
	0x63, 0x5e, 0xe0, 0x10, 0x03, 0x27, 0x84, 0x02, 
	0x63, 0x0a, 0x07, 0x10, 0x03, 0xa9, 0x04, 0x00, 
	0x93, 0x96, 0x37, 0x01, 0x23, 0xa0, 0x04, 0x00, 
	0x63, 0xd4, 0x06, 0x0c, 0x03, 0x26, 0x04, 0x05, 
	0x83, 0x57, 0xc4, 0x00, 0x93, 0xf7, 0x47, 0x00, 
	0x63, 0x8e, 0x07, 0x00, 0x83, 0x27, 0x44, 0x00, 
	0x33, 0x06, 0xf6, 0x40, 0x83, 0x27, 0x04, 0x03, 
	0x63, 0x86, 0x07, 0x00, 0x83, 0x27, 0xc4, 0x03, 
	0x33, 0x06, 0xf6, 0x40, 0x83, 0x27, 0x84, 0x02, 
	0x83, 0x25, 0xc4, 0x01, 0x93, 0x06, 0x00, 0x00, 
	0x13, 0x85, 0x04, 0x00, 0xe7, 0x80, 0x07, 0x00, 
	0x13, 0x07, 0xf0, 0xff, 0x83, 0x17, 0xc4, 0x00, 
	0x63, 0x12, 0xe5, 0x02, 0x83, 0xa6, 0x04, 0x00, 
	0x13, 0x07, 0xd0, 0x01, 0x63, 0x64, 0xd7, 0x10, 
	0x37, 0x07, 0x40, 0x20, 0x13, 0x07, 0x17, 0x00, 
	0x33, 0x57, 0xd7, 0x00, 0x13, 0x77, 0x17, 0x00, 
	0x63, 0x0a, 0x07, 0x0e, 0x37, 0xf7, 0xff, 0xff, 
	0x13, 0x07, 0xf7, 0x7f, 0x33, 0xf7, 0xe7, 0x00, 
	0x23, 0x16, 0xe4, 0x00, 0x03, 0x27, 0x04, 0x01, 
	0x23, 0x22, 0x04, 0x00, 0x23, 0x20, 0xe4, 0x00, 
	0x13, 0x97, 0x37, 0x01, 0x63, 0x5c, 0x07, 0x00, 
	0x93, 0x07, 0xf0, 0xff, 0x63, 0x16, 0xf5, 0x00, 
	0x83, 0xa7, 0x04, 0x00, 0x63, 0x94, 0x07, 0x00, 
	0x23, 0x28, 0xa4, 0x04, 0x83, 0x25, 0x04, 0x03, 
	0x23, 0xa0, 0x24, 0x01, 0x63, 0x8c, 0x05, 0x04, 
	0x93, 0x07, 0x04, 0x04, 0x63, 0x86, 0xf5, 0x00, 
	0x13, 0x85, 0x04, 0x00, 0xef, 0xe0, 0x5f, 0xfa, 
	0x23, 0x28, 0x04, 0x02, 0x6f, 0x00, 0x00, 0x04, 
	0x83, 0x25, 0xc4, 0x01, 0x13, 0x06, 0x00, 0x00, 
	0x93, 0x06, 0x10, 0x00, 0x13, 0x85, 0x04, 0x00, 
	0xe7, 0x00, 0x07, 0x00, 0x93, 0x07, 0xf0, 0xff, 
	0x13, 0x06, 0x05, 0x00, 0xe3, 0x12, 0xf5, 0xf2, 
	0x83, 0xa7, 0x04, 0x00, 0xe3, 0x8e, 0x07, 0xf0, 
	0x13, 0x87, 0x37, 0xfe, 0x63, 0x06, 0x07, 0x00, 
	0x93, 0x87, 0xa7, 0xfe, 0x63, 0x9e, 0x07, 0x04, 
	0x23, 0xa0, 0x24, 0x01, 0x13, 0x05, 0x00, 0x00, 
	0x6f, 0x00, 0x00, 0x06, 0x03, 0xa6, 0x05, 0x01, 
	0xe3, 0x0a, 0x06, 0xfe, 0x83, 0xa6, 0x05, 0x00, 
	0x93, 0xf7, 0x37, 0x00, 0x23, 0xa0, 0xc5, 0x00, 
	0x33, 0x89, 0xc6, 0x40, 0x13, 0x07, 0x00, 0x00, 
	0x63, 0x94, 0x07, 0x00, 0x03, 0xa7, 0x45, 0x01, 
	0x23, 0x24, 0xe4, 0x00, 0xe3, 0x58, 0x20, 0xfd, 
	0x83, 0x27, 0x44, 0x02, 0x83, 0x25, 0xc4, 0x01, 
	0x93, 0x06, 0x09, 0x00, 0x13, 0x85, 0x04, 0x00, 
	0x23, 0x26, 0xc1, 0x00, 0xe7, 0x80, 0x07, 0x00, 
	0x03, 0x26, 0xc1, 0x00, 0x63, 0x46, 0xa0, 0x02, 
	0x83, 0x57, 0xc4, 0x00, 0x93, 0xe7, 0x07, 0x04, 
	0x23, 0x16, 0xf4, 0x00, 0x13, 0x05, 0xf0, 0xff, 
	0x83, 0x20, 0xc1, 0x01, 0x03, 0x24, 0x81, 0x01, 
	0x83, 0x24, 0x41, 0x01, 0x03, 0x29, 0x01, 0x01, 
	0x13, 0x01, 0x01, 0x02, 0x67, 0x80, 0x00, 0x00, 
	0x33, 0x06, 0xa6, 0x00, 0x33, 0x09, 0xa9, 0x40, 
	0x6f, 0xf0, 0xdf, 0xfa, 0x13, 0x01, 0x01, 0xfe, 
	0x23, 0x2c, 0x81, 0x00, 0x23, 0x2e, 0x11, 0x00, 
	0x13, 0x04, 0x05, 0x00, 0x63, 0x0c, 0x05, 0x00, 
	0x83, 0x27, 0x45, 0x03, 0x63, 0x98, 0x07, 0x00, 
	0x23, 0x26, 0xb1, 0x00, 0xef, 0xf0, 0x5f, 0x9d, 
	0x83, 0x25, 0xc1, 0x00, 0x83, 0x97, 0xc5, 0x00, 
	0x63, 0x8c, 0x07, 0x00, 0x13, 0x05, 0x04, 0x00, 
	0x03, 0x24, 0x81, 0x01, 0x83, 0x20, 0xc1, 0x01, 
	0x13, 0x01, 0x01, 0x02, 0x6f, 0xf0, 0x9f, 0xdd, 
	0x83, 0x20, 0xc1, 0x01, 0x03, 0x24, 0x81, 0x01, 
	0x13, 0x05, 0x00, 0x00, 0x13, 0x01, 0x01, 0x02, 
	0x67, 0x80, 0x00, 0x00, 0x93, 0x05, 0x05, 0x00, 
	0x63, 0x1e, 0x05, 0x00, 0xb7, 0x15, 0x01, 0x00, 
	0x37, 0x25, 0x01, 0x00, 0x13, 0x86, 0x81, 0xd4, 
	0x93, 0x85, 0xc5, 0x7b, 0x13, 0x05, 0x05, 0x00, 
	0x6f, 0xf0, 0x5f, 0x9d, 0x03, 0xa5, 0x41, 0xd5, 
	0x6f, 0xf0, 0x5f, 0xf8, 0x13, 0x01, 0x01, 0xff, 
	0x23, 0x26, 0x11, 0x00, 0x23, 0x24, 0x81, 0x00, 
	0x93, 0x08, 0x90, 0x03, 0x73, 0x00, 0x00, 0x00, 
	0x13, 0x04, 0x05, 0x00, 0x63, 0x5a, 0x05, 0x00, 
	0x33, 0x04, 0x80, 0x40, 0xef, 0x00, 0x80, 0x14, 
	0x23, 0x20, 0x85, 0x00, 0x13, 0x04, 0xf0, 0xff, 
	0x83, 0x20, 0xc1, 0x00, 0x13, 0x05, 0x04, 0x00, 
	0x03, 0x24, 0x81, 0x00, 0x13, 0x01, 0x01, 0x01, 
	0x67, 0x80, 0x00, 0x00, 0x13, 0x01, 0x01, 0xff, 
	0x23, 0x26, 0x11, 0x00, 0x23, 0x24, 0x81, 0x00, 
	0x93, 0x08, 0xe0, 0x03, 0x73, 0x00, 0x00, 0x00, 
	0x13, 0x04, 0x05, 0x00, 0x63, 0x5a, 0x05, 0x00, 
	0x33, 0x04, 0x80, 0x40, 0xef, 0x00, 0x80, 0x10, 
	0x23, 0x20, 0x85, 0x00, 0x13, 0x04, 0xf0, 0xff, 
	0x83, 0x20, 0xc1, 0x00, 0x13, 0x05, 0x04, 0x00, 
	0x03, 0x24, 0x81, 0x00, 0x13, 0x01, 0x01, 0x01, 
	0x67, 0x80, 0x00, 0x00, 0x13, 0x01, 0x01, 0xff, 
	0x23, 0x26, 0x11, 0x00, 0x23, 0x24, 0x81, 0x00, 
	0x93, 0x08, 0xf0, 0x03, 0x73, 0x00, 0x00, 0x00, 
	0x13, 0x04, 0x05, 0x00, 0x63, 0x5a, 0x05, 0x00, 
	0x33, 0x04, 0x80, 0x40, 0xef, 0x00, 0x80, 0x0c, 
	0x23, 0x20, 0x85, 0x00, 0x13, 0x04, 0xf0, 0xff, 
	0x83, 0x20, 0xc1, 0x00, 0x13, 0x05, 0x04, 0x00, 
	0x03, 0x24, 0x81, 0x00, 0x13, 0x01, 0x01, 0x01, 
	0x67, 0x80, 0x00, 0x00, 0x93, 0x06, 0x05, 0x00, 
	0x03, 0xa5, 0x41, 0xd7, 0x13, 0x01, 0x01, 0xff, 
	0x23, 0x26, 0x11, 0x00, 0x63, 0x1a, 0x05, 0x02, 
	0x93, 0x08, 0x60, 0x0d, 0x73, 0x00, 0x00, 0x00, 
	0x93, 0x07, 0xf0, 0xff, 0x63, 0x10, 0xf5, 0x02, 
	0xef, 0x00, 0x40, 0x08, 0x93, 0x07, 0xc0, 0x00, 
	0x23, 0x20, 0xf5, 0x00, 0x13, 0x05, 0xf0, 0xff, 
	0x83, 0x20, 0xc1, 0x00, 0x13, 0x01, 0x01, 0x01, 
	0x67, 0x80, 0x00, 0x00, 0x23, 0xaa, 0xa1, 0xd6, 
	0x93, 0x08, 0x60, 0x0d, 0x33, 0x85, 0xa6, 0x00, 
	0x73, 0x00, 0x00, 0x00, 0x83, 0xa7, 0x41, 0xd7, 
	0xb3, 0x86, 0xf6, 0x00, 0xe3, 0x16, 0xd5, 0xfc, 
	0x23, 0xaa, 0xa1, 0xd6, 0x13, 0x85, 0x07, 0x00, 
	0x6f, 0xf0, 0x1f, 0xfd, 0x13, 0x01, 0x01, 0xff, 
	0x23, 0x26, 0x11, 0x00, 0x23, 0x24, 0x81, 0x00, 
	0x93, 0x08, 0x00, 0x04, 0x73, 0x00, 0x00, 0x00, 
	0x13, 0x04, 0x05, 0x00, 0x63, 0x5a, 0x05, 0x00, 
	0x33, 0x04, 0x80, 0x40, 0xef, 0x00, 0x00, 0x02, 
	0x23, 0x20, 0x85, 0x00, 0x13, 0x04, 0xf0, 0xff, 
	0x83, 0x20, 0xc1, 0x00, 0x13, 0x05, 0x04, 0x00, 
	0x03, 0x24, 0x81, 0x00, 0x13, 0x01, 0x01, 0x01, 
	0x67, 0x80, 0x00, 0x00, 0x03, 0xa5, 0x41, 0xd5, 
	0x67, 0x80, 0x00, 0x00, 0x2f, 0x64, 0x65, 0x76, 
	0x2f, 0x63, 0x6f, 0x6e, 0x73, 0x6f, 0x6c, 0x65, 
	0x00, 0x00, 0x00, 0x00, 0x48, 0x65, 0x6c, 0x6c, 
	0x6f, 0x2c, 0x20, 0x48, 0x61, 0x6d, 0x73, 0x74, 
	0x65, 0x72, 0x20, 0x4f, 0x53, 0x21, 0x0a, 0x00, 
	0x00, 0x00, 0x00, 0x00, 0x00, 0x00, 0x00, 0x00, 
	0x00, 0x00, 0x00, 0x00, 0x00, 0x00, 0x00, 0x00, 
	0x00, 0x00, 0x00, 0x00, 0x00, 0x00, 0x00, 0x00, 
	0x00, 0x00, 0x00, 0x00, 0x00, 0x00, 0x00, 0x00, 
	0x00, 0x00, 0x00, 0x00, 0x00, 0x00, 0x00, 0x00, 
	0x00, 0x00, 0x00, 0x00, 0x00, 0x00, 0x00, 0x00, 
	0x00, 0x00, 0x00, 0x00, 0x00, 0x00, 0x00, 0x00, 
	0x00, 0x00, 0x00, 0x00, 0x00, 0x00, 0x00, 0x00, 
	0x00, 0x00, 0x00, 0x00, 0x00, 0x00, 0x00, 0x00, 
	0x00, 0x00, 0x00, 0x00, 0x00, 0x00, 0x00, 0x00, 
	0x00, 0x00, 0x00, 0x00, 0x00, 0x00, 0x00, 0x00, 
	0x00, 0x00, 0x00, 0x00, 0x00, 0x00, 0x00, 0x00, 
	0x00, 0x00, 0x00, 0x00, 0x00, 0x00, 0x00, 0x00, 
	0x00, 0x00, 0x00, 0x00, 0x00, 0x00, 0x00, 0x00, 
	0x00, 0x00, 0x00, 0x00, 0x00, 0x00, 0x00, 0x00, 
	0x00, 0x00, 0x00, 0x00, 0x00, 0x00, 0x00, 0x00, 
	0x00, 0x00, 0x00, 0x00, 0x00, 0x00, 0x00, 0x00, 
	0x00, 0x00, 0x00, 0x00, 0x00, 0x00, 0x00, 0x00, 
	0x00, 0x00, 0x00, 0x00, 0x00, 0x00, 0x00, 0x00, 
	0x00, 0x00, 0x00, 0x00, 0x00, 0x00, 0x00, 0x00, 
	0x00, 0x00, 0x00, 0x00, 0x00, 0x00, 0x00, 0x00, 
	0x00, 0x00, 0x00, 0x00, 0x00, 0x00, 0x00, 0x00, 
	0x00, 0x00, 0x00, 0x00, 0x00, 0x00, 0x00, 0x00, 
	0x00, 0x00, 0x00, 0x00, 0x00, 0x00, 0x00, 0x00, 
	0x00, 0x00, 0x00, 0x00, 0x00, 0x00, 0x00, 0x00, 
	0x00, 0x00, 0x00, 0x00, 0x00, 0x00, 0x00, 0x00, 
	0x00, 0x00, 0x00, 0x00, 0x00, 0x00, 0x00, 0x00, 
	0x00, 0x00, 0x00, 0x00, 0x00, 0x00, 0x00, 0x00, 
	0x00, 0x00, 0x00, 0x00, 0x00, 0x00, 0x00, 0x00, 
	0x00, 0x00, 0x00, 0x00, 0x00, 0x00, 0x00, 0x00, 
	0x00, 0x00, 0x00, 0x00, 0x00, 0x00, 0x00, 0x00, 
	0x00, 0x00, 0x00, 0x00, 0x00, 0x00, 0x00, 0x00, 
	0x00, 0x00, 0x00, 0x00, 0x00, 0x00, 0x00, 0x00, 
	0x00, 0x00, 0x00, 0x00, 0x00, 0x00, 0x00, 0x00, 
	0x00, 0x00, 0x00, 0x00, 0x00, 0x00, 0x00, 0x00, 
	0x00, 0x00, 0x00, 0x00, 0x00, 0x00, 0x00, 0x00, 
	0x00, 0x00, 0x00, 0x00, 0x00, 0x00, 0x00, 0x00, 
	0x00, 0x00, 0x00, 0x00, 0x00, 0x00, 0x00, 0x00, 
	0x00, 0x00, 0x00, 0x00, 0x00, 0x00, 0x00, 0x00, 
	0x00, 0x00, 0x00, 0x00, 0x00, 0x00, 0x00, 0x00, 
	0x00, 0x00, 0x00, 0x00, 0x00, 0x00, 0x00, 0x00, 
	0x00, 0x00, 0x00, 0x00, 0x00, 0x00, 0x00, 0x00, 
	0x00, 0x00, 0x00, 0x00, 0x00, 0x00, 0x00, 0x00, 
	0x00, 0x00, 0x00, 0x00, 0x00, 0x00, 0x00, 0x00, 
	0x00, 0x00, 0x00, 0x00, 0x00, 0x00, 0x00, 0x00, 
	0x00, 0x00, 0x00, 0x00, 0x00, 0x00, 0x00, 0x00, 
	0x00, 0x00, 0x00, 0x00, 0x00, 0x00, 0x00, 0x00, 
	0x00, 0x00, 0x00, 0x00, 0x00, 0x00, 0x00, 0x00, 
	0x00, 0x00, 0x00, 0x00, 0x00, 0x00, 0x00, 0x00, 
	0x00, 0x00, 0x00, 0x00, 0x00, 0x00, 0x00, 0x00, 
	0x00, 0x00, 0x00, 0x00, 0x00, 0x00, 0x00, 0x00, 
	0x00, 0x00, 0x00, 0x00, 0x00, 0x00, 0x00, 0x00, 
	0x00, 0x00, 0x00, 0x00, 0x00, 0x00, 0x00, 0x00, 
	0x00, 0x00, 0x00, 0x00, 0x00, 0x00, 0x00, 0x00, 
	0x00, 0x00, 0x00, 0x00, 0x00, 0x00, 0x00, 0x00, 
	0x00, 0x00, 0x00, 0x00, 0x00, 0x00, 0x00, 0x00, 
	0x00, 0x00, 0x00, 0x00, 0x00, 0x00, 0x00, 0x00, 
	0x00, 0x00, 0x00, 0x00, 0x00, 0x00, 0x00, 0x00, 
	0x00, 0x00, 0x00, 0x00, 0x00, 0x00, 0x00, 0x00, 
	0x00, 0x00, 0x00, 0x00, 0x00, 0x00, 0x00, 0x00, 
	0x00, 0x00, 0x00, 0x00, 0x00, 0x00, 0x00, 0x00, 
	0x00, 0x00, 0x00, 0x00, 0x00, 0x00, 0x00, 0x00, 
	0x00, 0x00, 0x00, 0x00, 0x00, 0x00, 0x00, 0x00, 
	0x00, 0x00, 0x00, 0x00, 0x00, 0x00, 0x00, 0x00, 
	0x00, 0x00, 0x00, 0x00, 0x00, 0x00, 0x00, 0x00, 
	0x00, 0x00, 0x00, 0x00, 0x00, 0x00, 0x00, 0x00, 
	0x00, 0x00, 0x00, 0x00, 0x00, 0x00, 0x00, 0x00, 
	0x00, 0x00, 0x00, 0x00, 0x00, 0x00, 0x00, 0x00, 
	0x00, 0x00, 0x00, 0x00, 0x00, 0x00, 0x00, 0x00, 
	0x00, 0x00, 0x00, 0x00, 0x00, 0x00, 0x00, 0x00, 
	0x00, 0x00, 0x00, 0x00, 0x00, 0x00, 0x00, 0x00, 
	0x00, 0x00, 0x00, 0x00, 0x00, 0x00, 0x00, 0x00, 
	0x00, 0x00, 0x00, 0x00, 0x00, 0x00, 0x00, 0x00, 
	0x00, 0x00, 0x00, 0x00, 0x00, 0x00, 0x00, 0x00, 
	0x00, 0x00, 0x00, 0x00, 0x00, 0x00, 0x00, 0x00, 
	0x00, 0x00, 0x00, 0x00, 0x00, 0x00, 0x00, 0x00, 
	0x00, 0x00, 0x00, 0x00, 0x00, 0x00, 0x00, 0x00, 
	0x00, 0x00, 0x00, 0x00, 0x00, 0x00, 0x00, 0x00, 
	0x00, 0x00, 0x00, 0x00, 0x00, 0x00, 0x00, 0x00, 
	0x00, 0x00, 0x00, 0x00, 0x00, 0x00, 0x00, 0x00, 
	0x00, 0x00, 0x00, 0x00, 0x00, 0x00, 0x00, 0x00, 
	0x00, 0x00, 0x00, 0x00, 0x00, 0x00, 0x00, 0x00, 
	0x00, 0x00, 0x00, 0x00, 0x00, 0x00, 0x00, 0x00, 
	0x00, 0x00, 0x00, 0x00, 0x00, 0x00, 0x00, 0x00, 
	0x00, 0x00, 0x00, 0x00, 0x00, 0x00, 0x00, 0x00, 
	0x00, 0x00, 0x00, 0x00, 0x00, 0x00, 0x00, 0x00, 
	0x00, 0x00, 0x00, 0x00, 0x00, 0x00, 0x00, 0x00, 
	0x00, 0x00, 0x00, 0x00, 0x00, 0x00, 0x00, 0x00, 
	0x00, 0x00, 0x00, 0x00, 0x00, 0x00, 0x00, 0x00, 
	0x00, 0x00, 0x00, 0x00, 0x00, 0x00, 0x00, 0x00, 
	0x00, 0x00, 0x00, 0x00, 0x00, 0x00, 0x00, 0x00, 
	0x00, 0x00, 0x00, 0x00, 0x00, 0x00, 0x00, 0x00, 
	0x00, 0x00, 0x00, 0x00, 0x00, 0x00, 0x00, 0x00, 
	0x00, 0x00, 0x00, 0x00, 0x00, 0x00, 0x00, 0x00, 
	0x00, 0x00, 0x00, 0x00, 0x00, 0x00, 0x00, 0x00, 
	0x00, 0x00, 0x00, 0x00, 0x00, 0x00, 0x00, 0x00, 
	0x00, 0x00, 0x00, 0x00, 0x00, 0x00, 0x00, 0x00, 
	0x00, 0x00, 0x00, 0x00, 0x00, 0x00, 0x00, 0x00, 
	0x00, 0x00, 0x00, 0x00, 0x00, 0x00, 0x00, 0x00, 
	0x00, 0x00, 0x00, 0x00, 0x00, 0x00, 0x00, 0x00, 
	0x00, 0x00, 0x00, 0x00, 0x00, 0x00, 0x00, 0x00, 
	0x00, 0x00, 0x00, 0x00, 0x00, 0x00, 0x00, 0x00, 
	0x00, 0x00, 0x00, 0x00, 0x00, 0x00, 0x00, 0x00, 
	0x00, 0x00, 0x00, 0x00, 0x00, 0x00, 0x00, 0x00, 
	0x00, 0x00, 0x00, 0x00, 0x00, 0x00, 0x00, 0x00, 
	0x00, 0x00, 0x00, 0x00, 0x00, 0x00, 0x00, 0x00, 
	0x00, 0x00, 0x00, 0x00, 0x00, 0x00, 0x00, 0x00, 
	0x00, 0x00, 0x00, 0x00, 0x00, 0x00, 0x00, 0x00, 
	0x00, 0x00, 0x00, 0x00, 0x00, 0x00, 0x00, 0x00, 
	0x00, 0x00, 0x00, 0x00, 0x00, 0x00, 0x00, 0x00, 
	0x00, 0x00, 0x00, 0x00, 0x00, 0x00, 0x00, 0x00, 
	0x00, 0x00, 0x00, 0x00, 0x00, 0x00, 0x00, 0x00, 
	0x00, 0x00, 0x00, 0x00, 0x00, 0x00, 0x00, 0x00, 
	0x00, 0x00, 0x00, 0x00, 0x00, 0x00, 0x00, 0x00, 
	0x00, 0x00, 0x00, 0x00, 0x00, 0x00, 0x00, 0x00, 
	0x00, 0x00, 0x00, 0x00, 0x00, 0x00, 0x00, 0x00, 
	0x00, 0x00, 0x00, 0x00, 0x00, 0x00, 0x00, 0x00, 
	0x00, 0x00, 0x00, 0x00, 0x00, 0x00, 0x00, 0x00, 
	0x00, 0x00, 0x00, 0x00, 0x00, 0x00, 0x00, 0x00, 
	0x00, 0x00, 0x00, 0x00, 0x00, 0x00, 0x00, 0x00, 
	0x00, 0x00, 0x00, 0x00, 0x00, 0x00, 0x00, 0x00, 
	0x00, 0x00, 0x00, 0x00, 0x00, 0x00, 0x00, 0x00, 
	0x00, 0x00, 0x00, 0x00, 0x00, 0x00, 0x00, 0x00, 
	0x00, 0x00, 0x00, 0x00, 0x00, 0x00, 0x00, 0x00, 
	0x00, 0x00, 0x00, 0x00, 0x00, 0x00, 0x00, 0x00, 
	0x00, 0x00, 0x00, 0x00, 0x00, 0x00, 0x00, 0x00, 
	0x00, 0x00, 0x00, 0x00, 0x00, 0x00, 0x00, 0x00, 
	0x00, 0x00, 0x00, 0x00, 0x00, 0x00, 0x00, 0x00, 
	0x00, 0x00, 0x00, 0x00, 0x00, 0x00, 0x00, 0x00, 
	0x00, 0x00, 0x00, 0x00, 0x00, 0x00, 0x00, 0x00, 
	0x00, 0x00, 0x00, 0x00, 0x00, 0x00, 0x00, 0x00, 
	0x00, 0x00, 0x00, 0x00, 0x00, 0x00, 0x00, 0x00, 
	0x00, 0x00, 0x00, 0x00, 0x00, 0x00, 0x00, 0x00, 
	0x00, 0x00, 0x00, 0x00, 0x00, 0x00, 0x00, 0x00, 
	0x00, 0x00, 0x00, 0x00, 0x00, 0x00, 0x00, 0x00, 
	0x00, 0x00, 0x00, 0x00, 0x00, 0x00, 0x00, 0x00, 
	0x00, 0x00, 0x00, 0x00, 0x00, 0x00, 0x00, 0x00, 
	0x00, 0x00, 0x00, 0x00, 0x00, 0x00, 0x00, 0x00, 
	0x00, 0x00, 0x00, 0x00, 0x00, 0x00, 0x00, 0x00, 
	0x00, 0x00, 0x00, 0x00, 0x00, 0x00, 0x00, 0x00, 
	0x00, 0x00, 0x00, 0x00, 0x00, 0x00, 0x00, 0x00, 
	0x00, 0x00, 0x00, 0x00, 0x00, 0x00, 0x00, 0x00, 
	0x00, 0x00, 0x00, 0x00, 0x00, 0x00, 0x00, 0x00, 
	0x00, 0x00, 0x00, 0x00, 0x00, 0x00, 0x00, 0x00, 
	0x00, 0x00, 0x00, 0x00, 0x00, 0x00, 0x00, 0x00, 
	0x00, 0x00, 0x00, 0x00, 0x00, 0x00, 0x00, 0x00, 
	0x00, 0x00, 0x00, 0x00, 0x00, 0x00, 0x00, 0x00, 
	0x00, 0x00, 0x00, 0x00, 0x00, 0x00, 0x00, 0x00, 
	0x00, 0x00, 0x00, 0x00, 0x00, 0x00, 0x00, 0x00, 
	0x00, 0x00, 0x00, 0x00, 0x00, 0x00, 0x00, 0x00, 
	0x00, 0x00, 0x00, 0x00, 0x00, 0x00, 0x00, 0x00, 
	0x00, 0x00, 0x00, 0x00, 0x00, 0x00, 0x00, 0x00, 
	0x00, 0x00, 0x00, 0x00, 0x00, 0x00, 0x00, 0x00, 
	0x00, 0x00, 0x00, 0x00, 0x00, 0x00, 0x00, 0x00, 
	0x00, 0x00, 0x00, 0x00, 0x00, 0x00, 0x00, 0x00, 
	0x00, 0x00, 0x00, 0x00, 0x00, 0x00, 0x00, 0x00, 
	0x00, 0x00, 0x00, 0x00, 0x00, 0x00, 0x00, 0x00, 
	0x00, 0x00, 0x00, 0x00, 0x00, 0x00, 0x00, 0x00, 
	0x00, 0x00, 0x00, 0x00, 0x00, 0x00, 0x00, 0x00, 
	0x00, 0x00, 0x00, 0x00, 0x00, 0x00, 0x00, 0x00, 
	0x00, 0x00, 0x00, 0x00, 0x00, 0x00, 0x00, 0x00, 
	0x00, 0x00, 0x00, 0x00, 0x00, 0x00, 0x00, 0x00, 
	0x00, 0x00, 0x00, 0x00, 0x00, 0x00, 0x00, 0x00, 
	0x00, 0x00, 0x00, 0x00, 0x00, 0x00, 0x00, 0x00, 
	0x00, 0x00, 0x00, 0x00, 0x00, 0x00, 0x00, 0x00, 
	0x00, 0x00, 0x00, 0x00, 0x00, 0x00, 0x00, 0x00, 
	0x00, 0x00, 0x00, 0x00, 0x00, 0x00, 0x00, 0x00, 
	0x00, 0x00, 0x00, 0x00, 0x00, 0x00, 0x00, 0x00, 
	0x00, 0x00, 0x00, 0x00, 0x00, 0x00, 0x00, 0x00, 
	0x00, 0x00, 0x00, 0x00, 0x00, 0x00, 0x00, 0x00, 
	0x00, 0x00, 0x00, 0x00, 0x00, 0x00, 0x00, 0x00, 
	0x00, 0x00, 0x00, 0x00, 0x00, 0x00, 0x00, 0x00, 
	0x00, 0x00, 0x00, 0x00, 0x00, 0x00, 0x00, 0x00, 
	0x00, 0x00, 0x00, 0x00, 0x00, 0x00, 0x00, 0x00, 
	0x00, 0x00, 0x00, 0x00, 0x00, 0x00, 0x00, 0x00, 
	0x00, 0x00, 0x00, 0x00, 0x00, 0x00, 0x00, 0x00, 
	0x00, 0x00, 0x00, 0x00, 0x00, 0x00, 0x00, 0x00, 
	0x00, 0x00, 0x00, 0x00, 0x00, 0x00, 0x00, 0x00, 
	0x00, 0x00, 0x00, 0x00, 0x00, 0x00, 0x00, 0x00, 
	0x00, 0x00, 0x00, 0x00, 0x00, 0x00, 0x00, 0x00, 
	0x00, 0x00, 0x00, 0x00, 0x00, 0x00, 0x00, 0x00, 
	0x00, 0x00, 0x00, 0x00, 0x00, 0x00, 0x00, 0x00, 
	0x00, 0x00, 0x00, 0x00, 0x00, 0x00, 0x00, 0x00, 
	0x00, 0x00, 0x00, 0x00, 0x00, 0x00, 0x00, 0x00, 
	0x00, 0x00, 0x00, 0x00, 0x00, 0x00, 0x00, 0x00, 
	0x00, 0x00, 0x00, 0x00, 0x00, 0x00, 0x00, 0x00, 
	0x00, 0x00, 0x00, 0x00, 0x00, 0x00, 0x00, 0x00, 
	0x00, 0x00, 0x00, 0x00, 0x00, 0x00, 0x00, 0x00, 
	0x00, 0x00, 0x00, 0x00, 0x00, 0x00, 0x00, 0x00, 
	0x00, 0x00, 0x00, 0x00, 0x00, 0x00, 0x00, 0x00, 
	0x00, 0x00, 0x00, 0x00, 0x00, 0x00, 0x00, 0x00, 
	0x00, 0x00, 0x00, 0x00, 0x00, 0x00, 0x00, 0x00, 
	0x00, 0x00, 0x00, 0x00, 0x00, 0x00, 0x00, 0x00, 
	0x00, 0x00, 0x00, 0x00, 0x00, 0x00, 0x00, 0x00, 
	0x00, 0x00, 0x00, 0x00, 0x00, 0x00, 0x00, 0x00, 
	0x00, 0x00, 0x00, 0x00, 0x00, 0x00, 0x00, 0x00, 
	0x00, 0x00, 0x00, 0x00, 0x00, 0x00, 0x00, 0x00, 
	0x00, 0x00, 0x00, 0x00, 0x00, 0x00, 0x00, 0x00, 
	0x00, 0x00, 0x00, 0x00, 0xa0, 0x25, 0x01, 0x00, 
	0x08, 0x26, 0x01, 0x00, 0x70, 0x26, 0x01, 0x00, 
	0x00, 0x00, 0x00, 0x00, 0x00, 0x00, 0x00, 0x00, 
	0x00, 0x00, 0x00, 0x00, 0x00, 0x00, 0x00, 0x00, 
	0x00, 0x00, 0x00, 0x00, 0x00, 0x00, 0x00, 0x00, 
	0x00, 0x00, 0x00, 0x00, 0x00, 0x00, 0x00, 0x00, 
	0x00, 0x00, 0x00, 0x00, 0x00, 0x00, 0x00, 0x00, 
	0x00, 0x00, 0x00, 0x00, 0x00, 0x00, 0x00, 0x00, 
	0x00, 0x00, 0x00, 0x00, 0x00, 0x00, 0x00, 0x00, 
	0x00, 0x00, 0x00, 0x00, 0x00, 0x00, 0x00, 0x00, 
	0x00, 0x00, 0x00, 0x00, 0x00, 0x00, 0x00, 0x00, 
	0x00, 0x00, 0x00, 0x00, 0x00, 0x00, 0x00, 0x00, 
	0x00, 0x00, 0x00, 0x00, 0x00, 0x00, 0x00, 0x00, 
	0x00, 0x00, 0x00, 0x00, 0x00, 0x00, 0x00, 0x00, 
	0x00, 0x00, 0x00, 0x00, 0x00, 0x00, 0x00, 0x00, 
	0x00, 0x00, 0x00, 0x00, 0x00, 0x00, 0x00, 0x00, 
	0x00, 0x00, 0x00, 0x00, 0x00, 0x00, 0x00, 0x00, 
	0x00, 0x00, 0x00, 0x00, 0x00, 0x00, 0x00, 0x00, 
	0x00, 0x00, 0x00, 0x00, 0x00, 0x00, 0x00, 0x00, 
	0x01, 0x00, 0x00, 0x00, 0x00, 0x00, 0x00, 0x00, 
	0x0e, 0x33, 0xcd, 0xab, 0x34, 0x12, 0x6d, 0xe6, 
	0xec, 0xde, 0x05, 0x00, 0x0b, 0x00, 0x00, 0x00, 
	0x00, 0x00, 0x00, 0x00, 0x00, 0x00, 0x00, 0x00, 
	0x00, 0x00, 0x00, 0x00, 0x00, 0x00, 0x00, 0x00, 
	0x00, 0x00, 0x00, 0x00, 0x00, 0x00, 0x00, 0x00, 
	0x00, 0x00, 0x00, 0x00, 0x00, 0x00, 0x00, 0x00, 
	0x00, 0x00, 0x00, 0x00, 0x00, 0x00, 0x00, 0x00, 
	0x00, 0x00, 0x00, 0x00, 0x00, 0x00, 0x00, 0x00, 
	0x00, 0x00, 0x00, 0x00, 0x00, 0x00, 0x00, 0x00, 
	0x00, 0x00, 0x00, 0x00, 0x00, 0x00, 0x00, 0x00, 
	0x00, 0x00, 0x00, 0x00, 0x00, 0x00, 0x00, 0x00, 
	0x00, 0x00, 0x00, 0x00, 0x00, 0x00, 0x00, 0x00, 
	0x00, 0x00, 0x00, 0x00, 0x00, 0x00, 0x00, 0x00, 
	0x00, 0x00, 0x00, 0x00, 0x00, 0x00, 0x00, 0x00, 
	0x00, 0x00, 0x00, 0x00, 0x00, 0x00, 0x00, 0x00, 
	0x00, 0x00, 0x00, 0x00, 0x00, 0x00, 0x00, 0x00, 
	0x00, 0x00, 0x00, 0x00, 0x00, 0x00, 0x00, 0x00, 
	0x00, 0x00, 0x00, 0x00, 0x00, 0x00, 0x00, 0x00, 
	0x00, 0x00, 0x00, 0x00, 0x00, 0x00, 0x00, 0x00, 
	0x00, 0x00, 0x00, 0x00, 0x00, 0x00, 0x00, 0x00, 
	0x00, 0x00, 0x00, 0x00, 0x00, 0x00, 0x00, 0x00, 
	0x40, 0x21, 0x01, 0x00, 0x40, 0x21, 0x01, 0x00, 
	0x48, 0x21, 0x01, 0x00, 0x48, 0x21, 0x01, 0x00, 
	0x50, 0x21, 0x01, 0x00, 0x50, 0x21, 0x01, 0x00, 
	0x58, 0x21, 0x01, 0x00, 0x58, 0x21, 0x01, 0x00, 
	0x60, 0x21, 0x01, 0x00, 0x60, 0x21, 0x01, 0x00, 
	0x68, 0x21, 0x01, 0x00, 0x68, 0x21, 0x01, 0x00, 
	0x70, 0x21, 0x01, 0x00, 0x70, 0x21, 0x01, 0x00, 
	0x78, 0x21, 0x01, 0x00, 0x78, 0x21, 0x01, 0x00, 
	0x80, 0x21, 0x01, 0x00, 0x80, 0x21, 0x01, 0x00, 
	0x88, 0x21, 0x01, 0x00, 0x88, 0x21, 0x01, 0x00, 
	0x90, 0x21, 0x01, 0x00, 0x90, 0x21, 0x01, 0x00, 
	0x98, 0x21, 0x01, 0x00, 0x98, 0x21, 0x01, 0x00, 
	0xa0, 0x21, 0x01, 0x00, 0xa0, 0x21, 0x01, 0x00, 
	0xa8, 0x21, 0x01, 0x00, 0xa8, 0x21, 0x01, 0x00, 
	0xb0, 0x21, 0x01, 0x00, 0xb0, 0x21, 0x01, 0x00, 
	0xb8, 0x21, 0x01, 0x00, 0xb8, 0x21, 0x01, 0x00, 
	0xc0, 0x21, 0x01, 0x00, 0xc0, 0x21, 0x01, 0x00, 
	0xc8, 0x21, 0x01, 0x00, 0xc8, 0x21, 0x01, 0x00, 
	0xd0, 0x21, 0x01, 0x00, 0xd0, 0x21, 0x01, 0x00, 
	0xd8, 0x21, 0x01, 0x00, 0xd8, 0x21, 0x01, 0x00, 
	0xe0, 0x21, 0x01, 0x00, 0xe0, 0x21, 0x01, 0x00, 
	0xe8, 0x21, 0x01, 0x00, 0xe8, 0x21, 0x01, 0x00, 
	0xf0, 0x21, 0x01, 0x00, 0xf0, 0x21, 0x01, 0x00, 
	0xf8, 0x21, 0x01, 0x00, 0xf8, 0x21, 0x01, 0x00, 
	0x00, 0x22, 0x01, 0x00, 0x00, 0x22, 0x01, 0x00, 
	0x08, 0x22, 0x01, 0x00, 0x08, 0x22, 0x01, 0x00, 
	0x10, 0x22, 0x01, 0x00, 0x10, 0x22, 0x01, 0x00, 
	0x18, 0x22, 0x01, 0x00, 0x18, 0x22, 0x01, 0x00, 
	0x20, 0x22, 0x01, 0x00, 0x20, 0x22, 0x01, 0x00, 
	0x28, 0x22, 0x01, 0x00, 0x28, 0x22, 0x01, 0x00, 
	0x30, 0x22, 0x01, 0x00, 0x30, 0x22, 0x01, 0x00, 
	0x38, 0x22, 0x01, 0x00, 0x38, 0x22, 0x01, 0x00, 
	0x40, 0x22, 0x01, 0x00, 0x40, 0x22, 0x01, 0x00, 
	0x48, 0x22, 0x01, 0x00, 0x48, 0x22, 0x01, 0x00, 
	0x50, 0x22, 0x01, 0x00, 0x50, 0x22, 0x01, 0x00, 
	0x58, 0x22, 0x01, 0x00, 0x58, 0x22, 0x01, 0x00, 
	0x60, 0x22, 0x01, 0x00, 0x60, 0x22, 0x01, 0x00, 
	0x68, 0x22, 0x01, 0x00, 0x68, 0x22, 0x01, 0x00, 
	0x70, 0x22, 0x01, 0x00, 0x70, 0x22, 0x01, 0x00, 
	0x78, 0x22, 0x01, 0x00, 0x78, 0x22, 0x01, 0x00, 
	0x80, 0x22, 0x01, 0x00, 0x80, 0x22, 0x01, 0x00, 
	0x88, 0x22, 0x01, 0x00, 0x88, 0x22, 0x01, 0x00, 
	0x90, 0x22, 0x01, 0x00, 0x90, 0x22, 0x01, 0x00, 
	0x98, 0x22, 0x01, 0x00, 0x98, 0x22, 0x01, 0x00, 
	0xa0, 0x22, 0x01, 0x00, 0xa0, 0x22, 0x01, 0x00, 
	0xa8, 0x22, 0x01, 0x00, 0xa8, 0x22, 0x01, 0x00, 
	0xb0, 0x22, 0x01, 0x00, 0xb0, 0x22, 0x01, 0x00, 
	0xb8, 0x22, 0x01, 0x00, 0xb8, 0x22, 0x01, 0x00, 
	0xc0, 0x22, 0x01, 0x00, 0xc0, 0x22, 0x01, 0x00, 
	0xc8, 0x22, 0x01, 0x00, 0xc8, 0x22, 0x01, 0x00, 
	0xd0, 0x22, 0x01, 0x00, 0xd0, 0x22, 0x01, 0x00, 
	0xd8, 0x22, 0x01, 0x00, 0xd8, 0x22, 0x01, 0x00, 
	0xe0, 0x22, 0x01, 0x00, 0xe0, 0x22, 0x01, 0x00, 
	0xe8, 0x22, 0x01, 0x00, 0xe8, 0x22, 0x01, 0x00, 
	0xf0, 0x22, 0x01, 0x00, 0xf0, 0x22, 0x01, 0x00, 
	0xf8, 0x22, 0x01, 0x00, 0xf8, 0x22, 0x01, 0x00, 
	0x00, 0x23, 0x01, 0x00, 0x00, 0x23, 0x01, 0x00, 
	0x08, 0x23, 0x01, 0x00, 0x08, 0x23, 0x01, 0x00, 
	0x10, 0x23, 0x01, 0x00, 0x10, 0x23, 0x01, 0x00, 
	0x18, 0x23, 0x01, 0x00, 0x18, 0x23, 0x01, 0x00, 
	0x20, 0x23, 0x01, 0x00, 0x20, 0x23, 0x01, 0x00, 
	0x28, 0x23, 0x01, 0x00, 0x28, 0x23, 0x01, 0x00, 
	0x30, 0x23, 0x01, 0x00, 0x30, 0x23, 0x01, 0x00, 
	0x38, 0x23, 0x01, 0x00, 0x38, 0x23, 0x01, 0x00, 
	0x40, 0x23, 0x01, 0x00, 0x40, 0x23, 0x01, 0x00, 
	0x48, 0x23, 0x01, 0x00, 0x48, 0x23, 0x01, 0x00, 
	0x50, 0x23, 0x01, 0x00, 0x50, 0x23, 0x01, 0x00, 
	0x58, 0x23, 0x01, 0x00, 0x58, 0x23, 0x01, 0x00, 
	0x60, 0x23, 0x01, 0x00, 0x60, 0x23, 0x01, 0x00, 
	0x68, 0x23, 0x01, 0x00, 0x68, 0x23, 0x01, 0x00, 
	0x70, 0x23, 0x01, 0x00, 0x70, 0x23, 0x01, 0x00, 
	0x78, 0x23, 0x01, 0x00, 0x78, 0x23, 0x01, 0x00, 
	0x80, 0x23, 0x01, 0x00, 0x80, 0x23, 0x01, 0x00, 
	0x88, 0x23, 0x01, 0x00, 0x88, 0x23, 0x01, 0x00, 
	0x90, 0x23, 0x01, 0x00, 0x90, 0x23, 0x01, 0x00, 
	0x98, 0x23, 0x01, 0x00, 0x98, 0x23, 0x01, 0x00, 
	0xa0, 0x23, 0x01, 0x00, 0xa0, 0x23, 0x01, 0x00, 
	0xa8, 0x23, 0x01, 0x00, 0xa8, 0x23, 0x01, 0x00, 
	0xb0, 0x23, 0x01, 0x00, 0xb0, 0x23, 0x01, 0x00, 
	0xb8, 0x23, 0x01, 0x00, 0xb8, 0x23, 0x01, 0x00, 
	0xc0, 0x23, 0x01, 0x00, 0xc0, 0x23, 0x01, 0x00, 
	0xc8, 0x23, 0x01, 0x00, 0xc8, 0x23, 0x01, 0x00, 
	0xd0, 0x23, 0x01, 0x00, 0xd0, 0x23, 0x01, 0x00, 
	0xd8, 0x23, 0x01, 0x00, 0xd8, 0x23, 0x01, 0x00, 
	0xe0, 0x23, 0x01, 0x00, 0xe0, 0x23, 0x01, 0x00, 
	0xe8, 0x23, 0x01, 0x00, 0xe8, 0x23, 0x01, 0x00, 
	0xf0, 0x23, 0x01, 0x00, 0xf0, 0x23, 0x01, 0x00, 
	0xf8, 0x23, 0x01, 0x00, 0xf8, 0x23, 0x01, 0x00, 
	0x00, 0x24, 0x01, 0x00, 0x00, 0x24, 0x01, 0x00, 
	0x08, 0x24, 0x01, 0x00, 0x08, 0x24, 0x01, 0x00, 
	0x10, 0x24, 0x01, 0x00, 0x10, 0x24, 0x01, 0x00, 
	0x18, 0x24, 0x01, 0x00, 0x18, 0x24, 0x01, 0x00, 
	0x20, 0x24, 0x01, 0x00, 0x20, 0x24, 0x01, 0x00, 
	0x28, 0x24, 0x01, 0x00, 0x28, 0x24, 0x01, 0x00, 
	0x30, 0x24, 0x01, 0x00, 0x30, 0x24, 0x01, 0x00, 
	0x38, 0x24, 0x01, 0x00, 0x38, 0x24, 0x01, 0x00, 
	0x40, 0x24, 0x01, 0x00, 0x40, 0x24, 0x01, 0x00, 
	0x48, 0x24, 0x01, 0x00, 0x48, 0x24, 0x01, 0x00, 
	0x50, 0x24, 0x01, 0x00, 0x50, 0x24, 0x01, 0x00, 
	0x58, 0x24, 0x01, 0x00, 0x58, 0x24, 0x01, 0x00, 
	0x60, 0x24, 0x01, 0x00, 0x60, 0x24, 0x01, 0x00, 
	0x68, 0x24, 0x01, 0x00, 0x68, 0x24, 0x01, 0x00, 
	0x70, 0x24, 0x01, 0x00, 0x70, 0x24, 0x01, 0x00, 
	0x78, 0x24, 0x01, 0x00, 0x78, 0x24, 0x01, 0x00, 
	0x80, 0x24, 0x01, 0x00, 0x80, 0x24, 0x01, 0x00, 
	0x88, 0x24, 0x01, 0x00, 0x88, 0x24, 0x01, 0x00, 
	0x90, 0x24, 0x01, 0x00, 0x90, 0x24, 0x01, 0x00, 
	0x98, 0x24, 0x01, 0x00, 0x98, 0x24, 0x01, 0x00, 
	0xa0, 0x24, 0x01, 0x00, 0xa0, 0x24, 0x01, 0x00, 
	0xa8, 0x24, 0x01, 0x00, 0xa8, 0x24, 0x01, 0x00, 
	0xb0, 0x24, 0x01, 0x00, 0xb0, 0x24, 0x01, 0x00, 
	0xb8, 0x24, 0x01, 0x00, 0xb8, 0x24, 0x01, 0x00, 
	0xc0, 0x24, 0x01, 0x00, 0xc0, 0x24, 0x01, 0x00, 
	0xc8, 0x24, 0x01, 0x00, 0xc8, 0x24, 0x01, 0x00, 
	0xd0, 0x24, 0x01, 0x00, 0xd0, 0x24, 0x01, 0x00, 
	0xd8, 0x24, 0x01, 0x00, 0xd8, 0x24, 0x01, 0x00, 
	0xe0, 0x24, 0x01, 0x00, 0xe0, 0x24, 0x01, 0x00, 
	0xe8, 0x24, 0x01, 0x00, 0xe8, 0x24, 0x01, 0x00, 
	0xf0, 0x24, 0x01, 0x00, 0xf0, 0x24, 0x01, 0x00, 
	0xf8, 0x24, 0x01, 0x00, 0xf8, 0x24, 0x01, 0x00, 
	0x00, 0x25, 0x01, 0x00, 0x00, 0x25, 0x01, 0x00, 
	0x08, 0x25, 0x01, 0x00, 0x08, 0x25, 0x01, 0x00, 
	0x10, 0x25, 0x01, 0x00, 0x10, 0x25, 0x01, 0x00, 
	0x18, 0x25, 0x01, 0x00, 0x18, 0x25, 0x01, 0x00, 
	0x20, 0x25, 0x01, 0x00, 0x20, 0x25, 0x01, 0x00, 
	0x28, 0x25, 0x01, 0x00, 0x28, 0x25, 0x01, 0x00, 
	0x30, 0x25, 0x01, 0x00, 0x30, 0x25, 0x01, 0x00, 
	0x38, 0x25, 0x01, 0x00, 0x38, 0x25, 0x01, 0x00, 
	0x00, 0x00, 0x00, 0x00, 0x03, 0x00, 0x00, 0x00, 
	0xa0, 0x25, 0x01, 0x00, 0x00, 0x20, 0x01, 0x00, 
	0xff, 0xff, 0xff, 0xff, 0x00, 0x00, 0x02, 0x00, 
	0x47, 0x43, 0x43, 0x3a, 0x20, 0x28, 0x63, 0x72, 
	0x6f, 0x73, 0x73, 0x74, 0x6f, 0x6f, 0x6c, 0x2d, 
	0x4e, 0x47, 0x20, 0x31, 0x2e, 0x32, 0x37, 0x2e, 
	0x30, 0x2e, 0x34, 0x34, 0x5f, 0x37, 0x38, 0x36, 
	0x39, 0x66, 0x64, 0x62, 0x29, 0x20, 0x31, 0x35, 
	0x2e, 0x31, 0x2e, 0x30, 0x00, 0x41, 0x60, 0x00, 
	0x00, 0x00, 0x72, 0x69, 0x73, 0x63, 0x76, 0x00, 
	0x01, 0x56, 0x00, 0x00, 0x00, 0x04, 0x10, 0x05, 
	0x72, 0x76, 0x33, 0x32, 0x69, 0x32, 0x70, 0x31, 
	0x5f, 0x6d, 0x32, 0x70, 0x30, 0x5f, 0x61, 0x32, 
	0x70, 0x31, 0x5f, 0x66, 0x32, 0x70, 0x32, 0x5f, 
	0x64, 0x32, 0x70, 0x32, 0x5f, 0x7a, 0x69, 0x63, 
	0x73, 0x72, 0x32, 0x70, 0x30, 0x5f, 0x7a, 0x69, 
	0x66, 0x65, 0x6e, 0x63, 0x65, 0x69, 0x32, 0x70, 
	0x30, 0x5f, 0x7a, 0x6d, 0x6d, 0x75, 0x6c, 0x31, 
	0x70, 0x30, 0x5f, 0x7a, 0x61, 0x61, 0x6d, 0x6f, 
	0x31, 0x70, 0x30, 0x5f, 0x7a, 0x61, 0x6c, 0x72, 
	0x73, 0x63, 0x31, 0x70, 0x30, 0x00, 0x00, 0x00, 
	0x1c, 0x00, 0x00, 0x00, 0x02, 0x00, 0x00, 0x00, 
	0x00, 0x00, 0x04, 0x00, 0x00, 0x00, 0x00, 0x00, 
	0x40, 0x03, 0x01, 0x00, 0x0c, 0x00, 0x00, 0x00, 
	0x00, 0x00, 0x00, 0x00, 0x00, 0x00, 0x00, 0x00, 
	0x1c, 0x00, 0x00, 0x00, 0x02, 0x00, 0x7e, 0x07, 
	0x00, 0x00, 0x04, 0x00, 0x00, 0x00, 0x00, 0x00, 
	0x4c, 0x03, 0x01, 0x00, 0x48, 0x00, 0x00, 0x00, 
	0x00, 0x00, 0x00, 0x00, 0x00, 0x00, 0x00, 0x00, 
	0x1c, 0x00, 0x00, 0x00, 0x02, 0x00, 0x67, 0x0f, 
	0x00, 0x00, 0x04, 0x00, 0x00, 0x00, 0x00, 0x00, 
	0x94, 0x03, 0x01, 0x00, 0x14, 0x00, 0x00, 0x00, 
	0x00, 0x00, 0x00, 0x00, 0x00, 0x00, 0x00, 0x00, 
	0x1c, 0x00, 0x00, 0x00, 0x02, 0x00, 0x40, 0x17, 
	0x00, 0x00, 0x04, 0x00, 0x00, 0x00, 0x00, 0x00, 
	0xa8, 0x03, 0x01, 0x00, 0x48, 0x00, 0x00, 0x00, 
	0x00, 0x00, 0x00, 0x00, 0x00, 0x00, 0x00, 0x00, 
	0x1c, 0x00, 0x00, 0x00, 0x02, 0x00, 0xdf, 0x1e, 
	0x00, 0x00, 0x04, 0x00, 0x00, 0x00, 0x00, 0x00, 
	0xf0, 0x03, 0x01, 0x00, 0xf0, 0x00, 0x00, 0x00, 
	0x00, 0x00, 0x00, 0x00, 0x00, 0x00, 0x00, 0x00, 
	0x14, 0x00, 0x00, 0x00, 0x02, 0x00, 0x36, 0x27, 
	0x00, 0x00, 0x04, 0x00, 0x00, 0x00, 0x00, 0x00, 
	0x00, 0x00, 0x00, 0x00, 0x00, 0x00, 0x00, 0x00, 
	0x1c, 0x00, 0x00, 0x00, 0x02, 0x00, 0x8d, 0x2e, 
	0x00, 0x00, 0x04, 0x00, 0x00, 0x00, 0x00, 0x00, 
	0xe0, 0x04, 0x01, 0x00, 0x50, 0x00, 0x00, 0x00, 
	0x00, 0x00, 0x00, 0x00, 0x00, 0x00, 0x00, 0x00, 
	0x1c, 0x00, 0x00, 0x00, 0x02, 0x00, 0x73, 0x36, 
	0x00, 0x00, 0x04, 0x00, 0x00, 0x00, 0x00, 0x00, 
	0x30, 0x05, 0x01, 0x00, 0x50, 0x00, 0x00, 0x00, 
	0x00, 0x00, 0x00, 0x00, 0x00, 0x00, 0x00, 0x00, 
	0x1c, 0x00, 0x00, 0x00, 0x02, 0x00, 0x6e, 0x3e, 
	0x00, 0x00, 0x04, 0x00, 0x00, 0x00, 0x00, 0x00, 
	0x80, 0x05, 0x01, 0x00, 0x64, 0x03, 0x00, 0x00, 
	0x00, 0x00, 0x00, 0x00, 0x00, 0x00, 0x00, 0x00, 
	0x1c, 0x00, 0x00, 0x00, 0x02, 0x00, 0xa9, 0x49, 
	0x00, 0x00, 0x04, 0x00, 0x00, 0x00, 0x00, 0x00, 
	0xe4, 0x08, 0x01, 0x00, 0x48, 0x06, 0x00, 0x00, 
	0x00, 0x00, 0x00, 0x00, 0x00, 0x00, 0x00, 0x00, 
	0x1c, 0x00, 0x00, 0x00, 0x02, 0x00, 0x06, 0x56, 
	0x00, 0x00, 0x04, 0x00, 0x00, 0x00, 0x00, 0x00, 
	0x2c, 0x0f, 0x01, 0x00, 0x08, 0x00, 0x00, 0x00, 
	0x00, 0x00, 0x00, 0x00, 0x00, 0x00, 0x00, 0x00, 
	0x1c, 0x00, 0x00, 0x00, 0x02, 0x00, 0x6e, 0x5d, 
	0x00, 0x00, 0x04, 0x00, 0x00, 0x00, 0x00, 0x00, 
	0x34, 0x0f, 0x01, 0x00, 0xd0, 0x02, 0x00, 0x00, 
	0x00, 0x00, 0x00, 0x00, 0x00, 0x00, 0x00, 0x00, 
	0x1c, 0x00, 0x00, 0x00, 0x02, 0x00, 0xde, 0x6b, 
	0x00, 0x00, 0x04, 0x00, 0x00, 0x00, 0x00, 0x00, 
	0x04, 0x12, 0x01, 0x00, 0xa8, 0x00, 0x00, 0x00, 
	0x00, 0x00, 0x00, 0x00, 0x00, 0x00, 0x00, 0x00, 
	0x1c, 0x00, 0x00, 0x00, 0x02, 0x00, 0xf1, 0x73, 
	0x00, 0x00, 0x04, 0x00, 0x00, 0x00, 0x00, 0x00, 
	0xac, 0x12, 0x01, 0x00, 0x3c, 0x01, 0x00, 0x00, 
	0x00, 0x00, 0x00, 0x00, 0x00, 0x00, 0x00, 0x00, 
	0x1c, 0x00, 0x00, 0x00, 0x02, 0x00, 0xb7, 0x7e, 
	0x00, 0x00, 0x04, 0x00, 0x00, 0x00, 0x00, 0x00, 
	0xe8, 0x13, 0x01, 0x00, 0x50, 0x00, 0x00, 0x00, 
	0x00, 0x00, 0x00, 0x00, 0x00, 0x00, 0x00, 0x00, 
	0x1c, 0x00, 0x00, 0x00, 0x02, 0x00, 0xa1, 0x86, 
	0x00, 0x00, 0x04, 0x00, 0x00, 0x00, 0x00, 0x00, 
	0x38, 0x14, 0x01, 0x00, 0x50, 0x00, 0x00, 0x00, 
	0x00, 0x00, 0x00, 0x00, 0x00, 0x00, 0x00, 0x00, 
	0x1c, 0x00, 0x00, 0x00, 0x02, 0x00, 0x96, 0x8e, 
	0x00, 0x00, 0x04, 0x00, 0x00, 0x00, 0x00, 0x00, 
	0x88, 0x14, 0x01, 0x00, 0x48, 0x00, 0x00, 0x00, 
	0x00, 0x00, 0x00, 0x00, 0x00, 0x00, 0x00, 0x00, 
	0x1c, 0x00, 0x00, 0x00, 0x02, 0x00, 0x5a, 0x96, 
	0x00, 0x00, 0x04, 0x00, 0x00, 0x00, 0x00, 0x00, 
	0xd0, 0x14, 0x01, 0x00, 0x1c, 0x00, 0x00, 0x00, 
	0x00, 0x00, 0x00, 0x00, 0x00, 0x00, 0x00, 0x00, 
	0x1c, 0x00, 0x00, 0x00, 0x02, 0x00, 0x8b, 0x96, 
	0x00, 0x00, 0x04, 0x00, 0x00, 0x00, 0x00, 0x00, 
	0xec, 0x14, 0x01, 0x00, 0xe8, 0x00, 0x00, 0x00, 
	0x00, 0x00, 0x00, 0x00, 0x00, 0x00, 0x00, 0x00, 
	0x1c, 0x00, 0x00, 0x00, 0x02, 0x00, 0xac, 0x9f, 
	0x00, 0x00, 0x04, 0x00, 0x00, 0x00, 0x00, 0x00, 
	0xd4, 0x15, 0x01, 0x00, 0x68, 0x02, 0x00, 0x00, 
	0x00, 0x00, 0x00, 0x00, 0x00, 0x00, 0x00, 0x00, 
	0x1c, 0x00, 0x00, 0x00, 0x02, 0x00, 0x9a, 0xa9, 
	0x00, 0x00, 0x04, 0x00, 0x00, 0x00, 0x00, 0x00, 
	0x3c, 0x18, 0x01, 0x00, 0x40, 0x00, 0x00, 0x00, 
	0x00, 0x00, 0x00, 0x00, 0x00, 0x00, 0x00, 0x00, 
	0x1c, 0x00, 0x00, 0x00, 0x02, 0x00, 0xe7, 0xac, 
	0x00, 0x00, 0x04, 0x00, 0x00, 0x00, 0x00, 0x00, 
	0x7c, 0x18, 0x01, 0x00, 0x40, 0x00, 0x00, 0x00, 
	0x00, 0x00, 0x00, 0x00, 0x00, 0x00, 0x00, 0x00, 
	0x1c, 0x00, 0x00, 0x00, 0x02, 0x00, 0x80, 0xb0, 
	0x00, 0x00, 0x04, 0x00, 0x00, 0x00, 0x00, 0x00, 
	0xbc, 0x18, 0x01, 0x00, 0x40, 0x00, 0x00, 0x00, 
	0x00, 0x00, 0x00, 0x00, 0x00, 0x00, 0x00, 0x00, 
	0x1c, 0x00, 0x00, 0x00, 0x02, 0x00, 0x1b, 0xb4, 
	0x00, 0x00, 0x04, 0x00, 0x00, 0x00, 0x00, 0x00, 
	0xfc, 0x18, 0x01, 0x00, 0x68, 0x00, 0x00, 0x00, 
	0x00, 0x00, 0x00, 0x00, 0x00, 0x00, 0x00, 0x00, 
	0x1c, 0x00, 0x00, 0x00, 0x02, 0x00, 0x55, 0xb7, 
	0x00, 0x00, 0x04, 0x00, 0x00, 0x00, 0x00, 0x00, 
	0x64, 0x19, 0x01, 0x00, 0x40, 0x00, 0x00, 0x00, 
	0x00, 0x00, 0x00, 0x00, 0x00, 0x00, 0x00, 0x00, 
	0x1c, 0x00, 0x00, 0x00, 0x02, 0x00, 0xf3, 0xba, 
	0x00, 0x00, 0x04, 0x00, 0x00, 0x00, 0x00, 0x00, 
	0xa4, 0x19, 0x01, 0x00, 0x08, 0x00, 0x00, 0x00, 
	0x00, 0x00, 0x00, 0x00, 0x00, 0x00, 0x00, 0x00, 
	0x7a, 0x07, 0x00, 0x00, 0x05, 0x00, 0x01, 0x04, 
	0x00, 0x00, 0x00, 0x00, 0x0f, 0x0c, 0x03, 0x00, 
	0x00, 0x1d, 0x03, 0x47, 0x16, 0x03, 0x00, 0x09, 
	0x00, 0x00, 0x00, 0xef, 0x00, 0x00, 0x00, 0x40, 
	0x03, 0x01, 0x00, 0x0c, 0x00, 0x00, 0x00, 0x00, 
	0x00, 0x00, 0x00, 0x05, 0x08, 0x07, 0x33, 0x00, 
	0x00, 0x00, 0x05, 0x04, 0x07, 0x3d, 0x00, 0x00, 
	0x00, 0x10, 0x04, 0x05, 0x69, 0x6e, 0x74, 0x00, 
	0x05, 0x08, 0x05, 0x84, 0x00, 0x00, 0x00, 0x05, 
	0x10, 0x04, 0xad, 0x01, 0x00, 0x00, 0x05, 0x01, 
	0x06, 0xf5, 0x01, 0x00, 0x00, 0x05, 0x01, 0x08, 
	0xf3, 0x01, 0x00, 0x00, 0x05, 0x02, 0x05, 0x0f, 
	0x02, 0x00, 0x00, 0x05, 0x02, 0x07, 0x4a, 0x01, 
	0x00, 0x00, 0x05, 0x04, 0x05, 0x89, 0x00, 0x00, 
	0x00, 0x05, 0x04, 0x07, 0x38, 0x00, 0x00, 0x00, 
	0x0c, 0x84, 0x01, 0x00, 0x00, 0x02, 0x76, 0x01, 
	0x17, 0x32, 0x00, 0x00, 0x00, 0x09, 0x68, 0x0a, 
	0x00, 0x00, 0x03, 0x2e, 0x0e, 0x6a, 0x00, 0x00, 
	0x00, 0x09, 0xac, 0x02, 0x00, 0x00, 0x03, 0x74, 
	0x0e, 0x6a, 0x00, 0x00, 0x00, 0x09, 0xf9, 0x02, 
	0x00, 0x00, 0x03, 0x93, 0x17, 0x39, 0x00, 0x00, 
	0x00, 0x11, 0x04, 0x03, 0xa5, 0x03, 0xc9, 0x00, 
	0x00, 0x00, 0x0d, 0x7e, 0x01, 0x00, 0x00, 0xa7, 
	0x0c, 0x78, 0x00, 0x00, 0x00, 0x0d, 0x33, 0x01, 
	0x00, 0x00, 0xa8, 0x13, 0xc9, 0x00, 0x00, 0x00, 
	0x00, 0x06, 0x55, 0x00, 0x00, 0x00, 0xd9, 0x00, 
	0x00, 0x00, 0x07, 0x32, 0x00, 0x00, 0x00, 0x03, 
	0x00, 0x12, 0x08, 0x03, 0xa2, 0x09, 0xfd, 0x00, 
	0x00, 0x00, 0x02, 0x8a, 0x02, 0x00, 0x00, 0x03, 
	0xa4, 0x07, 0x39, 0x00, 0x00, 0x00, 0x00, 0x02, 
	0x92, 0x02, 0x00, 0x00, 0x03, 0xa9, 0x05, 0xa9, 
	0x00, 0x00, 0x00, 0x04, 0x00, 0x09, 0x31, 0x02, 
	0x00, 0x00, 0x03, 0xaa, 0x03, 0xd9, 0x00, 0x00, 
	0x00, 0x13, 0x04, 0x09, 0xd5, 0x02, 0x00, 0x00, 
	0x04, 0x17, 0x19, 0x71, 0x00, 0x00, 0x00, 0x09, 
	0xe1, 0x01, 0x00, 0x00, 0x05, 0x0c, 0x0d, 0x39, 
	0x00, 0x00, 0x00, 0x09, 0xf6, 0x00, 0x00, 0x00, 
	0x04, 0x24, 0x1b, 0x17, 0x01, 0x00, 0x00, 0x0a, 
	0x07, 0x01, 0x00, 0x00, 0x18, 0x35, 0x85, 0x01, 
	0x00, 0x00, 0x02, 0x52, 0x02, 0x00, 0x00, 0x04, 
	0x37, 0x13, 0x85, 0x01, 0x00, 0x00, 0x00, 0x08, 
	0x5f, 0x6b, 0x00, 0x38, 0x07, 0x39, 0x00, 0x00, 
	0x00, 0x04, 0x02, 0x7c, 0x02, 0x00, 0x00, 0x04, 
	0x38, 0x0b, 0x39, 0x00, 0x00, 0x00, 0x08, 0x02, 
	0xf0, 0x00, 0x00, 0x00, 0x04, 0x38, 0x14, 0x39, 
	0x00, 0x00, 0x00, 0x0c, 0x02, 0xea, 0x02, 0x00, 
	0x00, 0x04, 0x38, 0x1b, 0x39, 0x00, 0x00, 0x00, 
	0x10, 0x08, 0x5f, 0x78, 0x00, 0x39, 0x0b, 0x8a, 
	0x01, 0x00, 0x00, 0x14, 0x00, 0x04, 0x2f, 0x01, 
	0x00, 0x00, 0x06, 0x0b, 0x01, 0x00, 0x00, 0x9a, 
	0x01, 0x00, 0x00, 0x07, 0x32, 0x00, 0x00, 0x00, 
	0x00, 0x00, 0x0a, 0x2e, 0x01, 0x00, 0x00, 0x24, 
	0x3d, 0x1b, 0x02, 0x00, 0x00, 0x02, 0x7b, 0x00, 
	0x00, 0x00, 0x04, 0x3f, 0x09, 0x39, 0x00, 0x00, 
	0x00, 0x00, 0x02, 0xb4, 0x02, 0x00, 0x00, 0x04, 
	0x40, 0x09, 0x39, 0x00, 0x00, 0x00, 0x04, 0x02, 
	0x98, 0x00, 0x00, 0x00, 0x04, 0x41, 0x09, 0x39, 
	0x00, 0x00, 0x00, 0x08, 0x02, 0xd0, 0x03, 0x00, 
	0x00, 0x04, 0x42, 0x09, 0x39, 0x00, 0x00, 0x00, 
	0x0c, 0x02, 0xb9, 0x01, 0x00, 0x00, 0x04, 0x43, 
	0x09, 0x39, 0x00, 0x00, 0x00, 0x10, 0x02, 0xa3, 
	0x01, 0x00, 0x00, 0x04, 0x44, 0x09, 0x39, 0x00, 
	0x00, 0x00, 0x14, 0x02, 0xef, 0x02, 0x00, 0x00, 
	0x04, 0x45, 0x09, 0x39, 0x00, 0x00, 0x00, 0x18, 
	0x02, 0x19, 0x02, 0x00, 0x00, 0x04, 0x46, 0x09, 
	0x39, 0x00, 0x00, 0x00, 0x1c, 0x02, 0x97, 0x03, 
	0x00, 0x00, 0x04, 0x47, 0x09, 0x39, 0x00, 0x00, 
	0x00, 0x20, 0x00, 0x0a, 0x23, 0x02, 0x00, 0x00, 
	0x08, 0x74, 0x41, 0x02, 0x00, 0x00, 0x02, 0x80, 
	0x05, 0x00, 0x00, 0x04, 0x75, 0x11, 0x41, 0x02, 
	0x00, 0x00, 0x00, 0x02, 0xdf, 0x05, 0x00, 0x00, 
	0x04, 0x76, 0x06, 0x39, 0x00, 0x00, 0x00, 0x04, 
	0x00, 0x04, 0x55, 0x00, 0x00, 0x00, 0x0a, 0x3c, 
	0x02, 0x00, 0x00, 0x68, 0x99, 0x7f, 0x03, 0x00, 
	0x00, 0x08, 0x5f, 0x70, 0x00, 0x9a, 0x12, 0x41, 
	0x02, 0x00, 0x00, 0x00, 0x08, 0x5f, 0x72, 0x00, 
	0x9b, 0x07, 0x39, 0x00, 0x00, 0x00, 0x04, 0x08, 
	0x5f, 0x77, 0x00, 0x9c, 0x07, 0x39, 0x00, 0x00, 
	0x00, 0x08, 0x02, 0xaa, 0x00, 0x00, 0x00, 0x04, 
	0x9d, 0x09, 0x5c, 0x00, 0x00, 0x00, 0x0c, 0x02, 
	0xf6, 0x07, 0x00, 0x00, 0x04, 0x9e, 0x09, 0x5c, 
	0x00, 0x00, 0x00, 0x0e, 0x08, 0x5f, 0x62, 0x66, 
	0x00, 0x9f, 0x11, 0x1b, 0x02, 0x00, 0x00, 0x10, 
	0x02, 0x4a, 0x00, 0x00, 0x00, 0x04, 0xa0, 0x07, 
	0x39, 0x00, 0x00, 0x00, 0x18, 0x02, 0xa2, 0x00, 
	0x00, 0x00, 0x04, 0xa7, 0x0a, 0x09, 0x01, 0x00, 
	0x00, 0x1c, 0x02, 0x1e, 0x01, 0x00, 0x00, 0x04, 
	0xa9, 0x1d, 0x95, 0x04, 0x00, 0x00, 0x20, 0x02, 
	0x9c, 0x01, 0x00, 0x00, 0x04, 0xab, 0x1d, 0xbd, 
	0x04, 0x00, 0x00, 0x24, 0x02, 0x9a, 0x02, 0x00, 
	0x00, 0x04, 0xae, 0x0d, 0xe0, 0x04, 0x00, 0x00, 
	0x28, 0x02, 0xb1, 0x03, 0x00, 0x00, 0x04, 0xaf, 
	0x09, 0xf9, 0x04, 0x00, 0x00, 0x2c, 0x08, 0x5f, 
	0x75, 0x62, 0x00, 0xb2, 0x11, 0x1b, 0x02, 0x00, 
	0x00, 0x30, 0x08, 0x5f, 0x75, 0x70, 0x00, 0xb3, 
	0x12, 0x41, 0x02, 0x00, 0x00, 0x38, 0x08, 0x5f, 
	0x75, 0x72, 0x00, 0xb4, 0x07, 0x39, 0x00, 0x00, 
	0x00, 0x3c, 0x02, 0x92, 0x00, 0x00, 0x00, 0x04, 
	0xb7, 0x11, 0xfe, 0x04, 0x00, 0x00, 0x40, 0x02, 
	0x91, 0x03, 0x00, 0x00, 0x04, 0xb8, 0x11, 0x0e, 
	0x05, 0x00, 0x00, 0x43, 0x08, 0x5f, 0x6c, 0x62, 
	0x00, 0xbb, 0x11, 0x1b, 0x02, 0x00, 0x00, 0x44, 
	0x02, 0xb8, 0x00, 0x00, 0x00, 0x04, 0xbe, 0x07, 
	0x39, 0x00, 0x00, 0x00, 0x4c, 0x02, 0xc9, 0x00, 
	0x00, 0x00, 0x04, 0xbf, 0x0a, 0x85, 0x00, 0x00, 
	0x00, 0x50, 0x02, 0x3f, 0x04, 0x00, 0x00, 0x04, 
	0xc2, 0x12, 0x9d, 0x03, 0x00, 0x00, 0x54, 0x02, 
	0xb7, 0x04, 0x00, 0x00, 0x04, 0xc6, 0x0c, 0x23, 
	0x01, 0x00, 0x00, 0x58, 0x02, 0x44, 0x02, 0x00, 
	0x00, 0x04, 0xc8, 0x0e, 0xfd, 0x00, 0x00, 0x00, 
	0x5c, 0x02, 0x94, 0x01, 0x00, 0x00, 0x04, 0xc9, 
	0x09, 0x39, 0x00, 0x00, 0x00, 0x64, 0x00, 0x0b, 
	0x9d, 0x00, 0x00, 0x00, 0x9d, 0x03, 0x00, 0x00, 
	0x03, 0x9d, 0x03, 0x00, 0x00, 0x03, 0x09, 0x01, 
	0x00, 0x00, 0x03, 0x84, 0x04, 0x00, 0x00, 0x03, 
	0x39, 0x00, 0x00, 0x00, 0x00, 0x04, 0xa2, 0x03, 
	0x00, 0x00, 0x14, 0x14, 0x04, 0x00, 0x00, 0x40, 
	0x01, 0x04, 0x42, 0x02, 0x08, 0x84, 0x04, 0x00, 
	0x00, 0x01, 0x60, 0x0a, 0x00, 0x00, 0x44, 0x02, 
	0x07, 0x39, 0x00, 0x00, 0x00, 0x00, 0x01, 0xb1, 
	0x00, 0x00, 0x00, 0x49, 0x02, 0x0b, 0x2b, 0x05, 
	0x00, 0x00, 0x04, 0x01, 0x3a, 0x01, 0x00, 0x00, 
	0x49, 0x02, 0x14, 0x2b, 0x05, 0x00, 0x00, 0x08, 
	0x01, 0xff, 0x00, 0x00, 0x00, 0x49, 0x02, 0x1e, 
	0x2b, 0x05, 0x00, 0x00, 0x0c, 0x01, 0x65, 0x02, 
	0x00, 0x00, 0x4b, 0x02, 0x08, 0x39, 0x00, 0x00, 
	0x00, 0x10, 0x01, 0x08, 0x00, 0x00, 0x00, 0x4c, 
	0x02, 0x08, 0xd0, 0x06, 0x00, 0x00, 0x14, 0x01, 
	0x6a, 0x02, 0x00, 0x00, 0x51, 0x02, 0x16, 0xe5, 
	0x06, 0x00, 0x00, 0x30, 0x01, 0x72, 0x02, 0x00, 
	0x00, 0x57, 0x02, 0x0a, 0xf5, 0x06, 0x00, 0x00, 
	0x34, 0x01, 0x76, 0x01, 0x00, 0x00, 0x5a, 0x02, 
	0x13, 0x85, 0x01, 0x00, 0x00, 0x38, 0x01, 0x24, 
	0x01, 0x00, 0x00, 0x5b, 0x02, 0x07, 0x39, 0x00, 
	0x00, 0x00, 0x3c, 0x01, 0xcb, 0x03, 0x00, 0x00, 
	0x5c, 0x02, 0x13, 0x85, 0x01, 0x00, 0x00, 0x40, 
	0x01, 0xc2, 0x01, 0x00, 0x00, 0x5d, 0x02, 0x14, 
	0xfa, 0x06, 0x00, 0x00, 0x44, 0x01, 0x42, 0x01, 
	0x00, 0x00, 0x60, 0x02, 0x07, 0x39, 0x00, 0x00, 
	0x00, 0x48, 0x01, 0xc1, 0x00, 0x00, 0x00, 0x61, 
	0x02, 0x09, 0x84, 0x04, 0x00, 0x00, 0x4c, 0x01, 
	0x01, 0x02, 0x00, 0x00, 0x90, 0x02, 0x07, 0xb8, 
	0x06, 0x00, 0x00, 0x50, 0x15, 0x87, 0x03, 0x00, 
	0x00, 0x04, 0x98, 0x02, 0x0b, 0x0a, 0x07, 0x00, 
	0x00, 0x38, 0x01, 0x00, 0x04, 0x89, 0x04, 0x00, 
	0x00, 0x05, 0x01, 0x08, 0xfc, 0x01, 0x00, 0x00, 
	0x16, 0x89, 0x04, 0x00, 0x00, 0x04, 0x7f, 0x03, 
	0x00, 0x00, 0x0b, 0x9d, 0x00, 0x00, 0x00, 0xb8, 
	0x04, 0x00, 0x00, 0x03, 0x9d, 0x03, 0x00, 0x00, 
	0x03, 0x09, 0x01, 0x00, 0x00, 0x03, 0xb8, 0x04, 
	0x00, 0x00, 0x03, 0x39, 0x00, 0x00, 0x00, 0x00, 
	0x04, 0x90, 0x04, 0x00, 0x00, 0x04, 0x9a, 0x04, 
	0x00, 0x00, 0x0b, 0x91, 0x00, 0x00, 0x00, 0xe0, 
	0x04, 0x00, 0x00, 0x03, 0x9d, 0x03, 0x00, 0x00, 
	0x03, 0x09, 0x01, 0x00, 0x00, 0x03, 0x91, 0x00, 
	0x00, 0x00, 0x03, 0x39, 0x00, 0x00, 0x00, 0x00, 
	0x04, 0xc2, 0x04, 0x00, 0x00, 0x0b, 0x39, 0x00, 
	0x00, 0x00, 0xf9, 0x04, 0x00, 0x00, 0x03, 0x9d, 
	0x03, 0x00, 0x00, 0x03, 0x09, 0x01, 0x00, 0x00, 
	0x00, 0x04, 0xe5, 0x04, 0x00, 0x00, 0x06, 0x55, 
	0x00, 0x00, 0x00, 0x0e, 0x05, 0x00, 0x00, 0x07, 
	0x32, 0x00, 0x00, 0x00, 0x02, 0x00, 0x06, 0x55, 
	0x00, 0x00, 0x00, 0x1e, 0x05, 0x00, 0x00, 0x07, 
	0x32, 0x00, 0x00, 0x00, 0x00, 0x00, 0x0c, 0x2a, 
	0x02, 0x00, 0x00, 0x04, 0x0e, 0x01, 0x1a, 0x46, 
	0x02, 0x00, 0x00, 0x04, 0x1e, 0x05, 0x00, 0x00, 
	0x17, 0x00, 0x00, 0x00, 0x00, 0x0e, 0x04, 0x32, 
	0x01, 0x08, 0x66, 0x05, 0x00, 0x00, 0x01, 0x84, 
	0x02, 0x00, 0x00, 0x33, 0x01, 0x12, 0x66, 0x05, 
	0x00, 0x00, 0x00, 0x01, 0xbd, 0x02, 0x00, 0x00, 
	0x34, 0x01, 0x12, 0x66, 0x05, 0x00, 0x00, 0x06, 
	0x01, 0xd0, 0x02, 0x00, 0x00, 0x35, 0x01, 0x12, 
	0x63, 0x00, 0x00, 0x00, 0x0c, 0x00, 0x06, 0x63, 
	0x00, 0x00, 0x00, 0x76, 0x05, 0x00, 0x00, 0x07, 
	0x32, 0x00, 0x00, 0x00, 0x02, 0x00, 0x18, 0xe8, 
	0x04, 0x65, 0x02, 0x07, 0x78, 0x06, 0x00, 0x00, 
	0x01, 0xc3, 0x02, 0x00, 0x00, 0x6a, 0x02, 0x12, 
	0x84, 0x04, 0x00, 0x00, 0x00, 0x01, 0x69, 0x01, 
	0x00, 0x00, 0x6b, 0x02, 0x10, 0x78, 0x06, 0x00, 
	0x00, 0x04, 0x01, 0xa2, 0x03, 0x00, 0x00, 0x6c, 
	0x02, 0x17, 0x9a, 0x01, 0x00, 0x00, 0x20, 0x01, 
	0x0f, 0x01, 0x00, 0x00, 0x6d, 0x02, 0x0f, 0x39, 
	0x00, 0x00, 0x00, 0x44, 0x01, 0x4d, 0x02, 0x00, 
	0x00, 0x6e, 0x02, 0x2c, 0x2b, 0x00, 0x00, 0x00, 
	0x48, 0x01, 0xb8, 0x03, 0x00, 0x00, 0x6f, 0x02, 
	0x1a, 0x30, 0x05, 0x00, 0x00, 0x50, 0x01, 0x58, 
	0x02, 0x00, 0x00, 0x70, 0x02, 0x16, 0xfd, 0x00, 
	0x00, 0x00, 0x60, 0x01, 0xbd, 0x03, 0x00, 0x00, 
	0x71, 0x02, 0x16, 0xfd, 0x00, 0x00, 0x00, 0x68, 
	0x01, 0x6d, 0x00, 0x00, 0x00, 0x72, 0x02, 0x16, 
	0xfd, 0x00, 0x00, 0x00, 0x70, 0x01, 0x02, 0x03, 
	0x00, 0x00, 0x73, 0x02, 0x10, 0x88, 0x06, 0x00, 
	0x00, 0x78, 0x01, 0x5d, 0x01, 0x00, 0x00, 0x74, 
	0x02, 0x10, 0x98, 0x06, 0x00, 0x00, 0x80, 0x01, 
	0xdd, 0x02, 0x00, 0x00, 0x75, 0x02, 0x0f, 0x39, 
	0x00, 0x00, 0x00, 0x98, 0x01, 0xe2, 0x00, 0x00, 
	0x00, 0x76, 0x02, 0x16, 0xfd, 0x00, 0x00, 0x00, 
	0x9c, 0x01, 0x5e, 0x00, 0x00, 0x00, 0x77, 0x02, 
	0x16, 0xfd, 0x00, 0x00, 0x00, 0xa4, 0x01, 0xd1, 
	0x00, 0x00, 0x00, 0x78, 0x02, 0x16, 0xfd, 0x00, 
	0x00, 0x00, 0xac, 0x01, 0x13, 0x00, 0x00, 0x00, 
	0x79, 0x02, 0x16, 0xfd, 0x00, 0x00, 0x00, 0xb4, 
	0x01, 0x22, 0x00, 0x00, 0x00, 0x7a, 0x02, 0x16, 
	0xfd, 0x00, 0x00, 0x00, 0xbc, 0x01, 0x06, 0x02, 
	0x00, 0x00, 0x7b, 0x02, 0x08, 0x39, 0x00, 0x00, 
	0x00, 0xc4, 0x01, 0xcc, 0x01, 0x00, 0x00, 0x87, 
	0x02, 0x09, 0xa8, 0x06, 0x00, 0x00, 0xc8, 0x00, 
	0x06, 0x89, 0x04, 0x00, 0x00, 0x88, 0x06, 0x00, 
	0x00, 0x07, 0x32, 0x00, 0x00, 0x00, 0x19, 0x00, 
	0x06, 0x89, 0x04, 0x00, 0x00, 0x98, 0x06, 0x00, 
	0x00, 0x07, 0x32, 0x00, 0x00, 0x00, 0x07, 0x00, 
	0x06, 0x89, 0x04, 0x00, 0x00, 0xa8, 0x06, 0x00, 
	0x00, 0x07, 0x32, 0x00, 0x00, 0x00, 0x17, 0x00, 
	0x06, 0x89, 0x04, 0x00, 0x00, 0xb8, 0x06, 0x00, 
	0x00, 0x07, 0x32, 0x00, 0x00, 0x00, 0x1f, 0x00, 
	0x19, 0xe8, 0x04, 0x63, 0x02, 0x03, 0xd0, 0x06, 
	0x00, 0x00, 0x1a, 0x14, 0x04, 0x00, 0x00, 0x04, 
	0x88, 0x02, 0x0b, 0x76, 0x05, 0x00, 0x00, 0x00, 
	0x06, 0x89, 0x04, 0x00, 0x00, 0xe0, 0x06, 0x00, 
	0x00, 0x07, 0x32, 0x00, 0x00, 0x00, 0x18, 0x00, 
	0x1b, 0x53, 0x00, 0x00, 0x00, 0x04, 0xe0, 0x06, 
	0x00, 0x00, 0x0e, 0xf5, 0x06, 0x00, 0x00, 0x03, 
	0x9d, 0x03, 0x00, 0x00, 0x00, 0x04, 0xea, 0x06, 
	0x00, 0x00, 0x04, 0x85, 0x01, 0x00, 0x00, 0x0e, 
	0x0a, 0x07, 0x00, 0x00, 0x03, 0x39, 0x00, 0x00, 
	0x00, 0x00, 0x04, 0x0f, 0x07, 0x00, 0x00, 0x04, 
	0xff, 0x06, 0x00, 0x00, 0x1c, 0xa0, 0x02, 0x00, 
	0x00, 0x04, 0x1d, 0x03, 0x17, 0x9d, 0x03, 0x00, 
	0x00, 0x1d, 0x8b, 0x01, 0x00, 0x00, 0x06, 0x8c, 
	0x0c, 0x39, 0x00, 0x00, 0x00, 0x3c, 0x07, 0x00, 
	0x00, 0x03, 0x9d, 0x03, 0x00, 0x00, 0x03, 0x39, 
	0x00, 0x00, 0x00, 0x00, 0x1e, 0xb2, 0x03, 0x00, 
	0x00, 0x07, 0x1c, 0x09, 0x39, 0x00, 0x00, 0x00, 
	0x40, 0x03, 0x01, 0x00, 0x0c, 0x00, 0x00, 0x00, 
	0x01, 0x9c, 0x1f, 0x66, 0x64, 0x00, 0x01, 0x07, 
	0x0c, 0x39, 0x00, 0x00, 0x00, 0x12, 0x00, 0x00, 
	0x00, 0x0c, 0x00, 0x00, 0x00, 0x20, 0x4c, 0x03, 
	0x01, 0x00, 0x21, 0x07, 0x00, 0x00, 0x21, 0x01, 
	0x5b, 0x09, 0xa3, 0x03, 0xa5, 0x0a, 0x2b, 0xa8, 
	0x32, 0xa8, 0x00, 0x00, 0x00, 0x00, 0xe5, 0x07, 
	0x00, 0x00, 0x05, 0x00, 0x01, 0x04, 0xe0, 0x01, 
	0x00, 0x00, 0x11, 0x0c, 0x03, 0x00, 0x00, 0x1d, 
	0x03, 0x47, 0x16, 0x03, 0x00, 0x4c, 0x02, 0x00, 
	0x00, 0xef, 0x00, 0x00, 0x00, 0x4c, 0x03, 0x01, 
	0x00, 0x48, 0x00, 0x00, 0x00, 0x9d, 0x00, 0x00, 
	0x00, 0x05, 0x08, 0x07, 0x33, 0x00, 0x00, 0x00, 
	0x05, 0x04, 0x07, 0x3d, 0x00, 0x00, 0x00, 0x12, 
	0x04, 0x05, 0x69, 0x6e, 0x74, 0x00, 0x05, 0x08, 
	0x05, 0x84, 0x00, 0x00, 0x00, 0x05, 0x10, 0x04, 
	0xad, 0x01, 0x00, 0x00, 0x05, 0x01, 0x06, 0xf5, 
	0x01, 0x00, 0x00, 0x05, 0x01, 0x08, 0xf3, 0x01, 
	0x00, 0x00, 0x05, 0x02, 0x05, 0x0f, 0x02, 0x00, 
	0x00, 0x05, 0x02, 0x07, 0x4a, 0x01, 0x00, 0x00, 
	0x05, 0x04, 0x05, 0x89, 0x00, 0x00, 0x00, 0x05, 
	0x04, 0x07, 0x38, 0x00, 0x00, 0x00, 0x0c, 0x84, 
	0x01, 0x00, 0x00, 0x02, 0x76, 0x01, 0x17, 0x32, 
	0x00, 0x00, 0x00, 0x09, 0x68, 0x0a, 0x00, 0x00, 
	0x03, 0x2e, 0x0e, 0x6a, 0x00, 0x00, 0x00, 0x09, 
	0xac, 0x02, 0x00, 0x00, 0x03, 0x74, 0x0e, 0x6a, 
	0x00, 0x00, 0x00, 0x09, 0xf9, 0x02, 0x00, 0x00, 
	0x03, 0x93, 0x17, 0x39, 0x00, 0x00, 0x00, 0x13, 
	0x04, 0x03, 0xa5, 0x03, 0xc9, 0x00, 0x00, 0x00, 
	0x0d, 0x7e, 0x01, 0x00, 0x00, 0xa7, 0x0c, 0x78, 
	0x00, 0x00, 0x00, 0x0d, 0x33, 0x01, 0x00, 0x00, 
	0xa8, 0x13, 0xc9, 0x00, 0x00, 0x00, 0x00, 0x06, 
	0x55, 0x00, 0x00, 0x00, 0xd9, 0x00, 0x00, 0x00, 
	0x07, 0x32, 0x00, 0x00, 0x00, 0x03, 0x00, 0x14, 
	0x08, 0x03, 0xa2, 0x09, 0xfd, 0x00, 0x00, 0x00, 
	0x02, 0x8a, 0x02, 0x00, 0x00, 0x03, 0xa4, 0x07, 
	0x39, 0x00, 0x00, 0x00, 0x00, 0x02, 0x92, 0x02, 
	0x00, 0x00, 0x03, 0xa9, 0x05, 0xa9, 0x00, 0x00, 
	0x00, 0x04, 0x00, 0x09, 0x31, 0x02, 0x00, 0x00, 
	0x03, 0xaa, 0x03, 0xd9, 0x00, 0x00, 0x00, 0x15, 
	0x04, 0x16, 0x04, 0xda, 0x03, 0x00, 0x00, 0x09, 
	0xd5, 0x02, 0x00, 0x00, 0x04, 0x17, 0x19, 0x71, 
	0x00, 0x00, 0x00, 0x09, 0xe1, 0x01, 0x00, 0x00, 
	0x05, 0x0c, 0x0d, 0x39, 0x00, 0x00, 0x00, 0x09, 
	0xf6, 0x00, 0x00, 0x00, 0x04, 0x24, 0x1b, 0x1d, 
	0x01, 0x00, 0x00, 0x0a, 0x07, 0x01, 0x00, 0x00, 
	0x18, 0x35, 0x8b, 0x01, 0x00, 0x00, 0x02, 0x52, 
	0x02, 0x00, 0x00, 0x04, 0x37, 0x13, 0x8b, 0x01, 
	0x00, 0x00, 0x00, 0x08, 0x5f, 0x6b, 0x00, 0x38, 
	0x07, 0x39, 0x00, 0x00, 0x00, 0x04, 0x02, 0x7c, 
	0x02, 0x00, 0x00, 0x04, 0x38, 0x0b, 0x39, 0x00, 
	0x00, 0x00, 0x08, 0x02, 0xf0, 0x00, 0x00, 0x00, 
	0x04, 0x38, 0x14, 0x39, 0x00, 0x00, 0x00, 0x0c, 
	0x02, 0xea, 0x02, 0x00, 0x00, 0x04, 0x38, 0x1b, 
	0x39, 0x00, 0x00, 0x00, 0x10, 0x08, 0x5f, 0x78, 
	0x00, 0x39, 0x0b, 0x90, 0x01, 0x00, 0x00, 0x14, 
	0x00, 0x04, 0x35, 0x01, 0x00, 0x00, 0x06, 0x11, 
	0x01, 0x00, 0x00, 0xa0, 0x01, 0x00, 0x00, 0x07, 
	0x32, 0x00, 0x00, 0x00, 0x00, 0x00, 0x0a, 0x2e, 
	0x01, 0x00, 0x00, 0x24, 0x3d, 0x21, 0x02, 0x00, 
	0x00, 0x02, 0x7b, 0x00, 0x00, 0x00, 0x04, 0x3f, 
	0x09, 0x39, 0x00, 0x00, 0x00, 0x00, 0x02, 0xb4, 
	0x02, 0x00, 0x00, 0x04, 0x40, 0x09, 0x39, 0x00, 
	0x00, 0x00, 0x04, 0x02, 0x98, 0x00, 0x00, 0x00, 
	0x04, 0x41, 0x09, 0x39, 0x00, 0x00, 0x00, 0x08, 
	0x02, 0xd0, 0x03, 0x00, 0x00, 0x04, 0x42, 0x09, 
	0x39, 0x00, 0x00, 0x00, 0x0c, 0x02, 0xb9, 0x01, 
	0x00, 0x00, 0x04, 0x43, 0x09, 0x39, 0x00, 0x00, 
	0x00, 0x10, 0x02, 0xa3, 0x01, 0x00, 0x00, 0x04, 
	0x44, 0x09, 0x39, 0x00, 0x00, 0x00, 0x14, 0x02, 
	0xef, 0x02, 0x00, 0x00, 0x04, 0x45, 0x09, 0x39, 
	0x00, 0x00, 0x00, 0x18, 0x02, 0x19, 0x02, 0x00, 
	0x00, 0x04, 0x46, 0x09, 0x39, 0x00, 0x00, 0x00, 
	0x1c, 0x02, 0x97, 0x03, 0x00, 0x00, 0x04, 0x47, 
	0x09, 0x39, 0x00, 0x00, 0x00, 0x20, 0x00, 0x0a, 
	0x23, 0x02, 0x00, 0x00, 0x08, 0x74, 0x47, 0x02, 
	0x00, 0x00, 0x02, 0x80, 0x05, 0x00, 0x00, 0x04, 
	0x75, 0x11, 0x47, 0x02, 0x00, 0x00, 0x00, 0x02, 
	0xdf, 0x05, 0x00, 0x00, 0x04, 0x76, 0x06, 0x39, 
	0x00, 0x00, 0x00, 0x04, 0x00, 0x04, 0x55, 0x00, 
	0x00, 0x00, 0x0a, 0x3c, 0x02, 0x00, 0x00, 0x68, 
	0x99, 0x85, 0x03, 0x00, 0x00, 0x08, 0x5f, 0x70, 
	0x00, 0x9a, 0x12, 0x47, 0x02, 0x00, 0x00, 0x00, 
	0x08, 0x5f, 0x72, 0x00, 0x9b, 0x07, 0x39, 0x00, 
	0x00, 0x00, 0x04, 0x08, 0x5f, 0x77, 0x00, 0x9c, 
	0x07, 0x39, 0x00, 0x00, 0x00, 0x08, 0x02, 0xaa, 
	0x00, 0x00, 0x00, 0x04, 0x9d, 0x09, 0x5c, 0x00, 
	0x00, 0x00, 0x0c, 0x02, 0xf6, 0x07, 0x00, 0x00, 
	0x04, 0x9e, 0x09, 0x5c, 0x00, 0x00, 0x00, 0x0e, 
	0x08, 0x5f, 0x62, 0x66, 0x00, 0x9f, 0x11, 0x21, 
	0x02, 0x00, 0x00, 0x10, 0x02, 0x4a, 0x00, 0x00, 
	0x00, 0x04, 0xa0, 0x07, 0x39, 0x00, 0x00, 0x00, 
	0x18, 0x02, 0xa2, 0x00, 0x00, 0x00, 0x04, 0xa7, 
	0x0a, 0x09, 0x01, 0x00, 0x00, 0x1c, 0x02, 0x1e, 
	0x01, 0x00, 0x00, 0x04, 0xa9, 0x1d, 0x9b, 0x04, 
	0x00, 0x00, 0x20, 0x02, 0x9c, 0x01, 0x00, 0x00, 
	0x04, 0xab, 0x1d, 0xc3, 0x04, 0x00, 0x00, 0x24, 
	0x02, 0x9a, 0x02, 0x00, 0x00, 0x04, 0xae, 0x0d, 
	0xe6, 0x04, 0x00, 0x00, 0x28, 0x02, 0xb1, 0x03, 
	0x00, 0x00, 0x04, 0xaf, 0x09, 0xff, 0x04, 0x00, 
	0x00, 0x2c, 0x08, 0x5f, 0x75, 0x62, 0x00, 0xb2, 
	0x11, 0x21, 0x02, 0x00, 0x00, 0x30, 0x08, 0x5f, 
	0x75, 0x70, 0x00, 0xb3, 0x12, 0x47, 0x02, 0x00, 
	0x00, 0x38, 0x08, 0x5f, 0x75, 0x72, 0x00, 0xb4, 
	0x07, 0x39, 0x00, 0x00, 0x00, 0x3c, 0x02, 0x92, 
	0x00, 0x00, 0x00, 0x04, 0xb7, 0x11, 0x04, 0x05, 
	0x00, 0x00, 0x40, 0x02, 0x91, 0x03, 0x00, 0x00, 
	0x04, 0xb8, 0x11, 0x14, 0x05, 0x00, 0x00, 0x43, 
	0x08, 0x5f, 0x6c, 0x62, 0x00, 0xbb, 0x11, 0x21, 
	0x02, 0x00, 0x00, 0x44, 0x02, 0xb8, 0x00, 0x00, 
	0x00, 0x04, 0xbe, 0x07, 0x39, 0x00, 0x00, 0x00, 
	0x4c, 0x02, 0xc9, 0x00, 0x00, 0x00, 0x04, 0xbf, 
	0x0a, 0x85, 0x00, 0x00, 0x00, 0x50, 0x02, 0x3f, 
	0x04, 0x00, 0x00, 0x04, 0xc2, 0x12, 0xa3, 0x03, 
	0x00, 0x00, 0x54, 0x02, 0xb7, 0x04, 0x00, 0x00, 
	0x04, 0xc6, 0x0c, 0x29, 0x01, 0x00, 0x00, 0x58, 
	0x02, 0x44, 0x02, 0x00, 0x00, 0x04, 0xc8, 0x0e, 
	0xfd, 0x00, 0x00, 0x00, 0x5c, 0x02, 0x94, 0x01, 
	0x00, 0x00, 0x04, 0xc9, 0x09, 0x39, 0x00, 0x00, 
	0x00, 0x64, 0x00, 0x0b, 0x9d, 0x00, 0x00, 0x00, 
	0xa3, 0x03, 0x00, 0x00, 0x03, 0xa3, 0x03, 0x00, 
	0x00, 0x03, 0x09, 0x01, 0x00, 0x00, 0x03, 0x8a, 
	0x04, 0x00, 0x00, 0x03, 0x39, 0x00, 0x00, 0x00, 
	0x00, 0x04, 0xa8, 0x03, 0x00, 0x00, 0x17, 0x14, 
	0x04, 0x00, 0x00, 0x40, 0x01, 0x04, 0x42, 0x02, 
	0x08, 0x8a, 0x04, 0x00, 0x00, 0x01, 0x60, 0x0a, 
	0x00, 0x00, 0x44, 0x02, 0x07, 0x39, 0x00, 0x00, 
	0x00, 0x00, 0x01, 0xb1, 0x00, 0x00, 0x00, 0x49, 
	0x02, 0x0b, 0x31, 0x05, 0x00, 0x00, 0x04, 0x01, 
	0x3a, 0x01, 0x00, 0x00, 0x49, 0x02, 0x14, 0x31, 
	0x05, 0x00, 0x00, 0x08, 0x01, 0xff, 0x00, 0x00, 
	0x00, 0x49, 0x02, 0x1e, 0x31, 0x05, 0x00, 0x00, 
	0x0c, 0x01, 0x65, 0x02, 0x00, 0x00, 0x4b, 0x02, 
	0x08, 0x39, 0x00, 0x00, 0x00, 0x10, 0x01, 0x08, 
	0x00, 0x00, 0x00, 0x4c, 0x02, 0x08, 0xd6, 0x06, 
	0x00, 0x00, 0x14, 0x01, 0x6a, 0x02, 0x00, 0x00, 
	0x51, 0x02, 0x16, 0xeb, 0x06, 0x00, 0x00, 0x30, 
	0x01, 0x72, 0x02, 0x00, 0x00, 0x57, 0x02, 0x0a, 
	0xfb, 0x06, 0x00, 0x00, 0x34, 0x01, 0x76, 0x01, 
	0x00, 0x00, 0x5a, 0x02, 0x13, 0x8b, 0x01, 0x00, 
	0x00, 0x38, 0x01, 0x24, 0x01, 0x00, 0x00, 0x5b, 
	0x02, 0x07, 0x39, 0x00, 0x00, 0x00, 0x3c, 0x01, 
	0xcb, 0x03, 0x00, 0x00, 0x5c, 0x02, 0x13, 0x8b, 
	0x01, 0x00, 0x00, 0x40, 0x01, 0xc2, 0x01, 0x00, 
	0x00, 0x5d, 0x02, 0x14, 0x00, 0x07, 0x00, 0x00, 
	0x44, 0x01, 0x42, 0x01, 0x00, 0x00, 0x60, 0x02, 
	0x07, 0x39, 0x00, 0x00, 0x00, 0x48, 0x01, 0xc1, 
	0x00, 0x00, 0x00, 0x61, 0x02, 0x09, 0x8a, 0x04, 
	0x00, 0x00, 0x4c, 0x01, 0x01, 0x02, 0x00, 0x00, 
	0x90, 0x02, 0x07, 0xbe, 0x06, 0x00, 0x00, 0x50, 
	0x18, 0x87, 0x03, 0x00, 0x00, 0x04, 0x98, 0x02, 
	0x0b, 0x10, 0x07, 0x00, 0x00, 0x38, 0x01, 0x00, 
	0x04, 0x8f, 0x04, 0x00, 0x00, 0x05, 0x01, 0x08, 
	0xfc, 0x01, 0x00, 0x00, 0x19, 0x8f, 0x04, 0x00, 
	0x00, 0x04, 0x85, 0x03, 0x00, 0x00, 0x0b, 0x9d, 
	0x00, 0x00, 0x00, 0xbe, 0x04, 0x00, 0x00, 0x03, 
	0xa3, 0x03, 0x00, 0x00, 0x03, 0x09, 0x01, 0x00, 
	0x00, 0x03, 0xbe, 0x04, 0x00, 0x00, 0x03, 0x39, 
	0x00, 0x00, 0x00, 0x00, 0x04, 0x96, 0x04, 0x00, 
	0x00, 0x04, 0xa0, 0x04, 0x00, 0x00, 0x0b, 0x91, 
	0x00, 0x00, 0x00, 0xe6, 0x04, 0x00, 0x00, 0x03, 
	0xa3, 0x03, 0x00, 0x00, 0x03, 0x09, 0x01, 0x00, 
	0x00, 0x03, 0x91, 0x00, 0x00, 0x00, 0x03, 0x39, 
	0x00, 0x00, 0x00, 0x00, 0x04, 0xc8, 0x04, 0x00, 
	0x00, 0x0b, 0x39, 0x00, 0x00, 0x00, 0xff, 0x04, 
	0x00, 0x00, 0x03, 0xa3, 0x03, 0x00, 0x00, 0x03, 
	0x09, 0x01, 0x00, 0x00, 0x00, 0x04, 0xeb, 0x04, 
	0x00, 0x00, 0x06, 0x55, 0x00, 0x00, 0x00, 0x14, 
	0x05, 0x00, 0x00, 0x07, 0x32, 0x00, 0x00, 0x00, 
	0x02, 0x00, 0x06, 0x55, 0x00, 0x00, 0x00, 0x24, 
	0x05, 0x00, 0x00, 0x07, 0x32, 0x00, 0x00, 0x00, 
	0x00, 0x00, 0x0c, 0x2a, 0x02, 0x00, 0x00, 0x04, 
	0x0e, 0x01, 0x1a, 0x4c, 0x02, 0x00, 0x00, 0x04, 
	0x24, 0x05, 0x00, 0x00, 0x1a, 0x00, 0x00, 0x00, 
	0x00, 0x0e, 0x04, 0x32, 0x01, 0x08, 0x6c, 0x05, 
	0x00, 0x00, 0x01, 0x84, 0x02, 0x00, 0x00, 0x33, 
	0x01, 0x12, 0x6c, 0x05, 0x00, 0x00, 0x00, 0x01, 
	0xbd, 0x02, 0x00, 0x00, 0x34, 0x01, 0x12, 0x6c, 
	0x05, 0x00, 0x00, 0x06, 0x01, 0xd0, 0x02, 0x00, 
	0x00, 0x35, 0x01, 0x12, 0x63, 0x00, 0x00, 0x00, 
	0x0c, 0x00, 0x06, 0x63, 0x00, 0x00, 0x00, 0x7c, 
	0x05, 0x00, 0x00, 0x07, 0x32, 0x00, 0x00, 0x00, 
	0x02, 0x00, 0x1b, 0xe8, 0x04, 0x65, 0x02, 0x07, 
	0x7e, 0x06, 0x00, 0x00, 0x01, 0xc3, 0x02, 0x00, 
	0x00, 0x6a, 0x02, 0x12, 0x8a, 0x04, 0x00, 0x00, 
	0x00, 0x01, 0x69, 0x01, 0x00, 0x00, 0x6b, 0x02, 
	0x10, 0x7e, 0x06, 0x00, 0x00, 0x04, 0x01, 0xa2, 
	0x03, 0x00, 0x00, 0x6c, 0x02, 0x17, 0xa0, 0x01, 
	0x00, 0x00, 0x20, 0x01, 0x0f, 0x01, 0x00, 0x00, 
	0x6d, 0x02, 0x0f, 0x39, 0x00, 0x00, 0x00, 0x44, 
	0x01, 0x4d, 0x02, 0x00, 0x00, 0x6e, 0x02, 0x2c, 
	0x2b, 0x00, 0x00, 0x00, 0x48, 0x01, 0xb8, 0x03, 
	0x00, 0x00, 0x6f, 0x02, 0x1a, 0x36, 0x05, 0x00, 
	0x00, 0x50, 0x01, 0x58, 0x02, 0x00, 0x00, 0x70, 
	0x02, 0x16, 0xfd, 0x00, 0x00, 0x00, 0x60, 0x01, 
	0xbd, 0x03, 0x00, 0x00, 0x71, 0x02, 0x16, 0xfd, 
	0x00, 0x00, 0x00, 0x68, 0x01, 0x6d, 0x00, 0x00, 
	0x00, 0x72, 0x02, 0x16, 0xfd, 0x00, 0x00, 0x00, 
	0x70, 0x01, 0x02, 0x03, 0x00, 0x00, 0x73, 0x02, 
	0x10, 0x8e, 0x06, 0x00, 0x00, 0x78, 0x01, 0x5d, 
	0x01, 0x00, 0x00, 0x74, 0x02, 0x10, 0x9e, 0x06, 
	0x00, 0x00, 0x80, 0x01, 0xdd, 0x02, 0x00, 0x00, 
	0x75, 0x02, 0x0f, 0x39, 0x00, 0x00, 0x00, 0x98, 
	0x01, 0xe2, 0x00, 0x00, 0x00, 0x76, 0x02, 0x16, 
	0xfd, 0x00, 0x00, 0x00, 0x9c, 0x01, 0x5e, 0x00, 
	0x00, 0x00, 0x77, 0x02, 0x16, 0xfd, 0x00, 0x00, 
	0x00, 0xa4, 0x01, 0xd1, 0x00, 0x00, 0x00, 0x78, 
	0x02, 0x16, 0xfd, 0x00, 0x00, 0x00, 0xac, 0x01, 
	0x13, 0x00, 0x00, 0x00, 0x79, 0x02, 0x16, 0xfd, 
	0x00, 0x00, 0x00, 0xb4, 0x01, 0x22, 0x00, 0x00, 
	0x00, 0x7a, 0x02, 0x16, 0xfd, 0x00, 0x00, 0x00, 
	0xbc, 0x01, 0x06, 0x02, 0x00, 0x00, 0x7b, 0x02, 
	0x08, 0x39, 0x00, 0x00, 0x00, 0xc4, 0x01, 0xcc, 
	0x01, 0x00, 0x00, 0x87, 0x02, 0x09, 0xae, 0x06, 
	0x00, 0x00, 0xc8, 0x00, 0x06, 0x8f, 0x04, 0x00, 
	0x00, 0x8e, 0x06, 0x00, 0x00, 0x07, 0x32, 0x00, 
	0x00, 0x00, 0x19, 0x00, 0x06, 0x8f, 0x04, 0x00, 
	0x00, 0x9e, 0x06, 0x00, 0x00, 0x07, 0x32, 0x00, 
	0x00, 0x00, 0x07, 0x00, 0x06, 0x8f, 0x04, 0x00, 
	0x00, 0xae, 0x06, 0x00, 0x00, 0x07, 0x32, 0x00, 
	0x00, 0x00, 0x17, 0x00, 0x06, 0x8f, 0x04, 0x00, 
	0x00, 0xbe, 0x06, 0x00, 0x00, 0x07, 0x32, 0x00, 
	0x00, 0x00, 0x1f, 0x00, 0x1c, 0xe8, 0x04, 0x63, 
	0x02, 0x03, 0xd6, 0x06, 0x00, 0x00, 0x1d, 0x14, 
	0x04, 0x00, 0x00, 0x04, 0x88, 0x02, 0x0b, 0x7c, 
	0x05, 0x00, 0x00, 0x00, 0x06, 0x8f, 0x04, 0x00, 
	0x00, 0xe6, 0x06, 0x00, 0x00, 0x07, 0x32, 0x00, 
	0x00, 0x00, 0x18, 0x00, 0x1e, 0x53, 0x00, 0x00, 
	0x00, 0x04, 0xe6, 0x06, 0x00, 0x00, 0x0e, 0xfb, 
	0x06, 0x00, 0x00, 0x03, 0xa3, 0x03, 0x00, 0x00, 
	0x00, 0x04, 0xf0, 0x06, 0x00, 0x00, 0x04, 0x8b, 
	0x01, 0x00, 0x00, 0x0e, 0x10, 0x07, 0x00, 0x00, 
	0x03, 0x39, 0x00, 0x00, 0x00, 0x00, 0x04, 0x15, 
	0x07, 0x00, 0x00, 0x04, 0x05, 0x07, 0x00, 0x00, 
	0x1f, 0xa0, 0x02, 0x00, 0x00, 0x04, 0x1d, 0x03, 
	0x17, 0xa3, 0x03, 0x00, 0x00, 0x09, 0xec, 0x03, 
	0x00, 0x00, 0x06, 0x28, 0x1b, 0x0b, 0x01, 0x00, 
	0x00, 0x09, 0xf3, 0x03, 0x00, 0x00, 0x06, 0x67, 
	0x18, 0x27, 0x07, 0x00, 0x00, 0x20, 0xfb, 0x03, 
	0x00, 0x00, 0x07, 0x97, 0x0c, 0x39, 0x00, 0x00, 
	0x00, 0x64, 0x07, 0x00, 0x00, 0x03, 0xa3, 0x03, 
	0x00, 0x00, 0x03, 0xbe, 0x04, 0x00, 0x00, 0x03, 
	0x39, 0x00, 0x00, 0x00, 0x03, 0x39, 0x00, 0x00, 
	0x00, 0x00, 0x21, 0x46, 0x04, 0x00, 0x00, 0x08, 
	0xd7, 0x0c, 0x39, 0x00, 0x00, 0x00, 0x4c, 0x03, 
	0x01, 0x00, 0x48, 0x00, 0x00, 0x00, 0x01, 0x9c, 
	0x0f, 0xf7, 0x07, 0x00, 0x00, 0x0c, 0x13, 0xbe, 
	0x04, 0x00, 0x00, 0x3d, 0x00, 0x00, 0x00, 0x37, 
	0x00, 0x00, 0x00, 0x0f, 0xab, 0x00, 0x00, 0x00, 
	0x0d, 0x0d, 0x39, 0x00, 0x00, 0x00, 0x5c, 0x00, 
	0x00, 0x00, 0x56, 0x00, 0x00, 0x00, 0x22, 0x23, 
	0x61, 0x70, 0x00, 0x01, 0x0f, 0x0b, 0x33, 0x07, 
	0x00, 0x00, 0x02, 0x91, 0x4c, 0x24, 0x72, 0x65, 
	0x74, 0x00, 0x01, 0x10, 0x07, 0x39, 0x00, 0x00, 
	0x00, 0x77, 0x00, 0x00, 0x00, 0x75, 0x00, 0x00, 
	0x00, 0x25, 0x88, 0x03, 0x01, 0x00, 0x3f, 0x07, 
	0x00, 0x00, 0x10, 0x01, 0x5b, 0x09, 0xa3, 0x03, 
	0xa5, 0x0a, 0x2b, 0xa8, 0x32, 0xa8, 0x00, 0x10, 
	0x01, 0x5c, 0x09, 0xa3, 0x03, 0xa5, 0x0b, 0x2b, 
	0xa8, 0x32, 0xa8, 0x00, 0x00, 0x00, 0x00, 0xd5, 
	0x07, 0x00, 0x00, 0x05, 0x00, 0x01, 0x04, 0xf1, 
	0x03, 0x00, 0x00, 0x11, 0x0c, 0x03, 0x00, 0x00, 
	0x1d, 0x03, 0x47, 0x16, 0x03, 0x00, 0xb1, 0x02, 
	0x00, 0x00, 0xef, 0x00, 0x00, 0x00, 0x94, 0x03, 
	0x01, 0x00, 0x14, 0x00, 0x00, 0x00, 0x97, 0x01, 
	0x00, 0x00, 0x05, 0x08, 0x07, 0x33, 0x00, 0x00, 
	0x00, 0x05, 0x04, 0x07, 0x3d, 0x00, 0x00, 0x00, 
	0x12, 0x04, 0x05, 0x69, 0x6e, 0x74, 0x00, 0x09, 
	0xfb, 0x02, 0x00, 0x00, 0x02, 0xe5, 0x17, 0x32, 
	0x00, 0x00, 0x00, 0x05, 0x08, 0x05, 0x84, 0x00, 
	0x00, 0x00, 0x05, 0x10, 0x04, 0xad, 0x01, 0x00, 
	0x00, 0x05, 0x01, 0x06, 0xf5, 0x01, 0x00, 0x00, 
	0x05, 0x01, 0x08, 0xf3, 0x01, 0x00, 0x00, 0x05, 
	0x02, 0x05, 0x0f, 0x02, 0x00, 0x00, 0x05, 0x02, 
	0x07, 0x4a, 0x01, 0x00, 0x00, 0x05, 0x04, 0x05, 
	0x89, 0x00, 0x00, 0x00, 0x05, 0x04, 0x07, 0x38, 
	0x00, 0x00, 0x00, 0x0e, 0x84, 0x01, 0x00, 0x00, 
	0x02, 0x76, 0x01, 0x17, 0x32, 0x00, 0x00, 0x00, 
	0x09, 0x68, 0x0a, 0x00, 0x00, 0x03, 0x2e, 0x0e, 
	0x76, 0x00, 0x00, 0x00, 0x09, 0xac, 0x02, 0x00, 
	0x00, 0x03, 0x74, 0x0e, 0x76, 0x00, 0x00, 0x00, 
	0x09, 0xf9, 0x02, 0x00, 0x00, 0x03, 0x93, 0x17, 
	0x39, 0x00, 0x00, 0x00, 0x13, 0x04, 0x03, 0xa5, 
	0x03, 0xd5, 0x00, 0x00, 0x00, 0x0f, 0x7e, 0x01, 
	0x00, 0x00, 0xa7, 0x0c, 0x84, 0x00, 0x00, 0x00, 
	0x0f, 0x33, 0x01, 0x00, 0x00, 0xa8, 0x13, 0xd5, 
	0x00, 0x00, 0x00, 0x00, 0x06, 0x61, 0x00, 0x00, 
	0x00, 0xe5, 0x00, 0x00, 0x00, 0x07, 0x32, 0x00, 
	0x00, 0x00, 0x03, 0x00, 0x14, 0x08, 0x03, 0xa2, 
	0x09, 0x09, 0x01, 0x00, 0x00, 0x02, 0x8a, 0x02, 
	0x00, 0x00, 0x03, 0xa4, 0x07, 0x39, 0x00, 0x00, 
	0x00, 0x00, 0x02, 0x92, 0x02, 0x00, 0x00, 0x03, 
	0xa9, 0x05, 0xb5, 0x00, 0x00, 0x00, 0x04, 0x00, 
	0x09, 0x31, 0x02, 0x00, 0x00, 0x03, 0xaa, 0x03, 
	0xe5, 0x00, 0x00, 0x00, 0x15, 0x04, 0x09, 0xd5, 
	0x02, 0x00, 0x00, 0x04, 0x17, 0x19, 0x7d, 0x00, 
	0x00, 0x00, 0x09, 0xe1, 0x01, 0x00, 0x00, 0x05, 
	0x0c, 0x0d, 0x39, 0x00, 0x00, 0x00, 0x09, 0xf6, 
	0x00, 0x00, 0x00, 0x04, 0x24, 0x1b, 0x23, 0x01, 
	0x00, 0x00, 0x0a, 0x07, 0x01, 0x00, 0x00, 0x18, 
	0x35, 0x91, 0x01, 0x00, 0x00, 0x02, 0x52, 0x02, 
	0x00, 0x00, 0x04, 0x37, 0x13, 0x91, 0x01, 0x00, 
	0x00, 0x00, 0x08, 0x5f, 0x6b, 0x00, 0x38, 0x07, 
	0x39, 0x00, 0x00, 0x00, 0x04, 0x02, 0x7c, 0x02, 
	0x00, 0x00, 0x04, 0x38, 0x0b, 0x39, 0x00, 0x00, 
	0x00, 0x08, 0x02, 0xf0, 0x00, 0x00, 0x00, 0x04, 
	0x38, 0x14, 0x39, 0x00, 0x00, 0x00, 0x0c, 0x02, 
	0xea, 0x02, 0x00, 0x00, 0x04, 0x38, 0x1b, 0x39, 
	0x00, 0x00, 0x00, 0x10, 0x08, 0x5f, 0x78, 0x00, 
	0x39, 0x0b, 0x96, 0x01, 0x00, 0x00, 0x14, 0x00, 
	0x04, 0x3b, 0x01, 0x00, 0x00, 0x06, 0x17, 0x01, 
	0x00, 0x00, 0xa6, 0x01, 0x00, 0x00, 0x07, 0x32, 
	0x00, 0x00, 0x00, 0x00, 0x00, 0x0a, 0x2e, 0x01, 
	0x00, 0x00, 0x24, 0x3d, 0x27, 0x02, 0x00, 0x00, 
	0x02, 0x7b, 0x00, 0x00, 0x00, 0x04, 0x3f, 0x09, 
	0x39, 0x00, 0x00, 0x00, 0x00, 0x02, 0xb4, 0x02, 
	0x00, 0x00, 0x04, 0x40, 0x09, 0x39, 0x00, 0x00, 
	0x00, 0x04, 0x02, 0x98, 0x00, 0x00, 0x00, 0x04, 
	0x41, 0x09, 0x39, 0x00, 0x00, 0x00, 0x08, 0x02, 
	0xd0, 0x03, 0x00, 0x00, 0x04, 0x42, 0x09, 0x39, 
	0x00, 0x00, 0x00, 0x0c, 0x02, 0xb9, 0x01, 0x00, 
	0x00, 0x04, 0x43, 0x09, 0x39, 0x00, 0x00, 0x00, 
	0x10, 0x02, 0xa3, 0x01, 0x00, 0x00, 0x04, 0x44, 
	0x09, 0x39, 0x00, 0x00, 0x00, 0x14, 0x02, 0xef, 
	0x02, 0x00, 0x00, 0x04, 0x45, 0x09, 0x39, 0x00, 
	0x00, 0x00, 0x18, 0x02, 0x19, 0x02, 0x00, 0x00, 
	0x04, 0x46, 0x09, 0x39, 0x00, 0x00, 0x00, 0x1c, 
	0x02, 0x97, 0x03, 0x00, 0x00, 0x04, 0x47, 0x09, 
	0x39, 0x00, 0x00, 0x00, 0x20, 0x00, 0x0a, 0x23, 
	0x02, 0x00, 0x00, 0x08, 0x74, 0x4d, 0x02, 0x00, 
	0x00, 0x02, 0x80, 0x05, 0x00, 0x00, 0x04, 0x75, 
	0x11, 0x4d, 0x02, 0x00, 0x00, 0x00, 0x02, 0xdf, 
	0x05, 0x00, 0x00, 0x04, 0x76, 0x06, 0x39, 0x00, 
	0x00, 0x00, 0x04, 0x00, 0x04, 0x61, 0x00, 0x00, 
	0x00, 0x0a, 0x3c, 0x02, 0x00, 0x00, 0x68, 0x99, 
	0x8b, 0x03, 0x00, 0x00, 0x08, 0x5f, 0x70, 0x00, 
	0x9a, 0x12, 0x4d, 0x02, 0x00, 0x00, 0x00, 0x08, 
	0x5f, 0x72, 0x00, 0x9b, 0x07, 0x39, 0x00, 0x00, 
	0x00, 0x04, 0x08, 0x5f, 0x77, 0x00, 0x9c, 0x07, 
	0x39, 0x00, 0x00, 0x00, 0x08, 0x02, 0xaa, 0x00, 
	0x00, 0x00, 0x04, 0x9d, 0x09, 0x68, 0x00, 0x00, 
	0x00, 0x0c, 0x02, 0xf6, 0x07, 0x00, 0x00, 0x04, 
	0x9e, 0x09, 0x68, 0x00, 0x00, 0x00, 0x0e, 0x08, 
	0x5f, 0x62, 0x66, 0x00, 0x9f, 0x11, 0x27, 0x02, 
	0x00, 0x00, 0x10, 0x02, 0x4a, 0x00, 0x00, 0x00, 
	0x04, 0xa0, 0x07, 0x39, 0x00, 0x00, 0x00, 0x18, 
	0x02, 0xa2, 0x00, 0x00, 0x00, 0x04, 0xa7, 0x0a, 
	0x15, 0x01, 0x00, 0x00, 0x1c, 0x02, 0x1e, 0x01, 
	0x00, 0x00, 0x04, 0xa9, 0x1d, 0xa1, 0x04, 0x00, 
	0x00, 0x20, 0x02, 0x9c, 0x01, 0x00, 0x00, 0x04, 
	0xab, 0x1d, 0xc9, 0x04, 0x00, 0x00, 0x24, 0x02, 
	0x9a, 0x02, 0x00, 0x00, 0x04, 0xae, 0x0d, 0xec, 
	0x04, 0x00, 0x00, 0x28, 0x02, 0xb1, 0x03, 0x00, 
	0x00, 0x04, 0xaf, 0x09, 0x05, 0x05, 0x00, 0x00, 
	0x2c, 0x08, 0x5f, 0x75, 0x62, 0x00, 0xb2, 0x11, 
	0x27, 0x02, 0x00, 0x00, 0x30, 0x08, 0x5f, 0x75, 
	0x70, 0x00, 0xb3, 0x12, 0x4d, 0x02, 0x00, 0x00, 
	0x38, 0x08, 0x5f, 0x75, 0x72, 0x00, 0xb4, 0x07, 
	0x39, 0x00, 0x00, 0x00, 0x3c, 0x02, 0x92, 0x00, 
	0x00, 0x00, 0x04, 0xb7, 0x11, 0x0a, 0x05, 0x00, 
	0x00, 0x40, 0x02, 0x91, 0x03, 0x00, 0x00, 0x04, 
	0xb8, 0x11, 0x1a, 0x05, 0x00, 0x00, 0x43, 0x08, 
	0x5f, 0x6c, 0x62, 0x00, 0xbb, 0x11, 0x27, 0x02, 
	0x00, 0x00, 0x44, 0x02, 0xb8, 0x00, 0x00, 0x00, 
	0x04, 0xbe, 0x07, 0x39, 0x00, 0x00, 0x00, 0x4c, 
	0x02, 0xc9, 0x00, 0x00, 0x00, 0x04, 0xbf, 0x0a, 
	0x91, 0x00, 0x00, 0x00, 0x50, 0x02, 0x3f, 0x04, 
	0x00, 0x00, 0x04, 0xc2, 0x12, 0xa9, 0x03, 0x00, 
	0x00, 0x54, 0x02, 0xb7, 0x04, 0x00, 0x00, 0x04, 
	0xc6, 0x0c, 0x2f, 0x01, 0x00, 0x00, 0x58, 0x02, 
	0x44, 0x02, 0x00, 0x00, 0x04, 0xc8, 0x0e, 0x09, 
	0x01, 0x00, 0x00, 0x5c, 0x02, 0x94, 0x01, 0x00, 
	0x00, 0x04, 0xc9, 0x09, 0x39, 0x00, 0x00, 0x00, 
	0x64, 0x00, 0x0b, 0xa9, 0x00, 0x00, 0x00, 0xa9, 
	0x03, 0x00, 0x00, 0x03, 0xa9, 0x03, 0x00, 0x00, 
	0x03, 0x15, 0x01, 0x00, 0x00, 0x03, 0x90, 0x04, 
	0x00, 0x00, 0x03, 0x39, 0x00, 0x00, 0x00, 0x00, 
	0x04, 0xae, 0x03, 0x00, 0x00, 0x16, 0x14, 0x04, 
	0x00, 0x00, 0x40, 0x01, 0x04, 0x42, 0x02, 0x08, 
	0x90, 0x04, 0x00, 0x00, 0x01, 0x60, 0x0a, 0x00, 
	0x00, 0x44, 0x02, 0x07, 0x39, 0x00, 0x00, 0x00, 
	0x00, 0x01, 0xb1, 0x00, 0x00, 0x00, 0x49, 0x02, 
	0x0b, 0x37, 0x05, 0x00, 0x00, 0x04, 0x01, 0x3a, 
	0x01, 0x00, 0x00, 0x49, 0x02, 0x14, 0x37, 0x05, 
	0x00, 0x00, 0x08, 0x01, 0xff, 0x00, 0x00, 0x00, 
	0x49, 0x02, 0x1e, 0x37, 0x05, 0x00, 0x00, 0x0c, 
	0x01, 0x65, 0x02, 0x00, 0x00, 0x4b, 0x02, 0x08, 
	0x39, 0x00, 0x00, 0x00, 0x10, 0x01, 0x08, 0x00, 
	0x00, 0x00, 0x4c, 0x02, 0x08, 0xdc, 0x06, 0x00, 
	0x00, 0x14, 0x01, 0x6a, 0x02, 0x00, 0x00, 0x51, 
	0x02, 0x16, 0xf1, 0x06, 0x00, 0x00, 0x30, 0x01, 
	0x72, 0x02, 0x00, 0x00, 0x57, 0x02, 0x0a, 0x01, 
	0x07, 0x00, 0x00, 0x34, 0x01, 0x76, 0x01, 0x00, 
	0x00, 0x5a, 0x02, 0x13, 0x91, 0x01, 0x00, 0x00, 
	0x38, 0x01, 0x24, 0x01, 0x00, 0x00, 0x5b, 0x02, 
	0x07, 0x39, 0x00, 0x00, 0x00, 0x3c, 0x01, 0xcb, 
	0x03, 0x00, 0x00, 0x5c, 0x02, 0x13, 0x91, 0x01, 
	0x00, 0x00, 0x40, 0x01, 0xc2, 0x01, 0x00, 0x00, 
	0x5d, 0x02, 0x14, 0x06, 0x07, 0x00, 0x00, 0x44, 
	0x01, 0x42, 0x01, 0x00, 0x00, 0x60, 0x02, 0x07, 
	0x39, 0x00, 0x00, 0x00, 0x48, 0x01, 0xc1, 0x00, 
	0x00, 0x00, 0x61, 0x02, 0x09, 0x90, 0x04, 0x00, 
	0x00, 0x4c, 0x01, 0x01, 0x02, 0x00, 0x00, 0x90, 
	0x02, 0x07, 0xc4, 0x06, 0x00, 0x00, 0x50, 0x17, 
	0x87, 0x03, 0x00, 0x00, 0x04, 0x98, 0x02, 0x0b, 
	0x16, 0x07, 0x00, 0x00, 0x38, 0x01, 0x00, 0x04, 
	0x95, 0x04, 0x00, 0x00, 0x05, 0x01, 0x08, 0xfc, 
	0x01, 0x00, 0x00, 0x18, 0x95, 0x04, 0x00, 0x00, 
	0x04, 0x8b, 0x03, 0x00, 0x00, 0x0b, 0xa9, 0x00, 
	0x00, 0x00, 0xc4, 0x04, 0x00, 0x00, 0x03, 0xa9, 
	0x03, 0x00, 0x00, 0x03, 0x15, 0x01, 0x00, 0x00, 
	0x03, 0xc4, 0x04, 0x00, 0x00, 0x03, 0x39, 0x00, 
	0x00, 0x00, 0x00, 0x04, 0x9c, 0x04, 0x00, 0x00, 
	0x04, 0xa6, 0x04, 0x00, 0x00, 0x0b, 0x9d, 0x00, 
	0x00, 0x00, 0xec, 0x04, 0x00, 0x00, 0x03, 0xa9, 
	0x03, 0x00, 0x00, 0x03, 0x15, 0x01, 0x00, 0x00, 
	0x03, 0x9d, 0x00, 0x00, 0x00, 0x03, 0x39, 0x00, 
	0x00, 0x00, 0x00, 0x04, 0xce, 0x04, 0x00, 0x00, 
	0x0b, 0x39, 0x00, 0x00, 0x00, 0x05, 0x05, 0x00, 
	0x00, 0x03, 0xa9, 0x03, 0x00, 0x00, 0x03, 0x15, 
	0x01, 0x00, 0x00, 0x00, 0x04, 0xf1, 0x04, 0x00, 
	0x00, 0x06, 0x61, 0x00, 0x00, 0x00, 0x1a, 0x05, 
	0x00, 0x00, 0x07, 0x32, 0x00, 0x00, 0x00, 0x02, 
	0x00, 0x06, 0x61, 0x00, 0x00, 0x00, 0x2a, 0x05, 
	0x00, 0x00, 0x07, 0x32, 0x00, 0x00, 0x00, 0x00, 
	0x00, 0x0e, 0x2a, 0x02, 0x00, 0x00, 0x04, 0x0e, 
	0x01, 0x1a, 0x52, 0x02, 0x00, 0x00, 0x04, 0x2a, 
	0x05, 0x00, 0x00, 0x19, 0x00, 0x00, 0x00, 0x00, 
	0x0e, 0x04, 0x32, 0x01, 0x08, 0x72, 0x05, 0x00, 
	0x00, 0x01, 0x84, 0x02, 0x00, 0x00, 0x33, 0x01, 
	0x12, 0x72, 0x05, 0x00, 0x00, 0x00, 0x01, 0xbd, 
	0x02, 0x00, 0x00, 0x34, 0x01, 0x12, 0x72, 0x05, 
	0x00, 0x00, 0x06, 0x01, 0xd0, 0x02, 0x00, 0x00, 
	0x35, 0x01, 0x12, 0x6f, 0x00, 0x00, 0x00, 0x0c, 
	0x00, 0x06, 0x6f, 0x00, 0x00, 0x00, 0x82, 0x05, 
	0x00, 0x00, 0x07, 0x32, 0x00, 0x00, 0x00, 0x02, 
	0x00, 0x1a, 0xe8, 0x04, 0x65, 0x02, 0x07, 0x84, 
	0x06, 0x00, 0x00, 0x01, 0xc3, 0x02, 0x00, 0x00, 
	0x6a, 0x02, 0x12, 0x90, 0x04, 0x00, 0x00, 0x00, 
	0x01, 0x69, 0x01, 0x00, 0x00, 0x6b, 0x02, 0x10, 
	0x84, 0x06, 0x00, 0x00, 0x04, 0x01, 0xa2, 0x03, 
	0x00, 0x00, 0x6c, 0x02, 0x17, 0xa6, 0x01, 0x00, 
	0x00, 0x20, 0x01, 0x0f, 0x01, 0x00, 0x00, 0x6d, 
	0x02, 0x0f, 0x39, 0x00, 0x00, 0x00, 0x44, 0x01, 
	0x4d, 0x02, 0x00, 0x00, 0x6e, 0x02, 0x2c, 0x2b, 
	0x00, 0x00, 0x00, 0x48, 0x01, 0xb8, 0x03, 0x00, 
	0x00, 0x6f, 0x02, 0x1a, 0x3c, 0x05, 0x00, 0x00, 
	0x50, 0x01, 0x58, 0x02, 0x00, 0x00, 0x70, 0x02, 
	0x16, 0x09, 0x01, 0x00, 0x00, 0x60, 0x01, 0xbd, 
	0x03, 0x00, 0x00, 0x71, 0x02, 0x16, 0x09, 0x01, 
	0x00, 0x00, 0x68, 0x01, 0x6d, 0x00, 0x00, 0x00, 
	0x72, 0x02, 0x16, 0x09, 0x01, 0x00, 0x00, 0x70, 
	0x01, 0x02, 0x03, 0x00, 0x00, 0x73, 0x02, 0x10, 
	0x94, 0x06, 0x00, 0x00, 0x78, 0x01, 0x5d, 0x01, 
	0x00, 0x00, 0x74, 0x02, 0x10, 0xa4, 0x06, 0x00, 
	0x00, 0x80, 0x01, 0xdd, 0x02, 0x00, 0x00, 0x75, 
	0x02, 0x0f, 0x39, 0x00, 0x00, 0x00, 0x98, 0x01, 
	0xe2, 0x00, 0x00, 0x00, 0x76, 0x02, 0x16, 0x09, 
	0x01, 0x00, 0x00, 0x9c, 0x01, 0x5e, 0x00, 0x00, 
	0x00, 0x77, 0x02, 0x16, 0x09, 0x01, 0x00, 0x00, 
	0xa4, 0x01, 0xd1, 0x00, 0x00, 0x00, 0x78, 0x02, 
	0x16, 0x09, 0x01, 0x00, 0x00, 0xac, 0x01, 0x13, 
	0x00, 0x00, 0x00, 0x79, 0x02, 0x16, 0x09, 0x01, 
	0x00, 0x00, 0xb4, 0x01, 0x22, 0x00, 0x00, 0x00, 
	0x7a, 0x02, 0x16, 0x09, 0x01, 0x00, 0x00, 0xbc, 
	0x01, 0x06, 0x02, 0x00, 0x00, 0x7b, 0x02, 0x08, 
	0x39, 0x00, 0x00, 0x00, 0xc4, 0x01, 0xcc, 0x01, 
	0x00, 0x00, 0x87, 0x02, 0x09, 0xb4, 0x06, 0x00, 
	0x00, 0xc8, 0x00, 0x06, 0x95, 0x04, 0x00, 0x00, 
	0x94, 0x06, 0x00, 0x00, 0x07, 0x32, 0x00, 0x00, 
	0x00, 0x19, 0x00, 0x06, 0x95, 0x04, 0x00, 0x00, 
	0xa4, 0x06, 0x00, 0x00, 0x07, 0x32, 0x00, 0x00, 
	0x00, 0x07, 0x00, 0x06, 0x95, 0x04, 0x00, 0x00, 
	0xb4, 0x06, 0x00, 0x00, 0x07, 0x32, 0x00, 0x00, 
	0x00, 0x17, 0x00, 0x06, 0x95, 0x04, 0x00, 0x00, 
	0xc4, 0x06, 0x00, 0x00, 0x07, 0x32, 0x00, 0x00, 
	0x00, 0x1f, 0x00, 0x1b, 0xe8, 0x04, 0x63, 0x02, 
	0x03, 0xdc, 0x06, 0x00, 0x00, 0x1c, 0x14, 0x04, 
	0x00, 0x00, 0x04, 0x88, 0x02, 0x0b, 0x82, 0x05, 
	0x00, 0x00, 0x00, 0x06, 0x95, 0x04, 0x00, 0x00, 
	0xec, 0x06, 0x00, 0x00, 0x07, 0x32, 0x00, 0x00, 
	0x00, 0x18, 0x00, 0x1d, 0x53, 0x00, 0x00, 0x00, 
	0x04, 0xec, 0x06, 0x00, 0x00, 0x10, 0x01, 0x07, 
	0x00, 0x00, 0x03, 0xa9, 0x03, 0x00, 0x00, 0x00, 
	0x04, 0xf6, 0x06, 0x00, 0x00, 0x04, 0x91, 0x01, 
	0x00, 0x00, 0x10, 0x16, 0x07, 0x00, 0x00, 0x03, 
	0x39, 0x00, 0x00, 0x00, 0x00, 0x04, 0x1b, 0x07, 
	0x00, 0x00, 0x04, 0x0b, 0x07, 0x00, 0x00, 0x1e, 
	0xa0, 0x02, 0x00, 0x00, 0x04, 0x1d, 0x03, 0x17, 
	0xa9, 0x03, 0x00, 0x00, 0x1f, 0x03, 0x04, 0x00, 
	0x00, 0x06, 0x9f, 0x11, 0xa9, 0x00, 0x00, 0x00, 
	0x52, 0x07, 0x00, 0x00, 0x03, 0xa9, 0x03, 0x00, 
	0x00, 0x03, 0x39, 0x00, 0x00, 0x00, 0x03, 0x52, 
	0x07, 0x00, 0x00, 0x03, 0x40, 0x00, 0x00, 0x00, 
	0x00, 0x04, 0x57, 0x07, 0x00, 0x00, 0x20, 0x21, 
	0x9d, 0x01, 0x00, 0x00, 0x07, 0xf5, 0x19, 0xa9, 
	0x00, 0x00, 0x00, 0x94, 0x03, 0x01, 0x00, 0x14, 
	0x00, 0x00, 0x00, 0x01, 0x9c, 0x0c, 0x66, 0x64, 
	0x00, 0x07, 0x0c, 0x39, 0x00, 0x00, 0x00, 0x8f, 
	0x00, 0x00, 0x00, 0x89, 0x00, 0x00, 0x00, 0x0c, 
	0x62, 0x75, 0x66, 0x00, 0x08, 0x12, 0x52, 0x07, 
	0x00, 0x00, 0xae, 0x00, 0x00, 0x00, 0xa8, 0x00, 
	0x00, 0x00, 0x0c, 0x63, 0x6e, 0x74, 0x00, 0x09, 
	0x0d, 0x40, 0x00, 0x00, 0x00, 0xcd, 0x00, 0x00, 
	0x00, 0xc7, 0x00, 0x00, 0x00, 0x22, 0xa8, 0x03, 
	0x01, 0x00, 0x2d, 0x07, 0x00, 0x00, 0x0d, 0x01, 
	0x5b, 0x09, 0xa3, 0x03, 0xa5, 0x0a, 0x2b, 0xa8, 
	0x32, 0xa8, 0x00, 0x0d, 0x01, 0x5c, 0x09, 0xa3, 
	0x03, 0xa5, 0x0b, 0x2b, 0xa8, 0x32, 0xa8, 0x00, 
	0x0d, 0x01, 0x5d, 0x09, 0xa3, 0x03, 0xa5, 0x0c, 
	0x2b, 0xa8, 0x32, 0xa8, 0x00, 0x00, 0x00, 0x00, 
	0x9b, 0x07, 0x00, 0x00, 0x05, 0x00, 0x01, 0x04, 
	0xd7, 0x05, 0x00, 0x00, 0x10, 0x0c, 0x03, 0x00, 
	0x00, 0x1d, 0x03, 0x47, 0x16, 0x03, 0x00, 0x5d, 
	0x03, 0x00, 0x00, 0xef, 0x00, 0x00, 0x00, 0xa8, 
	0x03, 0x01, 0x00, 0x48, 0x00, 0x00, 0x00, 0x40, 
	0x02, 0x00, 0x00, 0x05, 0x08, 0x07, 0x33, 0x00, 
	0x00, 0x00, 0x05, 0x04, 0x07, 0x3d, 0x00, 0x00, 
	0x00, 0x11, 0x04, 0x05, 0x69, 0x6e, 0x74, 0x00, 
	0x05, 0x08, 0x05, 0x84, 0x00, 0x00, 0x00, 0x05, 
	0x10, 0x04, 0xad, 0x01, 0x00, 0x00, 0x05, 0x01, 
	0x06, 0xf5, 0x01, 0x00, 0x00, 0x05, 0x01, 0x08, 
	0xf3, 0x01, 0x00, 0x00, 0x05, 0x02, 0x05, 0x0f, 
	0x02, 0x00, 0x00, 0x05, 0x02, 0x07, 0x4a, 0x01, 
	0x00, 0x00, 0x05, 0x04, 0x05, 0x89, 0x00, 0x00, 
	0x00, 0x05, 0x04, 0x07, 0x38, 0x00, 0x00, 0x00, 
	0x0c, 0x84, 0x01, 0x00, 0x00, 0x02, 0x76, 0x01, 
	0x17, 0x32, 0x00, 0x00, 0x00, 0x09, 0x68, 0x0a, 
	0x00, 0x00, 0x03, 0x2e, 0x0e, 0x6a, 0x00, 0x00, 
	0x00, 0x09, 0xac, 0x02, 0x00, 0x00, 0x03, 0x74, 
	0x0e, 0x6a, 0x00, 0x00, 0x00, 0x09, 0xf9, 0x02, 
	0x00, 0x00, 0x03, 0x93, 0x17, 0x39, 0x00, 0x00, 
	0x00, 0x12, 0x04, 0x03, 0xa5, 0x03, 0xc9, 0x00, 
	0x00, 0x00, 0x0d, 0x7e, 0x01, 0x00, 0x00, 0xa7, 
	0x0c, 0x78, 0x00, 0x00, 0x00, 0x0d, 0x33, 0x01, 
	0x00, 0x00, 0xa8, 0x13, 0xc9, 0x00, 0x00, 0x00, 
	0x00, 0x06, 0x55, 0x00, 0x00, 0x00, 0xd9, 0x00, 
	0x00, 0x00, 0x07, 0x32, 0x00, 0x00, 0x00, 0x03, 
	0x00, 0x13, 0x08, 0x03, 0xa2, 0x09, 0xfd, 0x00, 
	0x00, 0x00, 0x02, 0x8a, 0x02, 0x00, 0x00, 0x03, 
	0xa4, 0x07, 0x39, 0x00, 0x00, 0x00, 0x00, 0x02, 
	0x92, 0x02, 0x00, 0x00, 0x03, 0xa9, 0x05, 0xa9, 
	0x00, 0x00, 0x00, 0x04, 0x00, 0x09, 0x31, 0x02, 
	0x00, 0x00, 0x03, 0xaa, 0x03, 0xd9, 0x00, 0x00, 
	0x00, 0x14, 0x04, 0x09, 0xd5, 0x02, 0x00, 0x00, 
	0x04, 0x17, 0x19, 0x71, 0x00, 0x00, 0x00, 0x09, 
	0xe1, 0x01, 0x00, 0x00, 0x05, 0x0c, 0x0d, 0x39, 
	0x00, 0x00, 0x00, 0x09, 0xf6, 0x00, 0x00, 0x00, 
	0x04, 0x24, 0x1b, 0x17, 0x01, 0x00, 0x00, 0x0a, 
	0x07, 0x01, 0x00, 0x00, 0x18, 0x35, 0x85, 0x01, 
	0x00, 0x00, 0x02, 0x52, 0x02, 0x00, 0x00, 0x04, 
	0x37, 0x13, 0x85, 0x01, 0x00, 0x00, 0x00, 0x08, 
	0x5f, 0x6b, 0x00, 0x38, 0x07, 0x39, 0x00, 0x00, 
	0x00, 0x04, 0x02, 0x7c, 0x02, 0x00, 0x00, 0x04, 
	0x38, 0x0b, 0x39, 0x00, 0x00, 0x00, 0x08, 0x02, 
	0xf0, 0x00, 0x00, 0x00, 0x04, 0x38, 0x14, 0x39, 
	0x00, 0x00, 0x00, 0x0c, 0x02, 0xea, 0x02, 0x00, 
	0x00, 0x04, 0x38, 0x1b, 0x39, 0x00, 0x00, 0x00, 
	0x10, 0x08, 0x5f, 0x78, 0x00, 0x39, 0x0b, 0x8a, 
	0x01, 0x00, 0x00, 0x14, 0x00, 0x04, 0x2f, 0x01, 
	0x00, 0x00, 0x06, 0x0b, 0x01, 0x00, 0x00, 0x9a, 
	0x01, 0x00, 0x00, 0x07, 0x32, 0x00, 0x00, 0x00, 
	0x00, 0x00, 0x0a, 0x2e, 0x01, 0x00, 0x00, 0x24, 
	0x3d, 0x1b, 0x02, 0x00, 0x00, 0x02, 0x7b, 0x00, 
	0x00, 0x00, 0x04, 0x3f, 0x09, 0x39, 0x00, 0x00, 
	0x00, 0x00, 0x02, 0xb4, 0x02, 0x00, 0x00, 0x04, 
	0x40, 0x09, 0x39, 0x00, 0x00, 0x00, 0x04, 0x02, 
	0x98, 0x00, 0x00, 0x00, 0x04, 0x41, 0x09, 0x39, 
	0x00, 0x00, 0x00, 0x08, 0x02, 0xd0, 0x03, 0x00, 
	0x00, 0x04, 0x42, 0x09, 0x39, 0x00, 0x00, 0x00, 
	0x0c, 0x02, 0xb9, 0x01, 0x00, 0x00, 0x04, 0x43, 
	0x09, 0x39, 0x00, 0x00, 0x00, 0x10, 0x02, 0xa3, 
	0x01, 0x00, 0x00, 0x04, 0x44, 0x09, 0x39, 0x00, 
	0x00, 0x00, 0x14, 0x02, 0xef, 0x02, 0x00, 0x00, 
	0x04, 0x45, 0x09, 0x39, 0x00, 0x00, 0x00, 0x18, 
	0x02, 0x19, 0x02, 0x00, 0x00, 0x04, 0x46, 0x09, 
	0x39, 0x00, 0x00, 0x00, 0x1c, 0x02, 0x97, 0x03, 
	0x00, 0x00, 0x04, 0x47, 0x09, 0x39, 0x00, 0x00, 
	0x00, 0x20, 0x00, 0x0a, 0x23, 0x02, 0x00, 0x00, 
	0x08, 0x74, 0x41, 0x02, 0x00, 0x00, 0x02, 0x80, 
	0x05, 0x00, 0x00, 0x04, 0x75, 0x11, 0x41, 0x02, 
	0x00, 0x00, 0x00, 0x02, 0xdf, 0x05, 0x00, 0x00, 
	0x04, 0x76, 0x06, 0x39, 0x00, 0x00, 0x00, 0x04, 
	0x00, 0x04, 0x55, 0x00, 0x00, 0x00, 0x0a, 0x3c, 
	0x02, 0x00, 0x00, 0x68, 0x99, 0x7f, 0x03, 0x00, 
	0x00, 0x08, 0x5f, 0x70, 0x00, 0x9a, 0x12, 0x41, 
	0x02, 0x00, 0x00, 0x00, 0x08, 0x5f, 0x72, 0x00, 
	0x9b, 0x07, 0x39, 0x00, 0x00, 0x00, 0x04, 0x08, 
	0x5f, 0x77, 0x00, 0x9c, 0x07, 0x39, 0x00, 0x00, 
	0x00, 0x08, 0x02, 0xaa, 0x00, 0x00, 0x00, 0x04, 
	0x9d, 0x09, 0x5c, 0x00, 0x00, 0x00, 0x0c, 0x02, 
	0xf6, 0x07, 0x00, 0x00, 0x04, 0x9e, 0x09, 0x5c, 
	0x00, 0x00, 0x00, 0x0e, 0x08, 0x5f, 0x62, 0x66, 
	0x00, 0x9f, 0x11, 0x1b, 0x02, 0x00, 0x00, 0x10, 
	0x02, 0x4a, 0x00, 0x00, 0x00, 0x04, 0xa0, 0x07, 
	0x39, 0x00, 0x00, 0x00, 0x18, 0x02, 0xa2, 0x00, 
	0x00, 0x00, 0x04, 0xa7, 0x0a, 0x09, 0x01, 0x00, 
	0x00, 0x1c, 0x02, 0x1e, 0x01, 0x00, 0x00, 0x04, 
	0xa9, 0x1d, 0x95, 0x04, 0x00, 0x00, 0x20, 0x02, 
	0x9c, 0x01, 0x00, 0x00, 0x04, 0xab, 0x1d, 0xbd, 
	0x04, 0x00, 0x00, 0x24, 0x02, 0x9a, 0x02, 0x00, 
	0x00, 0x04, 0xae, 0x0d, 0xe0, 0x04, 0x00, 0x00, 
	0x28, 0x02, 0xb1, 0x03, 0x00, 0x00, 0x04, 0xaf, 
	0x09, 0xf9, 0x04, 0x00, 0x00, 0x2c, 0x08, 0x5f, 
	0x75, 0x62, 0x00, 0xb2, 0x11, 0x1b, 0x02, 0x00, 
	0x00, 0x30, 0x08, 0x5f, 0x75, 0x70, 0x00, 0xb3, 
	0x12, 0x41, 0x02, 0x00, 0x00, 0x38, 0x08, 0x5f, 
	0x75, 0x72, 0x00, 0xb4, 0x07, 0x39, 0x00, 0x00, 
	0x00, 0x3c, 0x02, 0x92, 0x00, 0x00, 0x00, 0x04, 
	0xb7, 0x11, 0xfe, 0x04, 0x00, 0x00, 0x40, 0x02, 
	0x91, 0x03, 0x00, 0x00, 0x04, 0xb8, 0x11, 0x0e, 
	0x05, 0x00, 0x00, 0x43, 0x08, 0x5f, 0x6c, 0x62, 
	0x00, 0xbb, 0x11, 0x1b, 0x02, 0x00, 0x00, 0x44, 
	0x02, 0xb8, 0x00, 0x00, 0x00, 0x04, 0xbe, 0x07, 
	0x39, 0x00, 0x00, 0x00, 0x4c, 0x02, 0xc9, 0x00, 
	0x00, 0x00, 0x04, 0xbf, 0x0a, 0x85, 0x00, 0x00, 
	0x00, 0x50, 0x02, 0x3f, 0x04, 0x00, 0x00, 0x04, 
	0xc2, 0x12, 0x9d, 0x03, 0x00, 0x00, 0x54, 0x02, 
	0xb7, 0x04, 0x00, 0x00, 0x04, 0xc6, 0x0c, 0x23, 
	0x01, 0x00, 0x00, 0x58, 0x02, 0x44, 0x02, 0x00, 
	0x00, 0x04, 0xc8, 0x0e, 0xfd, 0x00, 0x00, 0x00, 
	0x5c, 0x02, 0x94, 0x01, 0x00, 0x00, 0x04, 0xc9, 
	0x09, 0x39, 0x00, 0x00, 0x00, 0x64, 0x00, 0x0b, 
	0x9d, 0x00, 0x00, 0x00, 0x9d, 0x03, 0x00, 0x00, 
	0x03, 0x9d, 0x03, 0x00, 0x00, 0x03, 0x09, 0x01, 
	0x00, 0x00, 0x03, 0x84, 0x04, 0x00, 0x00, 0x03, 
	0x39, 0x00, 0x00, 0x00, 0x00, 0x04, 0xa2, 0x03, 
	0x00, 0x00, 0x15, 0x14, 0x04, 0x00, 0x00, 0x40, 
	0x01, 0x04, 0x42, 0x02, 0x08, 0x84, 0x04, 0x00, 
	0x00, 0x01, 0x60, 0x0a, 0x00, 0x00, 0x44, 0x02, 
	0x07, 0x39, 0x00, 0x00, 0x00, 0x00, 0x01, 0xb1, 
	0x00, 0x00, 0x00, 0x49, 0x02, 0x0b, 0x2b, 0x05, 
	0x00, 0x00, 0x04, 0x01, 0x3a, 0x01, 0x00, 0x00, 
	0x49, 0x02, 0x14, 0x2b, 0x05, 0x00, 0x00, 0x08, 
	0x01, 0xff, 0x00, 0x00, 0x00, 0x49, 0x02, 0x1e, 
	0x2b, 0x05, 0x00, 0x00, 0x0c, 0x01, 0x65, 0x02, 
	0x00, 0x00, 0x4b, 0x02, 0x08, 0x39, 0x00, 0x00, 
	0x00, 0x10, 0x01, 0x08, 0x00, 0x00, 0x00, 0x4c, 
	0x02, 0x08, 0xd0, 0x06, 0x00, 0x00, 0x14, 0x01, 
	0x6a, 0x02, 0x00, 0x00, 0x51, 0x02, 0x16, 0xe5, 
	0x06, 0x00, 0x00, 0x30, 0x01, 0x72, 0x02, 0x00, 
	0x00, 0x57, 0x02, 0x0a, 0xf5, 0x06, 0x00, 0x00, 
	0x34, 0x01, 0x76, 0x01, 0x00, 0x00, 0x5a, 0x02, 
	0x13, 0x85, 0x01, 0x00, 0x00, 0x38, 0x01, 0x24, 
	0x01, 0x00, 0x00, 0x5b, 0x02, 0x07, 0x39, 0x00, 
	0x00, 0x00, 0x3c, 0x01, 0xcb, 0x03, 0x00, 0x00, 
	0x5c, 0x02, 0x13, 0x85, 0x01, 0x00, 0x00, 0x40, 
	0x01, 0xc2, 0x01, 0x00, 0x00, 0x5d, 0x02, 0x14, 
	0xfa, 0x06, 0x00, 0x00, 0x44, 0x01, 0x42, 0x01, 
	0x00, 0x00, 0x60, 0x02, 0x07, 0x39, 0x00, 0x00, 
	0x00, 0x48, 0x01, 0xc1, 0x00, 0x00, 0x00, 0x61, 
	0x02, 0x09, 0x84, 0x04, 0x00, 0x00, 0x4c, 0x01, 
	0x01, 0x02, 0x00, 0x00, 0x90, 0x02, 0x07, 0xb8, 
	0x06, 0x00, 0x00, 0x50, 0x16, 0x87, 0x03, 0x00, 
	0x00, 0x04, 0x98, 0x02, 0x0b, 0x0a, 0x07, 0x00, 
	0x00, 0x38, 0x01, 0x00, 0x04, 0x89, 0x04, 0x00, 
	0x00, 0x05, 0x01, 0x08, 0xfc, 0x01, 0x00, 0x00, 
	0x17, 0x89, 0x04, 0x00, 0x00, 0x04, 0x7f, 0x03, 
	0x00, 0x00, 0x0b, 0x9d, 0x00, 0x00, 0x00, 0xb8, 
	0x04, 0x00, 0x00, 0x03, 0x9d, 0x03, 0x00, 0x00, 
	0x03, 0x09, 0x01, 0x00, 0x00, 0x03, 0xb8, 0x04, 
	0x00, 0x00, 0x03, 0x39, 0x00, 0x00, 0x00, 0x00, 
	0x04, 0x90, 0x04, 0x00, 0x00, 0x04, 0x9a, 0x04, 
	0x00, 0x00, 0x0b, 0x91, 0x00, 0x00, 0x00, 0xe0, 
	0x04, 0x00, 0x00, 0x03, 0x9d, 0x03, 0x00, 0x00, 
	0x03, 0x09, 0x01, 0x00, 0x00, 0x03, 0x91, 0x00, 
	0x00, 0x00, 0x03, 0x39, 0x00, 0x00, 0x00, 0x00, 
	0x04, 0xc2, 0x04, 0x00, 0x00, 0x0b, 0x39, 0x00, 
	0x00, 0x00, 0xf9, 0x04, 0x00, 0x00, 0x03, 0x9d, 
	0x03, 0x00, 0x00, 0x03, 0x09, 0x01, 0x00, 0x00, 
	0x00, 0x04, 0xe5, 0x04, 0x00, 0x00, 0x06, 0x55, 
	0x00, 0x00, 0x00, 0x0e, 0x05, 0x00, 0x00, 0x07, 
	0x32, 0x00, 0x00, 0x00, 0x02, 0x00, 0x06, 0x55, 
	0x00, 0x00, 0x00, 0x1e, 0x05, 0x00, 0x00, 0x07, 
	0x32, 0x00, 0x00, 0x00, 0x00, 0x00, 0x0c, 0x2a, 
	0x02, 0x00, 0x00, 0x04, 0x0e, 0x01, 0x1a, 0x46, 
	0x02, 0x00, 0x00, 0x04, 0x1e, 0x05, 0x00, 0x00, 
	0x18, 0x00, 0x00, 0x00, 0x00, 0x0e, 0x04, 0x32, 
	0x01, 0x08, 0x66, 0x05, 0x00, 0x00, 0x01, 0x84, 
	0x02, 0x00, 0x00, 0x33, 0x01, 0x12, 0x66, 0x05, 
	0x00, 0x00, 0x00, 0x01, 0xbd, 0x02, 0x00, 0x00, 
	0x34, 0x01, 0x12, 0x66, 0x05, 0x00, 0x00, 0x06, 
	0x01, 0xd0, 0x02, 0x00, 0x00, 0x35, 0x01, 0x12, 
	0x63, 0x00, 0x00, 0x00, 0x0c, 0x00, 0x06, 0x63, 
	0x00, 0x00, 0x00, 0x76, 0x05, 0x00, 0x00, 0x07, 
	0x32, 0x00, 0x00, 0x00, 0x02, 0x00, 0x19, 0xe8, 
	0x04, 0x65, 0x02, 0x07, 0x78, 0x06, 0x00, 0x00, 
	0x01, 0xc3, 0x02, 0x00, 0x00, 0x6a, 0x02, 0x12, 
	0x84, 0x04, 0x00, 0x00, 0x00, 0x01, 0x69, 0x01, 
	0x00, 0x00, 0x6b, 0x02, 0x10, 0x78, 0x06, 0x00, 
	0x00, 0x04, 0x01, 0xa2, 0x03, 0x00, 0x00, 0x6c, 
	0x02, 0x17, 0x9a, 0x01, 0x00, 0x00, 0x20, 0x01, 
	0x0f, 0x01, 0x00, 0x00, 0x6d, 0x02, 0x0f, 0x39, 
	0x00, 0x00, 0x00, 0x44, 0x01, 0x4d, 0x02, 0x00, 
	0x00, 0x6e, 0x02, 0x2c, 0x2b, 0x00, 0x00, 0x00, 
	0x48, 0x01, 0xb8, 0x03, 0x00, 0x00, 0x6f, 0x02, 
	0x1a, 0x30, 0x05, 0x00, 0x00, 0x50, 0x01, 0x58, 
	0x02, 0x00, 0x00, 0x70, 0x02, 0x16, 0xfd, 0x00, 
	0x00, 0x00, 0x60, 0x01, 0xbd, 0x03, 0x00, 0x00, 
	0x71, 0x02, 0x16, 0xfd, 0x00, 0x00, 0x00, 0x68, 
	0x01, 0x6d, 0x00, 0x00, 0x00, 0x72, 0x02, 0x16, 
	0xfd, 0x00, 0x00, 0x00, 0x70, 0x01, 0x02, 0x03, 
	0x00, 0x00, 0x73, 0x02, 0x10, 0x88, 0x06, 0x00, 
	0x00, 0x78, 0x01, 0x5d, 0x01, 0x00, 0x00, 0x74, 
	0x02, 0x10, 0x98, 0x06, 0x00, 0x00, 0x80, 0x01, 
	0xdd, 0x02, 0x00, 0x00, 0x75, 0x02, 0x0f, 0x39, 
	0x00, 0x00, 0x00, 0x98, 0x01, 0xe2, 0x00, 0x00, 
	0x00, 0x76, 0x02, 0x16, 0xfd, 0x00, 0x00, 0x00, 
	0x9c, 0x01, 0x5e, 0x00, 0x00, 0x00, 0x77, 0x02, 
	0x16, 0xfd, 0x00, 0x00, 0x00, 0xa4, 0x01, 0xd1, 
	0x00, 0x00, 0x00, 0x78, 0x02, 0x16, 0xfd, 0x00, 
	0x00, 0x00, 0xac, 0x01, 0x13, 0x00, 0x00, 0x00, 
	0x79, 0x02, 0x16, 0xfd, 0x00, 0x00, 0x00, 0xb4, 
	0x01, 0x22, 0x00, 0x00, 0x00, 0x7a, 0x02, 0x16, 
	0xfd, 0x00, 0x00, 0x00, 0xbc, 0x01, 0x06, 0x02, 
	0x00, 0x00, 0x7b, 0x02, 0x08, 0x39, 0x00, 0x00, 
	0x00, 0xc4, 0x01, 0xcc, 0x01, 0x00, 0x00, 0x87, 
	0x02, 0x09, 0xa8, 0x06, 0x00, 0x00, 0xc8, 0x00, 
	0x06, 0x89, 0x04, 0x00, 0x00, 0x88, 0x06, 0x00, 
	0x00, 0x07, 0x32, 0x00, 0x00, 0x00, 0x19, 0x00, 
	0x06, 0x89, 0x04, 0x00, 0x00, 0x98, 0x06, 0x00, 
	0x00, 0x07, 0x32, 0x00, 0x00, 0x00, 0x07, 0x00, 
	0x06, 0x89, 0x04, 0x00, 0x00, 0xa8, 0x06, 0x00, 
	0x00, 0x07, 0x32, 0x00, 0x00, 0x00, 0x17, 0x00, 
	0x06, 0x89, 0x04, 0x00, 0x00, 0xb8, 0x06, 0x00, 
	0x00, 0x07, 0x32, 0x00, 0x00, 0x00, 0x1f, 0x00, 
	0x1a, 0xe8, 0x04, 0x63, 0x02, 0x03, 0xd0, 0x06, 
	0x00, 0x00, 0x1b, 0x14, 0x04, 0x00, 0x00, 0x04, 
	0x88, 0x02, 0x0b, 0x76, 0x05, 0x00, 0x00, 0x00, 
	0x06, 0x89, 0x04, 0x00, 0x00, 0xe0, 0x06, 0x00, 
	0x00, 0x07, 0x32, 0x00, 0x00, 0x00, 0x18, 0x00, 
	0x1c, 0x53, 0x00, 0x00, 0x00, 0x04, 0xe0, 0x06, 
	0x00, 0x00, 0x0e, 0xf5, 0x06, 0x00, 0x00, 0x03, 
	0x9d, 0x03, 0x00, 0x00, 0x00, 0x04, 0xea, 0x06, 
	0x00, 0x00, 0x04, 0x85, 0x01, 0x00, 0x00, 0x0e, 
	0x0a, 0x07, 0x00, 0x00, 0x03, 0x39, 0x00, 0x00, 
	0x00, 0x00, 0x04, 0x0f, 0x07, 0x00, 0x00, 0x04, 
	0xff, 0x06, 0x00, 0x00, 0x1d, 0x61, 0x0a, 0x00, 
	0x00, 0x01, 0x14, 0x0c, 0x39, 0x00, 0x00, 0x00, 
	0x1e, 0xb1, 0x03, 0x00, 0x00, 0x06, 0x09, 0x01, 
	0x09, 0x39, 0x00, 0x00, 0x00, 0x37, 0x07, 0x00, 
	0x00, 0x03, 0x39, 0x00, 0x00, 0x00, 0x00, 0x1f, 
	0x8b, 0x01, 0x00, 0x00, 0x07, 0x8c, 0x0c, 0x39, 
	0x00, 0x00, 0x00, 0xa8, 0x03, 0x01, 0x00, 0x48, 
	0x00, 0x00, 0x00, 0x01, 0x9c, 0x0f, 0x70, 0x74, 
	0x72, 0x00, 0x29, 0x15, 0x9d, 0x03, 0x00, 0x00, 
	0xf8, 0x00, 0x00, 0x00, 0xf2, 0x00, 0x00, 0x00, 
	0x0f, 0x66, 0x64, 0x00, 0x2a, 0x0a, 0x39, 0x00, 
	0x00, 0x00, 0x15, 0x01, 0x00, 0x00, 0x11, 0x01, 
	0x00, 0x00, 0x20, 0x72, 0x65, 0x74, 0x00, 0x01, 
	0x2c, 0x07, 0x39, 0x00, 0x00, 0x00, 0x2b, 0x01, 
	0x00, 0x00, 0x29, 0x01, 0x00, 0x00, 0x21, 0xc8, 
	0x03, 0x01, 0x00, 0x20, 0x07, 0x00, 0x00, 0x22, 
	0x01, 0x5a, 0x09, 0xa3, 0x03, 0xa5, 0x0b, 0x2b, 
	0xa8, 0x32, 0xa8, 0x00, 0x00, 0x00, 0x00, 0x53, 
	0x08, 0x00, 0x00, 0x05, 0x00, 0x01, 0x04, 0xc9, 
	0x07, 0x00, 0x00, 0x14, 0x0c, 0x03, 0x00, 0x00, 
	0x1d, 0x03, 0x47, 0x16, 0x03, 0x00, 0xb5, 0x03, 
	0x00, 0x00, 0xef, 0x00, 0x00, 0x00, 0xf0, 0x03, 
	0x01, 0x00, 0xf0, 0x00, 0x00, 0x00, 0x37, 0x03, 
	0x00, 0x00, 0x05, 0x08, 0x07, 0x33, 0x00, 0x00, 
	0x00, 0x05, 0x04, 0x07, 0x3d, 0x00, 0x00, 0x00, 
	0x15, 0x04, 0x05, 0x69, 0x6e, 0x74, 0x00, 0x05, 
	0x08, 0x05, 0x84, 0x00, 0x00, 0x00, 0x05, 0x10, 
	0x04, 0xad, 0x01, 0x00, 0x00, 0x05, 0x01, 0x06, 
	0xf5, 0x01, 0x00, 0x00, 0x05, 0x01, 0x08, 0xf3, 
	0x01, 0x00, 0x00, 0x05, 0x02, 0x05, 0x0f, 0x02, 
	0x00, 0x00, 0x05, 0x02, 0x07, 0x4a, 0x01, 0x00, 
	0x00, 0x05, 0x04, 0x05, 0x89, 0x00, 0x00, 0x00, 
	0x05, 0x04, 0x07, 0x38, 0x00, 0x00, 0x00, 0x0f, 
	0x84, 0x01, 0x00, 0x00, 0x02, 0x76, 0x01, 0x17, 
	0x32, 0x00, 0x00, 0x00, 0x09, 0x68, 0x0a, 0x00, 
	0x00, 0x03, 0x2e, 0x0e, 0x6a, 0x00, 0x00, 0x00, 
	0x09, 0xac, 0x02, 0x00, 0x00, 0x03, 0x74, 0x0e, 
	0x6a, 0x00, 0x00, 0x00, 0x09, 0xf9, 0x02, 0x00, 
	0x00, 0x03, 0x93, 0x17, 0x39, 0x00, 0x00, 0x00, 
	0x16, 0x04, 0x03, 0xa5, 0x03, 0xc9, 0x00, 0x00, 
	0x00, 0x10, 0x7e, 0x01, 0x00, 0x00, 0xa7, 0x0c, 
	0x78, 0x00, 0x00, 0x00, 0x10, 0x33, 0x01, 0x00, 
	0x00, 0xa8, 0x13, 0xc9, 0x00, 0x00, 0x00, 0x00, 
	0x06, 0x55, 0x00, 0x00, 0x00, 0xd9, 0x00, 0x00, 
	0x00, 0x07, 0x32, 0x00, 0x00, 0x00, 0x03, 0x00, 
	0x17, 0x08, 0x03, 0xa2, 0x09, 0xfd, 0x00, 0x00, 
	0x00, 0x02, 0x8a, 0x02, 0x00, 0x00, 0x03, 0xa4, 
	0x07, 0x39, 0x00, 0x00, 0x00, 0x00, 0x02, 0x92, 
	0x02, 0x00, 0x00, 0x03, 0xa9, 0x05, 0xa9, 0x00, 
	0x00, 0x00, 0x04, 0x00, 0x09, 0x31, 0x02, 0x00, 
	0x00, 0x03, 0xaa, 0x03, 0xd9, 0x00, 0x00, 0x00, 
	0x18, 0x04, 0x09, 0xd5, 0x02, 0x00, 0x00, 0x04, 
	0x17, 0x19, 0x71, 0x00, 0x00, 0x00, 0x09, 0xe1, 
	0x01, 0x00, 0x00, 0x05, 0x0c, 0x0d, 0x39, 0x00, 
	0x00, 0x00, 0x09, 0xf6, 0x00, 0x00, 0x00, 0x04, 
	0x24, 0x1b, 0x17, 0x01, 0x00, 0x00, 0x0b, 0x07, 
	0x01, 0x00, 0x00, 0x18, 0x35, 0x85, 0x01, 0x00, 
	0x00, 0x02, 0x52, 0x02, 0x00, 0x00, 0x04, 0x37, 
	0x13, 0x85, 0x01, 0x00, 0x00, 0x00, 0x08, 0x5f, 
	0x6b, 0x00, 0x38, 0x07, 0x39, 0x00, 0x00, 0x00, 
	0x04, 0x02, 0x7c, 0x02, 0x00, 0x00, 0x04, 0x38, 
	0x0b, 0x39, 0x00, 0x00, 0x00, 0x08, 0x02, 0xf0, 
	0x00, 0x00, 0x00, 0x04, 0x38, 0x14, 0x39, 0x00, 
	0x00, 0x00, 0x0c, 0x02, 0xea, 0x02, 0x00, 0x00, 
	0x04, 0x38, 0x1b, 0x39, 0x00, 0x00, 0x00, 0x10, 
	0x08, 0x5f, 0x78, 0x00, 0x39, 0x0b, 0x8a, 0x01, 
	0x00, 0x00, 0x14, 0x00, 0x04, 0x2f, 0x01, 0x00, 
	0x00, 0x06, 0x0b, 0x01, 0x00, 0x00, 0x9a, 0x01, 
	0x00, 0x00, 0x07, 0x32, 0x00, 0x00, 0x00, 0x00, 
	0x00, 0x0b, 0x2e, 0x01, 0x00, 0x00, 0x24, 0x3d, 
	0x1b, 0x02, 0x00, 0x00, 0x02, 0x7b, 0x00, 0x00, 
	0x00, 0x04, 0x3f, 0x09, 0x39, 0x00, 0x00, 0x00, 
	0x00, 0x02, 0xb4, 0x02, 0x00, 0x00, 0x04, 0x40, 
	0x09, 0x39, 0x00, 0x00, 0x00, 0x04, 0x02, 0x98, 
	0x00, 0x00, 0x00, 0x04, 0x41, 0x09, 0x39, 0x00, 
	0x00, 0x00, 0x08, 0x02, 0xd0, 0x03, 0x00, 0x00, 
	0x04, 0x42, 0x09, 0x39, 0x00, 0x00, 0x00, 0x0c, 
	0x02, 0xb9, 0x01, 0x00, 0x00, 0x04, 0x43, 0x09, 
	0x39, 0x00, 0x00, 0x00, 0x10, 0x02, 0xa3, 0x01, 
	0x00, 0x00, 0x04, 0x44, 0x09, 0x39, 0x00, 0x00, 
	0x00, 0x14, 0x02, 0xef, 0x02, 0x00, 0x00, 0x04, 
	0x45, 0x09, 0x39, 0x00, 0x00, 0x00, 0x18, 0x02, 
	0x19, 0x02, 0x00, 0x00, 0x04, 0x46, 0x09, 0x39, 
	0x00, 0x00, 0x00, 0x1c, 0x02, 0x97, 0x03, 0x00, 
	0x00, 0x04, 0x47, 0x09, 0x39, 0x00, 0x00, 0x00, 
	0x20, 0x00, 0x0b, 0x23, 0x02, 0x00, 0x00, 0x08, 
	0x74, 0x41, 0x02, 0x00, 0x00, 0x02, 0x80, 0x05, 
	0x00, 0x00, 0x04, 0x75, 0x11, 0x41, 0x02, 0x00, 
	0x00, 0x00, 0x02, 0xdf, 0x05, 0x00, 0x00, 0x04, 
	0x76, 0x06, 0x39, 0x00, 0x00, 0x00, 0x04, 0x00, 
	0x04, 0x55, 0x00, 0x00, 0x00, 0x0b, 0x3c, 0x02, 
	0x00, 0x00, 0x68, 0x99, 0x7f, 0x03, 0x00, 0x00, 
	0x08, 0x5f, 0x70, 0x00, 0x9a, 0x12, 0x41, 0x02, 
	0x00, 0x00, 0x00, 0x08, 0x5f, 0x72, 0x00, 0x9b, 
	0x07, 0x39, 0x00, 0x00, 0x00, 0x04, 0x08, 0x5f, 
	0x77, 0x00, 0x9c, 0x07, 0x39, 0x00, 0x00, 0x00, 
	0x08, 0x02, 0xaa, 0x00, 0x00, 0x00, 0x04, 0x9d, 
	0x09, 0x5c, 0x00, 0x00, 0x00, 0x0c, 0x02, 0xf6, 
	0x07, 0x00, 0x00, 0x04, 0x9e, 0x09, 0x5c, 0x00, 
	0x00, 0x00, 0x0e, 0x08, 0x5f, 0x62, 0x66, 0x00, 
	0x9f, 0x11, 0x1b, 0x02, 0x00, 0x00, 0x10, 0x02, 
	0x4a, 0x00, 0x00, 0x00, 0x04, 0xa0, 0x07, 0x39, 
	0x00, 0x00, 0x00, 0x18, 0x02, 0xa2, 0x00, 0x00, 
	0x00, 0x04, 0xa7, 0x0a, 0x09, 0x01, 0x00, 0x00, 
	0x1c, 0x02, 0x1e, 0x01, 0x00, 0x00, 0x04, 0xa9, 
	0x1d, 0x95, 0x04, 0x00, 0x00, 0x20, 0x02, 0x9c, 
	0x01, 0x00, 0x00, 0x04, 0xab, 0x1d, 0xbd, 0x04, 
	0x00, 0x00, 0x24, 0x02, 0x9a, 0x02, 0x00, 0x00, 
	0x04, 0xae, 0x0d, 0xe0, 0x04, 0x00, 0x00, 0x28, 
	0x02, 0xb1, 0x03, 0x00, 0x00, 0x04, 0xaf, 0x09, 
	0xf9, 0x04, 0x00, 0x00, 0x2c, 0x08, 0x5f, 0x75, 
	0x62, 0x00, 0xb2, 0x11, 0x1b, 0x02, 0x00, 0x00, 
	0x30, 0x08, 0x5f, 0x75, 0x70, 0x00, 0xb3, 0x12, 
	0x41, 0x02, 0x00, 0x00, 0x38, 0x08, 0x5f, 0x75, 
	0x72, 0x00, 0xb4, 0x07, 0x39, 0x00, 0x00, 0x00, 
	0x3c, 0x02, 0x92, 0x00, 0x00, 0x00, 0x04, 0xb7, 
	0x11, 0xfe, 0x04, 0x00, 0x00, 0x40, 0x02, 0x91, 
	0x03, 0x00, 0x00, 0x04, 0xb8, 0x11, 0x0e, 0x05, 
	0x00, 0x00, 0x43, 0x08, 0x5f, 0x6c, 0x62, 0x00, 
	0xbb, 0x11, 0x1b, 0x02, 0x00, 0x00, 0x44, 0x02, 
	0xb8, 0x00, 0x00, 0x00, 0x04, 0xbe, 0x07, 0x39, 
	0x00, 0x00, 0x00, 0x4c, 0x02, 0xc9, 0x00, 0x00, 
	0x00, 0x04, 0xbf, 0x0a, 0x85, 0x00, 0x00, 0x00, 
	0x50, 0x02, 0x3f, 0x04, 0x00, 0x00, 0x04, 0xc2, 
	0x12, 0x9d, 0x03, 0x00, 0x00, 0x54, 0x02, 0xb7, 
	0x04, 0x00, 0x00, 0x04, 0xc6, 0x0c, 0x23, 0x01, 
	0x00, 0x00, 0x58, 0x02, 0x44, 0x02, 0x00, 0x00, 
	0x04, 0xc8, 0x0e, 0xfd, 0x00, 0x00, 0x00, 0x5c, 
	0x02, 0x94, 0x01, 0x00, 0x00, 0x04, 0xc9, 0x09, 
	0x39, 0x00, 0x00, 0x00, 0x64, 0x00, 0x0c, 0x9d, 
	0x00, 0x00, 0x00, 0x9d, 0x03, 0x00, 0x00, 0x03, 
	0x9d, 0x03, 0x00, 0x00, 0x03, 0x09, 0x01, 0x00, 
	0x00, 0x03, 0x84, 0x04, 0x00, 0x00, 0x03, 0x39, 
	0x00, 0x00, 0x00, 0x00, 0x04, 0xa2, 0x03, 0x00, 
	0x00, 0x19, 0x14, 0x04, 0x00, 0x00, 0x40, 0x01, 
	0x04, 0x42, 0x02, 0x08, 0x84, 0x04, 0x00, 0x00, 
	0x01, 0x60, 0x0a, 0x00, 0x00, 0x44, 0x02, 0x07, 
	0x39, 0x00, 0x00, 0x00, 0x00, 0x01, 0xb1, 0x00, 
	0x00, 0x00, 0x49, 0x02, 0x0b, 0x2b, 0x05, 0x00, 
	0x00, 0x04, 0x01, 0x3a, 0x01, 0x00, 0x00, 0x49, 
	0x02, 0x14, 0x2b, 0x05, 0x00, 0x00, 0x08, 0x01, 
	0xff, 0x00, 0x00, 0x00, 0x49, 0x02, 0x1e, 0x2b, 
	0x05, 0x00, 0x00, 0x0c, 0x01, 0x65, 0x02, 0x00, 
	0x00, 0x4b, 0x02, 0x08, 0x39, 0x00, 0x00, 0x00, 
	0x10, 0x01, 0x08, 0x00, 0x00, 0x00, 0x4c, 0x02, 
	0x08, 0xd0, 0x06, 0x00, 0x00, 0x14, 0x01, 0x6a, 
	0x02, 0x00, 0x00, 0x51, 0x02, 0x16, 0xe5, 0x06, 
	0x00, 0x00, 0x30, 0x01, 0x72, 0x02, 0x00, 0x00, 
	0x57, 0x02, 0x0a, 0xf5, 0x06, 0x00, 0x00, 0x34, 
	0x01, 0x76, 0x01, 0x00, 0x00, 0x5a, 0x02, 0x13, 
	0x85, 0x01, 0x00, 0x00, 0x38, 0x01, 0x24, 0x01, 
	0x00, 0x00, 0x5b, 0x02, 0x07, 0x39, 0x00, 0x00, 
	0x00, 0x3c, 0x01, 0xcb, 0x03, 0x00, 0x00, 0x5c, 
	0x02, 0x13, 0x85, 0x01, 0x00, 0x00, 0x40, 0x01, 
	0xc2, 0x01, 0x00, 0x00, 0x5d, 0x02, 0x14, 0xfa, 
	0x06, 0x00, 0x00, 0x44, 0x01, 0x42, 0x01, 0x00, 
	0x00, 0x60, 0x02, 0x07, 0x39, 0x00, 0x00, 0x00, 
	0x48, 0x01, 0xc1, 0x00, 0x00, 0x00, 0x61, 0x02, 
	0x09, 0x84, 0x04, 0x00, 0x00, 0x4c, 0x01, 0x01, 
	0x02, 0x00, 0x00, 0x90, 0x02, 0x07, 0xb8, 0x06, 
	0x00, 0x00, 0x50, 0x1a, 0x87, 0x03, 0x00, 0x00, 
	0x04, 0x98, 0x02, 0x0b, 0x0a, 0x07, 0x00, 0x00, 
	0x38, 0x01, 0x00, 0x04, 0x89, 0x04, 0x00, 0x00, 
	0x05, 0x01, 0x08, 0xfc, 0x01, 0x00, 0x00, 0x1b, 
	0x89, 0x04, 0x00, 0x00, 0x04, 0x7f, 0x03, 0x00, 
	0x00, 0x0c, 0x9d, 0x00, 0x00, 0x00, 0xb8, 0x04, 
	0x00, 0x00, 0x03, 0x9d, 0x03, 0x00, 0x00, 0x03, 
	0x09, 0x01, 0x00, 0x00, 0x03, 0xb8, 0x04, 0x00, 
	0x00, 0x03, 0x39, 0x00, 0x00, 0x00, 0x00, 0x04, 
	0x90, 0x04, 0x00, 0x00, 0x04, 0x9a, 0x04, 0x00, 
	0x00, 0x0c, 0x91, 0x00, 0x00, 0x00, 0xe0, 0x04, 
	0x00, 0x00, 0x03, 0x9d, 0x03, 0x00, 0x00, 0x03, 
	0x09, 0x01, 0x00, 0x00, 0x03, 0x91, 0x00, 0x00, 
	0x00, 0x03, 0x39, 0x00, 0x00, 0x00, 0x00, 0x04, 
	0xc2, 0x04, 0x00, 0x00, 0x0c, 0x39, 0x00, 0x00, 
	0x00, 0xf9, 0x04, 0x00, 0x00, 0x03, 0x9d, 0x03, 
	0x00, 0x00, 0x03, 0x09, 0x01, 0x00, 0x00, 0x00, 
	0x04, 0xe5, 0x04, 0x00, 0x00, 0x06, 0x55, 0x00, 
	0x00, 0x00, 0x0e, 0x05, 0x00, 0x00, 0x07, 0x32, 
	0x00, 0x00, 0x00, 0x02, 0x00, 0x06, 0x55, 0x00, 
	0x00, 0x00, 0x1e, 0x05, 0x00, 0x00, 0x07, 0x32, 
	0x00, 0x00, 0x00, 0x00, 0x00, 0x0f, 0x2a, 0x02, 
	0x00, 0x00, 0x04, 0x0e, 0x01, 0x1a, 0x46, 0x02, 
	0x00, 0x00, 0x04, 0x1e, 0x05, 0x00, 0x00, 0x1c, 
	0x00, 0x00, 0x00, 0x00, 0x0e, 0x04, 0x32, 0x01, 
	0x08, 0x66, 0x05, 0x00, 0x00, 0x01, 0x84, 0x02, 
	0x00, 0x00, 0x33, 0x01, 0x12, 0x66, 0x05, 0x00, 
	0x00, 0x00, 0x01, 0xbd, 0x02, 0x00, 0x00, 0x34, 
	0x01, 0x12, 0x66, 0x05, 0x00, 0x00, 0x06, 0x01, 
	0xd0, 0x02, 0x00, 0x00, 0x35, 0x01, 0x12, 0x63, 
	0x00, 0x00, 0x00, 0x0c, 0x00, 0x06, 0x63, 0x00, 
	0x00, 0x00, 0x76, 0x05, 0x00, 0x00, 0x07, 0x32, 
	0x00, 0x00, 0x00, 0x02, 0x00, 0x1d, 0xe8, 0x04, 
	0x65, 0x02, 0x07, 0x78, 0x06, 0x00, 0x00, 0x01, 
	0xc3, 0x02, 0x00, 0x00, 0x6a, 0x02, 0x12, 0x84, 
	0x04, 0x00, 0x00, 0x00, 0x01, 0x69, 0x01, 0x00, 
	0x00, 0x6b, 0x02, 0x10, 0x78, 0x06, 0x00, 0x00, 
	0x04, 0x01, 0xa2, 0x03, 0x00, 0x00, 0x6c, 0x02, 
	0x17, 0x9a, 0x01, 0x00, 0x00, 0x20, 0x01, 0x0f, 
	0x01, 0x00, 0x00, 0x6d, 0x02, 0x0f, 0x39, 0x00, 
	0x00, 0x00, 0x44, 0x01, 0x4d, 0x02, 0x00, 0x00, 
	0x6e, 0x02, 0x2c, 0x2b, 0x00, 0x00, 0x00, 0x48, 
	0x01, 0xb8, 0x03, 0x00, 0x00, 0x6f, 0x02, 0x1a, 
	0x30, 0x05, 0x00, 0x00, 0x50, 0x01, 0x58, 0x02, 
	0x00, 0x00, 0x70, 0x02, 0x16, 0xfd, 0x00, 0x00, 
	0x00, 0x60, 0x01, 0xbd, 0x03, 0x00, 0x00, 0x71, 
	0x02, 0x16, 0xfd, 0x00, 0x00, 0x00, 0x68, 0x01, 
	0x6d, 0x00, 0x00, 0x00, 0x72, 0x02, 0x16, 0xfd, 
	0x00, 0x00, 0x00, 0x70, 0x01, 0x02, 0x03, 0x00, 
	0x00, 0x73, 0x02, 0x10, 0x88, 0x06, 0x00, 0x00, 
	0x78, 0x01, 0x5d, 0x01, 0x00, 0x00, 0x74, 0x02, 
	0x10, 0x98, 0x06, 0x00, 0x00, 0x80, 0x01, 0xdd, 
	0x02, 0x00, 0x00, 0x75, 0x02, 0x0f, 0x39, 0x00, 
	0x00, 0x00, 0x98, 0x01, 0xe2, 0x00, 0x00, 0x00, 
	0x76, 0x02, 0x16, 0xfd, 0x00, 0x00, 0x00, 0x9c, 
	0x01, 0x5e, 0x00, 0x00, 0x00, 0x77, 0x02, 0x16, 
	0xfd, 0x00, 0x00, 0x00, 0xa4, 0x01, 0xd1, 0x00, 
	0x00, 0x00, 0x78, 0x02, 0x16, 0xfd, 0x00, 0x00, 
	0x00, 0xac, 0x01, 0x13, 0x00, 0x00, 0x00, 0x79, 
	0x02, 0x16, 0xfd, 0x00, 0x00, 0x00, 0xb4, 0x01, 
	0x22, 0x00, 0x00, 0x00, 0x7a, 0x02, 0x16, 0xfd, 
	0x00, 0x00, 0x00, 0xbc, 0x01, 0x06, 0x02, 0x00, 
	0x00, 0x7b, 0x02, 0x08, 0x39, 0x00, 0x00, 0x00, 
	0xc4, 0x01, 0xcc, 0x01, 0x00, 0x00, 0x87, 0x02, 
	0x09, 0xa8, 0x06, 0x00, 0x00, 0xc8, 0x00, 0x06, 
	0x89, 0x04, 0x00, 0x00, 0x88, 0x06, 0x00, 0x00, 
	0x07, 0x32, 0x00, 0x00, 0x00, 0x19, 0x00, 0x06, 
	0x89, 0x04, 0x00, 0x00, 0x98, 0x06, 0x00, 0x00, 
	0x07, 0x32, 0x00, 0x00, 0x00, 0x07, 0x00, 0x06, 
	0x89, 0x04, 0x00, 0x00, 0xa8, 0x06, 0x00, 0x00, 
	0x07, 0x32, 0x00, 0x00, 0x00, 0x17, 0x00, 0x06, 
	0x89, 0x04, 0x00, 0x00, 0xb8, 0x06, 0x00, 0x00, 
	0x07, 0x32, 0x00, 0x00, 0x00, 0x1f, 0x00, 0x1e, 
	0xe8, 0x04, 0x63, 0x02, 0x03, 0xd0, 0x06, 0x00, 
	0x00, 0x1f, 0x14, 0x04, 0x00, 0x00, 0x04, 0x88, 
	0x02, 0x0b, 0x76, 0x05, 0x00, 0x00, 0x00, 0x06, 
	0x89, 0x04, 0x00, 0x00, 0xe0, 0x06, 0x00, 0x00, 
	0x07, 0x32, 0x00, 0x00, 0x00, 0x18, 0x00, 0x20, 
	0x53, 0x00, 0x00, 0x00, 0x04, 0xe0, 0x06, 0x00, 
	0x00, 0x11, 0xf5, 0x06, 0x00, 0x00, 0x03, 0x9d, 
	0x03, 0x00, 0x00, 0x00, 0x04, 0xea, 0x06, 0x00, 
	0x00, 0x04, 0x85, 0x01, 0x00, 0x00, 0x11, 0x0a, 
	0x07, 0x00, 0x00, 0x03, 0x39, 0x00, 0x00, 0x00, 
	0x00, 0x04, 0x0f, 0x07, 0x00, 0x00, 0x04, 0xff, 
	0x06, 0x00, 0x00, 0x21, 0xa0, 0x02, 0x00, 0x00, 
	0x04, 0x1d, 0x03, 0x17, 0x9d, 0x03, 0x00, 0x00, 
	0x22, 0x61, 0x0a, 0x00, 0x00, 0x01, 0x1a, 0x05, 
	0x39, 0x00, 0x00, 0x00, 0x05, 0x03, 0x60, 0x25, 
	0x01, 0x00, 0x23, 0x23, 0x04, 0x00, 0x00, 0x06, 
	0x2a, 0x01, 0x06, 0x4b, 0x07, 0x00, 0x00, 0x03, 
	0x9d, 0x03, 0x00, 0x00, 0x03, 0x09, 0x01, 0x00, 
	0x00, 0x00, 0x24, 0x0c, 0x04, 0x00, 0x00, 0x04, 
	0x9a, 0x03, 0x06, 0xf0, 0x03, 0x01, 0x00, 0xf0, 
	0x00, 0x00, 0x00, 0x01, 0x9c, 0x25, 0x70, 0x74, 
	0x72, 0x00, 0x01, 0x1f, 0x20, 0x9d, 0x03, 0x00, 
	0x00, 0x4b, 0x01, 0x00, 0x00, 0x3d, 0x01, 0x00, 
	0x00, 0x12, 0x0c, 0x00, 0x00, 0x00, 0xd6, 0x07, 
	0x00, 0x00, 0x26, 0x69, 0x00, 0x01, 0x2c, 0x08, 
	0x39, 0x00, 0x00, 0x00, 0x12, 0x15, 0x00, 0x00, 
	0x00, 0xc5, 0x07, 0x00, 0x00, 0x0d, 0x1b, 0x04, 
	0x00, 0x00, 0x2f, 0x18, 0x85, 0x01, 0x00, 0x00, 
	0x8e, 0x01, 0x00, 0x00, 0x8c, 0x01, 0x00, 0x00, 
	0x0d, 0x2b, 0x04, 0x00, 0x00, 0x2f, 0x22, 0x85, 
	0x01, 0x00, 0x00, 0x9c, 0x01, 0x00, 0x00, 0x96, 
	0x01, 0x00, 0x00, 0x0e, 0x80, 0x04, 0x01, 0x00, 
	0x33, 0x07, 0x00, 0x00, 0x0a, 0x01, 0x5a, 0x02, 
	0x78, 0x00, 0x00, 0x00, 0x0e, 0x48, 0x04, 0x01, 
	0x00, 0x33, 0x07, 0x00, 0x00, 0x0a, 0x01, 0x5a, 
	0x02, 0x78, 0x00, 0x00, 0x00, 0x27, 0x60, 0x04, 
	0x01, 0x00, 0x14, 0x00, 0x00, 0x00, 0x1a, 0x08, 
	0x00, 0x00, 0x0d, 0x1b, 0x04, 0x00, 0x00, 0x40, 
	0x1b, 0x85, 0x01, 0x00, 0x00, 0xb4, 0x01, 0x00, 
	0x00, 0xb0, 0x01, 0x00, 0x00, 0x0d, 0x2b, 0x04, 
	0x00, 0x00, 0x40, 0x25, 0x85, 0x01, 0x00, 0x00, 
	0xc4, 0x01, 0x00, 0x00, 0xc2, 0x01, 0x00, 0x00, 
	0x0e, 0x70, 0x04, 0x01, 0x00, 0x33, 0x07, 0x00, 
	0x00, 0x0a, 0x01, 0x5a, 0x02, 0x78, 0x00, 0x00, 
	0x00, 0x13, 0x58, 0x04, 0x01, 0x00, 0x33, 0x07, 
	0x00, 0x00, 0x2e, 0x08, 0x00, 0x00, 0x0a, 0x01, 
	0x5a, 0x02, 0x78, 0x00, 0x00, 0x13, 0x98, 0x04, 
	0x01, 0x00, 0x33, 0x07, 0x00, 0x00, 0x42, 0x08, 
	0x00, 0x00, 0x0a, 0x01, 0x5a, 0x02, 0x78, 0x00, 
	0x00, 0x28, 0xc0, 0x04, 0x01, 0x00, 0x0a, 0x01, 
	0x5a, 0x09, 0xa3, 0x03, 0xa5, 0x0a, 0x2b, 0xa8, 
	0x32, 0xa8, 0x00, 0x00, 0x00, 0x00, 0x53, 0x07, 
	0x00, 0x00, 0x05, 0x00, 0x01, 0x04, 0x02, 0x0a, 
	0x00, 0x00, 0x11, 0x0c, 0x03, 0x00, 0x00, 0x1d, 
	0x03, 0x47, 0x16, 0x03, 0x00, 0x15, 0x04, 0x00, 
	0x00, 0xef, 0x00, 0x00, 0x00, 0x19, 0x05, 0x00, 
	0x00, 0x12, 0x04, 0x05, 0x69, 0x6e, 0x74, 0x00, 
	0x05, 0x04, 0x07, 0x3d, 0x00, 0x00, 0x00, 0x05, 
	0x08, 0x05, 0x84, 0x00, 0x00, 0x00, 0x05, 0x10, 
	0x04, 0xad, 0x01, 0x00, 0x00, 0x05, 0x01, 0x06, 
	0xf5, 0x01, 0x00, 0x00, 0x05, 0x01, 0x08, 0xf3, 
	0x01, 0x00, 0x00, 0x05, 0x02, 0x05, 0x0f, 0x02, 
	0x00, 0x00, 0x05, 0x02, 0x07, 0x4a, 0x01, 0x00, 
	0x00, 0x05, 0x04, 0x05, 0x89, 0x00, 0x00, 0x00, 
	0x05, 0x04, 0x07, 0x38, 0x00, 0x00, 0x00, 0x05, 
	0x08, 0x07, 0x33, 0x00, 0x00, 0x00, 0x0d, 0x84, 
	0x01, 0x00, 0x00, 0x02, 0x76, 0x01, 0x17, 0x2a, 
	0x00, 0x00, 0x00, 0x09, 0x68, 0x0a, 0x00, 0x00, 
	0x03, 0x2e, 0x0e, 0x5b, 0x00, 0x00, 0x00, 0x09, 
	0xac, 0x02, 0x00, 0x00, 0x03, 0x74, 0x0e, 0x5b, 
	0x00, 0x00, 0x00, 0x09, 0xf9, 0x02, 0x00, 0x00, 
	0x03, 0x93, 0x17, 0x23, 0x00, 0x00, 0x00, 0x13, 
	0x04, 0x03, 0xa5, 0x03, 0xc1, 0x00, 0x00, 0x00, 
	0x0e, 0x7e, 0x01, 0x00, 0x00, 0xa7, 0x0c, 0x70, 
	0x00, 0x00, 0x00, 0x0e, 0x33, 0x01, 0x00, 0x00, 
	0xa8, 0x13, 0xc1, 0x00, 0x00, 0x00, 0x00, 0x06, 
	0x46, 0x00, 0x00, 0x00, 0xd1, 0x00, 0x00, 0x00, 
	0x07, 0x2a, 0x00, 0x00, 0x00, 0x03, 0x00, 0x14, 
	0x08, 0x03, 0xa2, 0x09, 0xf5, 0x00, 0x00, 0x00, 
	0x02, 0x8a, 0x02, 0x00, 0x00, 0x03, 0xa4, 0x07, 
	0x23, 0x00, 0x00, 0x00, 0x00, 0x02, 0x92, 0x02, 
	0x00, 0x00, 0x03, 0xa9, 0x05, 0xa1, 0x00, 0x00, 
	0x00, 0x04, 0x00, 0x09, 0x31, 0x02, 0x00, 0x00, 
	0x03, 0xaa, 0x03, 0xd1, 0x00, 0x00, 0x00, 0x15, 
	0x04, 0x09, 0xd5, 0x02, 0x00, 0x00, 0x04, 0x17, 
	0x19, 0x62, 0x00, 0x00, 0x00, 0x09, 0xe1, 0x01, 
	0x00, 0x00, 0x05, 0x0c, 0x0d, 0x23, 0x00, 0x00, 
	0x00, 0x09, 0xf6, 0x00, 0x00, 0x00, 0x04, 0x24, 
	0x1b, 0x0f, 0x01, 0x00, 0x00, 0x0a, 0x07, 0x01, 
	0x00, 0x00, 0x18, 0x35, 0x7d, 0x01, 0x00, 0x00, 
	0x02, 0x52, 0x02, 0x00, 0x00, 0x04, 0x37, 0x13, 
	0x7d, 0x01, 0x00, 0x00, 0x00, 0x08, 0x5f, 0x6b, 
	0x00, 0x38, 0x07, 0x23, 0x00, 0x00, 0x00, 0x04, 
	0x02, 0x7c, 0x02, 0x00, 0x00, 0x04, 0x38, 0x0b, 
	0x23, 0x00, 0x00, 0x00, 0x08, 0x02, 0xf0, 0x00, 
	0x00, 0x00, 0x04, 0x38, 0x14, 0x23, 0x00, 0x00, 
	0x00, 0x0c, 0x02, 0xea, 0x02, 0x00, 0x00, 0x04, 
	0x38, 0x1b, 0x23, 0x00, 0x00, 0x00, 0x10, 0x08, 
	0x5f, 0x78, 0x00, 0x39, 0x0b, 0x82, 0x01, 0x00, 
	0x00, 0x14, 0x00, 0x04, 0x27, 0x01, 0x00, 0x00, 
	0x06, 0x03, 0x01, 0x00, 0x00, 0x92, 0x01, 0x00, 
	0x00, 0x07, 0x2a, 0x00, 0x00, 0x00, 0x00, 0x00, 
	0x0a, 0x2e, 0x01, 0x00, 0x00, 0x24, 0x3d, 0x13, 
	0x02, 0x00, 0x00, 0x02, 0x7b, 0x00, 0x00, 0x00, 
	0x04, 0x3f, 0x09, 0x23, 0x00, 0x00, 0x00, 0x00, 
	0x02, 0xb4, 0x02, 0x00, 0x00, 0x04, 0x40, 0x09, 
	0x23, 0x00, 0x00, 0x00, 0x04, 0x02, 0x98, 0x00, 
	0x00, 0x00, 0x04, 0x41, 0x09, 0x23, 0x00, 0x00, 
	0x00, 0x08, 0x02, 0xd0, 0x03, 0x00, 0x00, 0x04, 
	0x42, 0x09, 0x23, 0x00, 0x00, 0x00, 0x0c, 0x02, 
	0xb9, 0x01, 0x00, 0x00, 0x04, 0x43, 0x09, 0x23, 
	0x00, 0x00, 0x00, 0x10, 0x02, 0xa3, 0x01, 0x00, 
	0x00, 0x04, 0x44, 0x09, 0x23, 0x00, 0x00, 0x00, 
	0x14, 0x02, 0xef, 0x02, 0x00, 0x00, 0x04, 0x45, 
	0x09, 0x23, 0x00, 0x00, 0x00, 0x18, 0x02, 0x19, 
	0x02, 0x00, 0x00, 0x04, 0x46, 0x09, 0x23, 0x00, 
	0x00, 0x00, 0x1c, 0x02, 0x97, 0x03, 0x00, 0x00, 
	0x04, 0x47, 0x09, 0x23, 0x00, 0x00, 0x00, 0x20, 
	0x00, 0x0a, 0x23, 0x02, 0x00, 0x00, 0x08, 0x74, 
	0x39, 0x02, 0x00, 0x00, 0x02, 0x80, 0x05, 0x00, 
	0x00, 0x04, 0x75, 0x11, 0x39, 0x02, 0x00, 0x00, 
	0x00, 0x02, 0xdf, 0x05, 0x00, 0x00, 0x04, 0x76, 
	0x06, 0x23, 0x00, 0x00, 0x00, 0x04, 0x00, 0x04, 
	0x46, 0x00, 0x00, 0x00, 0x0a, 0x3c, 0x02, 0x00, 
	0x00, 0x68, 0x99, 0x77, 0x03, 0x00, 0x00, 0x08, 
	0x5f, 0x70, 0x00, 0x9a, 0x12, 0x39, 0x02, 0x00, 
	0x00, 0x00, 0x08, 0x5f, 0x72, 0x00, 0x9b, 0x07, 
	0x23, 0x00, 0x00, 0x00, 0x04, 0x08, 0x5f, 0x77, 
	0x00, 0x9c, 0x07, 0x23, 0x00, 0x00, 0x00, 0x08, 
	0x02, 0xaa, 0x00, 0x00, 0x00, 0x04, 0x9d, 0x09, 
	0x4d, 0x00, 0x00, 0x00, 0x0c, 0x02, 0xf6, 0x07, 
	0x00, 0x00, 0x04, 0x9e, 0x09, 0x4d, 0x00, 0x00, 
	0x00, 0x0e, 0x08, 0x5f, 0x62, 0x66, 0x00, 0x9f, 
	0x11, 0x13, 0x02, 0x00, 0x00, 0x10, 0x02, 0x4a, 
	0x00, 0x00, 0x00, 0x04, 0xa0, 0x07, 0x23, 0x00, 
	0x00, 0x00, 0x18, 0x02, 0xa2, 0x00, 0x00, 0x00, 
	0x04, 0xa7, 0x0a, 0x01, 0x01, 0x00, 0x00, 0x1c, 
	0x02, 0x1e, 0x01, 0x00, 0x00, 0x04, 0xa9, 0x1d, 
	0x8d, 0x04, 0x00, 0x00, 0x20, 0x02, 0x9c, 0x01, 
	0x00, 0x00, 0x04, 0xab, 0x1d, 0xb5, 0x04, 0x00, 
	0x00, 0x24, 0x02, 0x9a, 0x02, 0x00, 0x00, 0x04, 
	0xae, 0x0d, 0xd8, 0x04, 0x00, 0x00, 0x28, 0x02, 
	0xb1, 0x03, 0x00, 0x00, 0x04, 0xaf, 0x09, 0xf1, 
	0x04, 0x00, 0x00, 0x2c, 0x08, 0x5f, 0x75, 0x62, 
	0x00, 0xb2, 0x11, 0x13, 0x02, 0x00, 0x00, 0x30, 
	0x08, 0x5f, 0x75, 0x70, 0x00, 0xb3, 0x12, 0x39, 
	0x02, 0x00, 0x00, 0x38, 0x08, 0x5f, 0x75, 0x72, 
	0x00, 0xb4, 0x07, 0x23, 0x00, 0x00, 0x00, 0x3c, 
	0x02, 0x92, 0x00, 0x00, 0x00, 0x04, 0xb7, 0x11, 
	0xf6, 0x04, 0x00, 0x00, 0x40, 0x02, 0x91, 0x03, 
	0x00, 0x00, 0x04, 0xb8, 0x11, 0x06, 0x05, 0x00, 
	0x00, 0x43, 0x08, 0x5f, 0x6c, 0x62, 0x00, 0xbb, 
	0x11, 0x13, 0x02, 0x00, 0x00, 0x44, 0x02, 0xb8, 
	0x00, 0x00, 0x00, 0x04, 0xbe, 0x07, 0x23, 0x00, 
	0x00, 0x00, 0x4c, 0x02, 0xc9, 0x00, 0x00, 0x00, 
	0x04, 0xbf, 0x0a, 0x7d, 0x00, 0x00, 0x00, 0x50, 
	0x02, 0x3f, 0x04, 0x00, 0x00, 0x04, 0xc2, 0x12, 
	0x95, 0x03, 0x00, 0x00, 0x54, 0x02, 0xb7, 0x04, 
	0x00, 0x00, 0x04, 0xc6, 0x0c, 0x1b, 0x01, 0x00, 
	0x00, 0x58, 0x02, 0x44, 0x02, 0x00, 0x00, 0x04, 
	0xc8, 0x0e, 0xf5, 0x00, 0x00, 0x00, 0x5c, 0x02, 
	0x94, 0x01, 0x00, 0x00, 0x04, 0xc9, 0x09, 0x23, 
	0x00, 0x00, 0x00, 0x64, 0x00, 0x0b, 0x95, 0x00, 
	0x00, 0x00, 0x95, 0x03, 0x00, 0x00, 0x03, 0x95, 
	0x03, 0x00, 0x00, 0x03, 0x01, 0x01, 0x00, 0x00, 
	0x03, 0x7c, 0x04, 0x00, 0x00, 0x03, 0x23, 0x00, 
	0x00, 0x00, 0x00, 0x04, 0x9a, 0x03, 0x00, 0x00, 
	0x16, 0x14, 0x04, 0x00, 0x00, 0x40, 0x01, 0x04, 
	0x42, 0x02, 0x08, 0x7c, 0x04, 0x00, 0x00, 0x01, 
	0x60, 0x0a, 0x00, 0x00, 0x44, 0x02, 0x07, 0x23, 
	0x00, 0x00, 0x00, 0x00, 0x01, 0xb1, 0x00, 0x00, 
	0x00, 0x49, 0x02, 0x0b, 0x3f, 0x05, 0x00, 0x00, 
	0x04, 0x01, 0x3a, 0x01, 0x00, 0x00, 0x49, 0x02, 
	0x14, 0x3f, 0x05, 0x00, 0x00, 0x08, 0x01, 0xff, 
	0x00, 0x00, 0x00, 0x49, 0x02, 0x1e, 0x3f, 0x05, 
	0x00, 0x00, 0x0c, 0x01, 0x65, 0x02, 0x00, 0x00, 
	0x4b, 0x02, 0x08, 0x23, 0x00, 0x00, 0x00, 0x10, 
	0x01, 0x08, 0x00, 0x00, 0x00, 0x4c, 0x02, 0x08, 
	0xe4, 0x06, 0x00, 0x00, 0x14, 0x01, 0x6a, 0x02, 
	0x00, 0x00, 0x51, 0x02, 0x16, 0xf9, 0x06, 0x00, 
	0x00, 0x30, 0x01, 0x72, 0x02, 0x00, 0x00, 0x57, 
	0x02, 0x0a, 0x09, 0x07, 0x00, 0x00, 0x34, 0x01, 
	0x76, 0x01, 0x00, 0x00, 0x5a, 0x02, 0x13, 0x7d, 
	0x01, 0x00, 0x00, 0x38, 0x01, 0x24, 0x01, 0x00, 
	0x00, 0x5b, 0x02, 0x07, 0x23, 0x00, 0x00, 0x00, 
	0x3c, 0x01, 0xcb, 0x03, 0x00, 0x00, 0x5c, 0x02, 
	0x13, 0x7d, 0x01, 0x00, 0x00, 0x40, 0x01, 0xc2, 
	0x01, 0x00, 0x00, 0x5d, 0x02, 0x14, 0x0e, 0x07, 
	0x00, 0x00, 0x44, 0x01, 0x42, 0x01, 0x00, 0x00, 
	0x60, 0x02, 0x07, 0x23, 0x00, 0x00, 0x00, 0x48, 
	0x01, 0xc1, 0x00, 0x00, 0x00, 0x61, 0x02, 0x09, 
	0x7c, 0x04, 0x00, 0x00, 0x4c, 0x01, 0x01, 0x02, 
	0x00, 0x00, 0x90, 0x02, 0x07, 0xcc, 0x06, 0x00, 
	0x00, 0x50, 0x17, 0x87, 0x03, 0x00, 0x00, 0x04, 
	0x98, 0x02, 0x0b, 0x1e, 0x07, 0x00, 0x00, 0x38, 
	0x01, 0x00, 0x04, 0x81, 0x04, 0x00, 0x00, 0x05, 
	0x01, 0x08, 0xfc, 0x01, 0x00, 0x00, 0x18, 0x81, 
	0x04, 0x00, 0x00, 0x04, 0x77, 0x03, 0x00, 0x00, 
	0x0b, 0x95, 0x00, 0x00, 0x00, 0xb0, 0x04, 0x00, 
	0x00, 0x03, 0x95, 0x03, 0x00, 0x00, 0x03, 0x01, 
	0x01, 0x00, 0x00, 0x03, 0xb0, 0x04, 0x00, 0x00, 
	0x03, 0x23, 0x00, 0x00, 0x00, 0x00, 0x04, 0x88, 
	0x04, 0x00, 0x00, 0x04, 0x92, 0x04, 0x00, 0x00, 
	0x0b, 0x89, 0x00, 0x00, 0x00, 0xd8, 0x04, 0x00, 
	0x00, 0x03, 0x95, 0x03, 0x00, 0x00, 0x03, 0x01, 
	0x01, 0x00, 0x00, 0x03, 0x89, 0x00, 0x00, 0x00, 
	0x03, 0x23, 0x00, 0x00, 0x00, 0x00, 0x04, 0xba, 
	0x04, 0x00, 0x00, 0x0b, 0x23, 0x00, 0x00, 0x00, 
	0xf1, 0x04, 0x00, 0x00, 0x03, 0x95, 0x03, 0x00, 
	0x00, 0x03, 0x01, 0x01, 0x00, 0x00, 0x00, 0x04, 
	0xdd, 0x04, 0x00, 0x00, 0x06, 0x46, 0x00, 0x00, 
	0x00, 0x06, 0x05, 0x00, 0x00, 0x07, 0x2a, 0x00, 
	0x00, 0x00, 0x02, 0x00, 0x06, 0x46, 0x00, 0x00, 
	0x00, 0x16, 0x05, 0x00, 0x00, 0x07, 0x2a, 0x00, 
	0x00, 0x00, 0x00, 0x00, 0x0d, 0x2a, 0x02, 0x00, 
	0x00, 0x04, 0x0e, 0x01, 0x1a, 0x3e, 0x02, 0x00, 
	0x00, 0x06, 0x16, 0x05, 0x00, 0x00, 0x33, 0x05, 
	0x00, 0x00, 0x07, 0x2a, 0x00, 0x00, 0x00, 0x02, 
	0x00, 0x0c, 0x33, 0x04, 0x00, 0x00, 0x12, 0x01, 
	0x0f, 0x23, 0x05, 0x00, 0x00, 0x04, 0x16, 0x05, 
	0x00, 0x00, 0x19, 0x00, 0x00, 0x00, 0x00, 0x0e, 
	0x04, 0x32, 0x01, 0x08, 0x7a, 0x05, 0x00, 0x00, 
	0x01, 0x84, 0x02, 0x00, 0x00, 0x33, 0x01, 0x12, 
	0x7a, 0x05, 0x00, 0x00, 0x00, 0x01, 0xbd, 0x02, 
	0x00, 0x00, 0x34, 0x01, 0x12, 0x7a, 0x05, 0x00, 
	0x00, 0x06, 0x01, 0xd0, 0x02, 0x00, 0x00, 0x35, 
	0x01, 0x12, 0x54, 0x00, 0x00, 0x00, 0x0c, 0x00, 
	0x06, 0x54, 0x00, 0x00, 0x00, 0x8a, 0x05, 0x00, 
	0x00, 0x07, 0x2a, 0x00, 0x00, 0x00, 0x02, 0x00, 
	0x1a, 0xe8, 0x04, 0x65, 0x02, 0x07, 0x8c, 0x06, 
	0x00, 0x00, 0x01, 0xc3, 0x02, 0x00, 0x00, 0x6a, 
	0x02, 0x12, 0x7c, 0x04, 0x00, 0x00, 0x00, 0x01, 
	0x69, 0x01, 0x00, 0x00, 0x6b, 0x02, 0x10, 0x8c, 
	0x06, 0x00, 0x00, 0x04, 0x01, 0xa2, 0x03, 0x00, 
	0x00, 0x6c, 0x02, 0x17, 0x92, 0x01, 0x00, 0x00, 
	0x20, 0x01, 0x0f, 0x01, 0x00, 0x00, 0x6d, 0x02, 
	0x0f, 0x23, 0x00, 0x00, 0x00, 0x44, 0x01, 0x4d, 
	0x02, 0x00, 0x00, 0x6e, 0x02, 0x2c, 0x69, 0x00, 
	0x00, 0x00, 0x48, 0x01, 0xb8, 0x03, 0x00, 0x00, 
	0x6f, 0x02, 0x1a, 0x44, 0x05, 0x00, 0x00, 0x50, 
	0x01, 0x58, 0x02, 0x00, 0x00, 0x70, 0x02, 0x16, 
	0xf5, 0x00, 0x00, 0x00, 0x60, 0x01, 0xbd, 0x03, 
	0x00, 0x00, 0x71, 0x02, 0x16, 0xf5, 0x00, 0x00, 
	0x00, 0x68, 0x01, 0x6d, 0x00, 0x00, 0x00, 0x72, 
	0x02, 0x16, 0xf5, 0x00, 0x00, 0x00, 0x70, 0x01, 
	0x02, 0x03, 0x00, 0x00, 0x73, 0x02, 0x10, 0x9c, 
	0x06, 0x00, 0x00, 0x78, 0x01, 0x5d, 0x01, 0x00, 
	0x00, 0x74, 0x02, 0x10, 0xac, 0x06, 0x00, 0x00, 
	0x80, 0x01, 0xdd, 0x02, 0x00, 0x00, 0x75, 0x02, 
	0x0f, 0x23, 0x00, 0x00, 0x00, 0x98, 0x01, 0xe2, 
	0x00, 0x00, 0x00, 0x76, 0x02, 0x16, 0xf5, 0x00, 
	0x00, 0x00, 0x9c, 0x01, 0x5e, 0x00, 0x00, 0x00, 
	0x77, 0x02, 0x16, 0xf5, 0x00, 0x00, 0x00, 0xa4, 
	0x01, 0xd1, 0x00, 0x00, 0x00, 0x78, 0x02, 0x16, 
	0xf5, 0x00, 0x00, 0x00, 0xac, 0x01, 0x13, 0x00, 
	0x00, 0x00, 0x79, 0x02, 0x16, 0xf5, 0x00, 0x00, 
	0x00, 0xb4, 0x01, 0x22, 0x00, 0x00, 0x00, 0x7a, 
	0x02, 0x16, 0xf5, 0x00, 0x00, 0x00, 0xbc, 0x01, 
	0x06, 0x02, 0x00, 0x00, 0x7b, 0x02, 0x08, 0x23, 
	0x00, 0x00, 0x00, 0xc4, 0x01, 0xcc, 0x01, 0x00, 
	0x00, 0x87, 0x02, 0x09, 0xbc, 0x06, 0x00, 0x00, 
	0xc8, 0x00, 0x06, 0x81, 0x04, 0x00, 0x00, 0x9c, 
	0x06, 0x00, 0x00, 0x07, 0x2a, 0x00, 0x00, 0x00, 
	0x19, 0x00, 0x06, 0x81, 0x04, 0x00, 0x00, 0xac, 
	0x06, 0x00, 0x00, 0x07, 0x2a, 0x00, 0x00, 0x00, 
	0x07, 0x00, 0x06, 0x81, 0x04, 0x00, 0x00, 0xbc, 
	0x06, 0x00, 0x00, 0x07, 0x2a, 0x00, 0x00, 0x00, 
	0x17, 0x00, 0x06, 0x81, 0x04, 0x00, 0x00, 0xcc, 
	0x06, 0x00, 0x00, 0x07, 0x2a, 0x00, 0x00, 0x00, 
	0x1f, 0x00, 0x1b, 0xe8, 0x04, 0x63, 0x02, 0x03, 
	0xe4, 0x06, 0x00, 0x00, 0x1c, 0x14, 0x04, 0x00, 
	0x00, 0x04, 0x88, 0x02, 0x0b, 0x8a, 0x05, 0x00, 
	0x00, 0x00, 0x06, 0x81, 0x04, 0x00, 0x00, 0xf4, 
	0x06, 0x00, 0x00, 0x07, 0x2a, 0x00, 0x00, 0x00, 
	0x18, 0x00, 0x1d, 0x53, 0x00, 0x00, 0x00, 0x04, 
	0xf4, 0x06, 0x00, 0x00, 0x0f, 0x09, 0x07, 0x00, 
	0x00, 0x03, 0x95, 0x03, 0x00, 0x00, 0x00, 0x04, 
	0xfe, 0x06, 0x00, 0x00, 0x04, 0x7d, 0x01, 0x00, 
	0x00, 0x0f, 0x1e, 0x07, 0x00, 0x00, 0x03, 0x23, 
	0x00, 0x00, 0x00, 0x00, 0x04, 0x23, 0x07, 0x00, 
	0x00, 0x04, 0x13, 0x07, 0x00, 0x00, 0x0c, 0xa0, 
	0x02, 0x00, 0x00, 0x1d, 0x03, 0x17, 0x95, 0x03, 
	0x00, 0x00, 0x0c, 0x38, 0x04, 0x00, 0x00, 0x23, 
	0x03, 0x16, 0x9a, 0x03, 0x00, 0x00, 0x10, 0x34, 
	0x07, 0x00, 0x00, 0x05, 0x03, 0x00, 0x20, 0x01, 
	0x00, 0x10, 0x28, 0x07, 0x00, 0x00, 0x05, 0x03, 
	0x54, 0x25, 0x01, 0x00, 0x00, 0xe2, 0x07, 0x00, 
	0x00, 0x05, 0x00, 0x01, 0x04, 0x8d, 0x0b, 0x00, 
	0x00, 0x11, 0x0c, 0x03, 0x00, 0x00, 0x1d, 0x03, 
	0x47, 0x16, 0x03, 0x00, 0x6d, 0x04, 0x00, 0x00, 
	0xef, 0x00, 0x00, 0x00, 0xe0, 0x04, 0x01, 0x00, 
	0x50, 0x00, 0x00, 0x00, 0x79, 0x05, 0x00, 0x00, 
	0x05, 0x08, 0x07, 0x33, 0x00, 0x00, 0x00, 0x05, 
	0x04, 0x07, 0x3d, 0x00, 0x00, 0x00, 0x12, 0x04, 
	0x05, 0x69, 0x6e, 0x74, 0x00, 0x05, 0x08, 0x05, 
	0x84, 0x00, 0x00, 0x00, 0x05, 0x10, 0x04, 0xad, 
	0x01, 0x00, 0x00, 0x05, 0x01, 0x06, 0xf5, 0x01, 
	0x00, 0x00, 0x05, 0x01, 0x08, 0xf3, 0x01, 0x00, 
	0x00, 0x05, 0x02, 0x05, 0x0f, 0x02, 0x00, 0x00, 
	0x05, 0x02, 0x07, 0x4a, 0x01, 0x00, 0x00, 0x05, 
	0x04, 0x05, 0x89, 0x00, 0x00, 0x00, 0x05, 0x04, 
	0x07, 0x38, 0x00, 0x00, 0x00, 0x0e, 0x84, 0x01, 
	0x00, 0x00, 0x02, 0x76, 0x01, 0x17, 0x32, 0x00, 
	0x00, 0x00, 0x09, 0x68, 0x0a, 0x00, 0x00, 0x03, 
	0x2e, 0x0e, 0x6a, 0x00, 0x00, 0x00, 0x09, 0xac, 
	0x02, 0x00, 0x00, 0x03, 0x74, 0x0e, 0x6a, 0x00, 
	0x00, 0x00, 0x09, 0xf9, 0x02, 0x00, 0x00, 0x03, 
	0x93, 0x17, 0x39, 0x00, 0x00, 0x00, 0x13, 0x04, 
	0x03, 0xa5, 0x03, 0xc9, 0x00, 0x00, 0x00, 0x0f, 
	0x7e, 0x01, 0x00, 0x00, 0xa7, 0x0c, 0x78, 0x00, 
	0x00, 0x00, 0x0f, 0x33, 0x01, 0x00, 0x00, 0xa8, 
	0x13, 0xc9, 0x00, 0x00, 0x00, 0x00, 0x06, 0x55, 
	0x00, 0x00, 0x00, 0xd9, 0x00, 0x00, 0x00, 0x07, 
	0x32, 0x00, 0x00, 0x00, 0x03, 0x00, 0x14, 0x08, 
	0x03, 0xa2, 0x09, 0xfd, 0x00, 0x00, 0x00, 0x02, 
	0x8a, 0x02, 0x00, 0x00, 0x03, 0xa4, 0x07, 0x39, 
	0x00, 0x00, 0x00, 0x00, 0x02, 0x92, 0x02, 0x00, 
	0x00, 0x03, 0xa9, 0x05, 0xa9, 0x00, 0x00, 0x00, 
	0x04, 0x00, 0x09, 0x31, 0x02, 0x00, 0x00, 0x03, 
	0xaa, 0x03, 0xd9, 0x00, 0x00, 0x00, 0x15, 0x04, 
	0x09, 0xd5, 0x02, 0x00, 0x00, 0x04, 0x17, 0x19, 
	0x71, 0x00, 0x00, 0x00, 0x09, 0xe1, 0x01, 0x00, 
	0x00, 0x05, 0x0c, 0x0d, 0x39, 0x00, 0x00, 0x00, 
	0x09, 0xf6, 0x00, 0x00, 0x00, 0x04, 0x24, 0x1b, 
	0x17, 0x01, 0x00, 0x00, 0x0a, 0x07, 0x01, 0x00, 
	0x00, 0x18, 0x35, 0x85, 0x01, 0x00, 0x00, 0x02, 
	0x52, 0x02, 0x00, 0x00, 0x04, 0x37, 0x13, 0x85, 
	0x01, 0x00, 0x00, 0x00, 0x08, 0x5f, 0x6b, 0x00, 
	0x38, 0x07, 0x39, 0x00, 0x00, 0x00, 0x04, 0x02, 
	0x7c, 0x02, 0x00, 0x00, 0x04, 0x38, 0x0b, 0x39, 
	0x00, 0x00, 0x00, 0x08, 0x02, 0xf0, 0x00, 0x00, 
	0x00, 0x04, 0x38, 0x14, 0x39, 0x00, 0x00, 0x00, 
	0x0c, 0x02, 0xea, 0x02, 0x00, 0x00, 0x04, 0x38, 
	0x1b, 0x39, 0x00, 0x00, 0x00, 0x10, 0x08, 0x5f, 
	0x78, 0x00, 0x39, 0x0b, 0x8a, 0x01, 0x00, 0x00, 
	0x14, 0x00, 0x04, 0x2f, 0x01, 0x00, 0x00, 0x06, 
	0x0b, 0x01, 0x00, 0x00, 0x9a, 0x01, 0x00, 0x00, 
	0x07, 0x32, 0x00, 0x00, 0x00, 0x00, 0x00, 0x0a, 
	0x2e, 0x01, 0x00, 0x00, 0x24, 0x3d, 0x1b, 0x02, 
	0x00, 0x00, 0x02, 0x7b, 0x00, 0x00, 0x00, 0x04, 
	0x3f, 0x09, 0x39, 0x00, 0x00, 0x00, 0x00, 0x02, 
	0xb4, 0x02, 0x00, 0x00, 0x04, 0x40, 0x09, 0x39, 
	0x00, 0x00, 0x00, 0x04, 0x02, 0x98, 0x00, 0x00, 
	0x00, 0x04, 0x41, 0x09, 0x39, 0x00, 0x00, 0x00, 
	0x08, 0x02, 0xd0, 0x03, 0x00, 0x00, 0x04, 0x42, 
	0x09, 0x39, 0x00, 0x00, 0x00, 0x0c, 0x02, 0xb9, 
	0x01, 0x00, 0x00, 0x04, 0x43, 0x09, 0x39, 0x00, 
	0x00, 0x00, 0x10, 0x02, 0xa3, 0x01, 0x00, 0x00, 
	0x04, 0x44, 0x09, 0x39, 0x00, 0x00, 0x00, 0x14, 
	0x02, 0xef, 0x02, 0x00, 0x00, 0x04, 0x45, 0x09, 
	0x39, 0x00, 0x00, 0x00, 0x18, 0x02, 0x19, 0x02, 
	0x00, 0x00, 0x04, 0x46, 0x09, 0x39, 0x00, 0x00, 
	0x00, 0x1c, 0x02, 0x97, 0x03, 0x00, 0x00, 0x04, 
	0x47, 0x09, 0x39, 0x00, 0x00, 0x00, 0x20, 0x00, 
	0x0a, 0x23, 0x02, 0x00, 0x00, 0x08, 0x74, 0x41, 
	0x02, 0x00, 0x00, 0x02, 0x80, 0x05, 0x00, 0x00, 
	0x04, 0x75, 0x11, 0x41, 0x02, 0x00, 0x00, 0x00, 
	0x02, 0xdf, 0x05, 0x00, 0x00, 0x04, 0x76, 0x06, 
	0x39, 0x00, 0x00, 0x00, 0x04, 0x00, 0x04, 0x55, 
	0x00, 0x00, 0x00, 0x0a, 0x3c, 0x02, 0x00, 0x00, 
	0x68, 0x99, 0x7f, 0x03, 0x00, 0x00, 0x08, 0x5f, 
	0x70, 0x00, 0x9a, 0x12, 0x41, 0x02, 0x00, 0x00, 
	0x00, 0x08, 0x5f, 0x72, 0x00, 0x9b, 0x07, 0x39, 
	0x00, 0x00, 0x00, 0x04, 0x08, 0x5f, 0x77, 0x00, 
	0x9c, 0x07, 0x39, 0x00, 0x00, 0x00, 0x08, 0x02, 
	0xaa, 0x00, 0x00, 0x00, 0x04, 0x9d, 0x09, 0x5c, 
	0x00, 0x00, 0x00, 0x0c, 0x02, 0xf6, 0x07, 0x00, 
	0x00, 0x04, 0x9e, 0x09, 0x5c, 0x00, 0x00, 0x00, 
	0x0e, 0x08, 0x5f, 0x62, 0x66, 0x00, 0x9f, 0x11, 
	0x1b, 0x02, 0x00, 0x00, 0x10, 0x02, 0x4a, 0x00, 
	0x00, 0x00, 0x04, 0xa0, 0x07, 0x39, 0x00, 0x00, 
	0x00, 0x18, 0x02, 0xa2, 0x00, 0x00, 0x00, 0x04, 
	0xa7, 0x0a, 0x09, 0x01, 0x00, 0x00, 0x1c, 0x02, 
	0x1e, 0x01, 0x00, 0x00, 0x04, 0xa9, 0x1d, 0x95, 
	0x04, 0x00, 0x00, 0x20, 0x02, 0x9c, 0x01, 0x00, 
	0x00, 0x04, 0xab, 0x1d, 0xbd, 0x04, 0x00, 0x00, 
	0x24, 0x02, 0x9a, 0x02, 0x00, 0x00, 0x04, 0xae, 
	0x0d, 0xe0, 0x04, 0x00, 0x00, 0x28, 0x02, 0xb1, 
	0x03, 0x00, 0x00, 0x04, 0xaf, 0x09, 0xf9, 0x04, 
	0x00, 0x00, 0x2c, 0x08, 0x5f, 0x75, 0x62, 0x00, 
	0xb2, 0x11, 0x1b, 0x02, 0x00, 0x00, 0x30, 0x08, 
	0x5f, 0x75, 0x70, 0x00, 0xb3, 0x12, 0x41, 0x02, 
	0x00, 0x00, 0x38, 0x08, 0x5f, 0x75, 0x72, 0x00, 
	0xb4, 0x07, 0x39, 0x00, 0x00, 0x00, 0x3c, 0x02, 
	0x92, 0x00, 0x00, 0x00, 0x04, 0xb7, 0x11, 0xfe, 
	0x04, 0x00, 0x00, 0x40, 0x02, 0x91, 0x03, 0x00, 
	0x00, 0x04, 0xb8, 0x11, 0x0e, 0x05, 0x00, 0x00, 
	0x43, 0x08, 0x5f, 0x6c, 0x62, 0x00, 0xbb, 0x11, 
	0x1b, 0x02, 0x00, 0x00, 0x44, 0x02, 0xb8, 0x00, 
	0x00, 0x00, 0x04, 0xbe, 0x07, 0x39, 0x00, 0x00, 
	0x00, 0x4c, 0x02, 0xc9, 0x00, 0x00, 0x00, 0x04, 
	0xbf, 0x0a, 0x85, 0x00, 0x00, 0x00, 0x50, 0x02, 
	0x3f, 0x04, 0x00, 0x00, 0x04, 0xc2, 0x12, 0x9d, 
	0x03, 0x00, 0x00, 0x54, 0x02, 0xb7, 0x04, 0x00, 
	0x00, 0x04, 0xc6, 0x0c, 0x23, 0x01, 0x00, 0x00, 
	0x58, 0x02, 0x44, 0x02, 0x00, 0x00, 0x04, 0xc8, 
	0x0e, 0xfd, 0x00, 0x00, 0x00, 0x5c, 0x02, 0x94, 
	0x01, 0x00, 0x00, 0x04, 0xc9, 0x09, 0x39, 0x00, 
	0x00, 0x00, 0x64, 0x00, 0x0b, 0x9d, 0x00, 0x00, 
	0x00, 0x9d, 0x03, 0x00, 0x00, 0x03, 0x9d, 0x03, 
	0x00, 0x00, 0x03, 0x09, 0x01, 0x00, 0x00, 0x03, 
	0x84, 0x04, 0x00, 0x00, 0x03, 0x39, 0x00, 0x00, 
	0x00, 0x00, 0x04, 0xa2, 0x03, 0x00, 0x00, 0x16, 
	0x14, 0x04, 0x00, 0x00, 0x40, 0x01, 0x04, 0x42, 
	0x02, 0x08, 0x84, 0x04, 0x00, 0x00, 0x01, 0x60, 
	0x0a, 0x00, 0x00, 0x44, 0x02, 0x07, 0x39, 0x00, 
	0x00, 0x00, 0x00, 0x01, 0xb1, 0x00, 0x00, 0x00, 
	0x49, 0x02, 0x0b, 0x2b, 0x05, 0x00, 0x00, 0x04, 
	0x01, 0x3a, 0x01, 0x00, 0x00, 0x49, 0x02, 0x14, 
	0x2b, 0x05, 0x00, 0x00, 0x08, 0x01, 0xff, 0x00, 
	0x00, 0x00, 0x49, 0x02, 0x1e, 0x2b, 0x05, 0x00, 
	0x00, 0x0c, 0x01, 0x65, 0x02, 0x00, 0x00, 0x4b, 
	0x02, 0x08, 0x39, 0x00, 0x00, 0x00, 0x10, 0x01, 
	0x08, 0x00, 0x00, 0x00, 0x4c, 0x02, 0x08, 0xd0, 
	0x06, 0x00, 0x00, 0x14, 0x01, 0x6a, 0x02, 0x00, 
	0x00, 0x51, 0x02, 0x16, 0xe5, 0x06, 0x00, 0x00, 
	0x30, 0x01, 0x72, 0x02, 0x00, 0x00, 0x57, 0x02, 
	0x0a, 0xf5, 0x06, 0x00, 0x00, 0x34, 0x01, 0x76, 
	0x01, 0x00, 0x00, 0x5a, 0x02, 0x13, 0x85, 0x01, 
	0x00, 0x00, 0x38, 0x01, 0x24, 0x01, 0x00, 0x00, 
	0x5b, 0x02, 0x07, 0x39, 0x00, 0x00, 0x00, 0x3c, 
	0x01, 0xcb, 0x03, 0x00, 0x00, 0x5c, 0x02, 0x13, 
	0x85, 0x01, 0x00, 0x00, 0x40, 0x01, 0xc2, 0x01, 
	0x00, 0x00, 0x5d, 0x02, 0x14, 0xfa, 0x06, 0x00, 
	0x00, 0x44, 0x01, 0x42, 0x01, 0x00, 0x00, 0x60, 
	0x02, 0x07, 0x39, 0x00, 0x00, 0x00, 0x48, 0x01, 
	0xc1, 0x00, 0x00, 0x00, 0x61, 0x02, 0x09, 0x84, 
	0x04, 0x00, 0x00, 0x4c, 0x01, 0x01, 0x02, 0x00, 
	0x00, 0x90, 0x02, 0x07, 0xb8, 0x06, 0x00, 0x00, 
	0x50, 0x17, 0x87, 0x03, 0x00, 0x00, 0x04, 0x98, 
	0x02, 0x0b, 0x0a, 0x07, 0x00, 0x00, 0x38, 0x01, 
	0x00, 0x04, 0x89, 0x04, 0x00, 0x00, 0x05, 0x01, 
	0x08, 0xfc, 0x01, 0x00, 0x00, 0x18, 0x89, 0x04, 
	0x00, 0x00, 0x04, 0x7f, 0x03, 0x00, 0x00, 0x0b, 
	0x9d, 0x00, 0x00, 0x00, 0xb8, 0x04, 0x00, 0x00, 
	0x03, 0x9d, 0x03, 0x00, 0x00, 0x03, 0x09, 0x01, 
	0x00, 0x00, 0x03, 0xb8, 0x04, 0x00, 0x00, 0x03, 
	0x39, 0x00, 0x00, 0x00, 0x00, 0x04, 0x90, 0x04, 
	0x00, 0x00, 0x04, 0x9a, 0x04, 0x00, 0x00, 0x0b, 
	0x91, 0x00, 0x00, 0x00, 0xe0, 0x04, 0x00, 0x00, 
	0x03, 0x9d, 0x03, 0x00, 0x00, 0x03, 0x09, 0x01, 
	0x00, 0x00, 0x03, 0x91, 0x00, 0x00, 0x00, 0x03, 
	0x39, 0x00, 0x00, 0x00, 0x00, 0x04, 0xc2, 0x04, 
	0x00, 0x00, 0x0b, 0x39, 0x00, 0x00, 0x00, 0xf9, 
	0x04, 0x00, 0x00, 0x03, 0x9d, 0x03, 0x00, 0x00, 
	0x03, 0x09, 0x01, 0x00, 0x00, 0x00, 0x04, 0xe5, 
	0x04, 0x00, 0x00, 0x06, 0x55, 0x00, 0x00, 0x00, 
	0x0e, 0x05, 0x00, 0x00, 0x07, 0x32, 0x00, 0x00, 
	0x00, 0x02, 0x00, 0x06, 0x55, 0x00, 0x00, 0x00, 
	0x1e, 0x05, 0x00, 0x00, 0x07, 0x32, 0x00, 0x00, 
	0x00, 0x00, 0x00, 0x0e, 0x2a, 0x02, 0x00, 0x00, 
	0x04, 0x0e, 0x01, 0x1a, 0x46, 0x02, 0x00, 0x00, 
	0x04, 0x1e, 0x05, 0x00, 0x00, 0x19, 0x00, 0x00, 
	0x00, 0x00, 0x0e, 0x04, 0x32, 0x01, 0x08, 0x66, 
	0x05, 0x00, 0x00, 0x01, 0x84, 0x02, 0x00, 0x00, 
	0x33, 0x01, 0x12, 0x66, 0x05, 0x00, 0x00, 0x00, 
	0x01, 0xbd, 0x02, 0x00, 0x00, 0x34, 0x01, 0x12, 
	0x66, 0x05, 0x00, 0x00, 0x06, 0x01, 0xd0, 0x02, 
	0x00, 0x00, 0x35, 0x01, 0x12, 0x63, 0x00, 0x00, 
	0x00, 0x0c, 0x00, 0x06, 0x63, 0x00, 0x00, 0x00, 
	0x76, 0x05, 0x00, 0x00, 0x07, 0x32, 0x00, 0x00, 
	0x00, 0x02, 0x00, 0x1a, 0xe8, 0x04, 0x65, 0x02, 
	0x07, 0x78, 0x06, 0x00, 0x00, 0x01, 0xc3, 0x02, 
	0x00, 0x00, 0x6a, 0x02, 0x12, 0x84, 0x04, 0x00, 
	0x00, 0x00, 0x01, 0x69, 0x01, 0x00, 0x00, 0x6b, 
	0x02, 0x10, 0x78, 0x06, 0x00, 0x00, 0x04, 0x01, 
	0xa2, 0x03, 0x00, 0x00, 0x6c, 0x02, 0x17, 0x9a, 
	0x01, 0x00, 0x00, 0x20, 0x01, 0x0f, 0x01, 0x00, 
	0x00, 0x6d, 0x02, 0x0f, 0x39, 0x00, 0x00, 0x00, 
	0x44, 0x01, 0x4d, 0x02, 0x00, 0x00, 0x6e, 0x02, 
	0x2c, 0x2b, 0x00, 0x00, 0x00, 0x48, 0x01, 0xb8, 
	0x03, 0x00, 0x00, 0x6f, 0x02, 0x1a, 0x30, 0x05, 
	0x00, 0x00, 0x50, 0x01, 0x58, 0x02, 0x00, 0x00, 
	0x70, 0x02, 0x16, 0xfd, 0x00, 0x00, 0x00, 0x60, 
	0x01, 0xbd, 0x03, 0x00, 0x00, 0x71, 0x02, 0x16, 
	0xfd, 0x00, 0x00, 0x00, 0x68, 0x01, 0x6d, 0x00, 
	0x00, 0x00, 0x72, 0x02, 0x16, 0xfd, 0x00, 0x00, 
	0x00, 0x70, 0x01, 0x02, 0x03, 0x00, 0x00, 0x73, 
	0x02, 0x10, 0x88, 0x06, 0x00, 0x00, 0x78, 0x01, 
	0x5d, 0x01, 0x00, 0x00, 0x74, 0x02, 0x10, 0x98, 
	0x06, 0x00, 0x00, 0x80, 0x01, 0xdd, 0x02, 0x00, 
	0x00, 0x75, 0x02, 0x0f, 0x39, 0x00, 0x00, 0x00, 
	0x98, 0x01, 0xe2, 0x00, 0x00, 0x00, 0x76, 0x02, 
	0x16, 0xfd, 0x00, 0x00, 0x00, 0x9c, 0x01, 0x5e, 
	0x00, 0x00, 0x00, 0x77, 0x02, 0x16, 0xfd, 0x00, 
	0x00, 0x00, 0xa4, 0x01, 0xd1, 0x00, 0x00, 0x00, 
	0x78, 0x02, 0x16, 0xfd, 0x00, 0x00, 0x00, 0xac, 
	0x01, 0x13, 0x00, 0x00, 0x00, 0x79, 0x02, 0x16, 
	0xfd, 0x00, 0x00, 0x00, 0xb4, 0x01, 0x22, 0x00, 
	0x00, 0x00, 0x7a, 0x02, 0x16, 0xfd, 0x00, 0x00, 
	0x00, 0xbc, 0x01, 0x06, 0x02, 0x00, 0x00, 0x7b, 
	0x02, 0x08, 0x39, 0x00, 0x00, 0x00, 0xc4, 0x01, 
	0xcc, 0x01, 0x00, 0x00, 0x87, 0x02, 0x09, 0xa8, 
	0x06, 0x00, 0x00, 0xc8, 0x00, 0x06, 0x89, 0x04, 
	0x00, 0x00, 0x88, 0x06, 0x00, 0x00, 0x07, 0x32, 
	0x00, 0x00, 0x00, 0x19, 0x00, 0x06, 0x89, 0x04, 
	0x00, 0x00, 0x98, 0x06, 0x00, 0x00, 0x07, 0x32, 
	0x00, 0x00, 0x00, 0x07, 0x00, 0x06, 0x89, 0x04, 
	0x00, 0x00, 0xa8, 0x06, 0x00, 0x00, 0x07, 0x32, 
	0x00, 0x00, 0x00, 0x17, 0x00, 0x06, 0x89, 0x04, 
	0x00, 0x00, 0xb8, 0x06, 0x00, 0x00, 0x07, 0x32, 
	0x00, 0x00, 0x00, 0x1f, 0x00, 0x1b, 0xe8, 0x04, 
	0x63, 0x02, 0x03, 0xd0, 0x06, 0x00, 0x00, 0x1c, 
	0x14, 0x04, 0x00, 0x00, 0x04, 0x88, 0x02, 0x0b, 
	0x76, 0x05, 0x00, 0x00, 0x00, 0x06, 0x89, 0x04, 
	0x00, 0x00, 0xe0, 0x06, 0x00, 0x00, 0x07, 0x32, 
	0x00, 0x00, 0x00, 0x18, 0x00, 0x1d, 0x53, 0x00, 
	0x00, 0x00, 0x04, 0xe0, 0x06, 0x00, 0x00, 0x10, 
	0xf5, 0x06, 0x00, 0x00, 0x03, 0x9d, 0x03, 0x00, 
	0x00, 0x00, 0x04, 0xea, 0x06, 0x00, 0x00, 0x04, 
	0x85, 0x01, 0x00, 0x00, 0x10, 0x0a, 0x07, 0x00, 
	0x00, 0x03, 0x39, 0x00, 0x00, 0x00, 0x00, 0x04, 
	0x0f, 0x07, 0x00, 0x00, 0x04, 0xff, 0x06, 0x00, 
	0x00, 0x1e, 0x61, 0x0a, 0x00, 0x00, 0x01, 0x15, 
	0x0c, 0x39, 0x00, 0x00, 0x00, 0x1f, 0x45, 0x04, 
	0x00, 0x00, 0x06, 0xe8, 0x0c, 0x39, 0x00, 0x00, 
	0x00, 0x3c, 0x07, 0x00, 0x00, 0x03, 0xb8, 0x04, 
	0x00, 0x00, 0x03, 0x39, 0x00, 0x00, 0x00, 0x20, 
	0x00, 0x21, 0xfb, 0x03, 0x00, 0x00, 0x07, 0x97, 
	0x0c, 0x39, 0x00, 0x00, 0x00, 0xe0, 0x04, 0x01, 
	0x00, 0x50, 0x00, 0x00, 0x00, 0x01, 0x9c, 0x22, 
	0x70, 0x74, 0x72, 0x00, 0x01, 0x2a, 0x19, 0x9d, 
	0x03, 0x00, 0x00, 0xdd, 0x01, 0x00, 0x00, 0xd7, 
	0x01, 0x00, 0x00, 0x0c, 0xf7, 0x07, 0x00, 0x00, 
	0x2b, 0x12, 0xb8, 0x04, 0x00, 0x00, 0xfc, 0x01, 
	0x00, 0x00, 0xf6, 0x01, 0x00, 0x00, 0x0c, 0xab, 
	0x00, 0x00, 0x00, 0x2c, 0x0a, 0x39, 0x00, 0x00, 
	0x00, 0x1b, 0x02, 0x00, 0x00, 0x15, 0x02, 0x00, 
	0x00, 0x0c, 0x4b, 0x04, 0x00, 0x00, 0x2d, 0x0a, 
	0x39, 0x00, 0x00, 0x00, 0x38, 0x02, 0x00, 0x00, 
	0x34, 0x02, 0x00, 0x00, 0x23, 0x72, 0x65, 0x74, 
	0x00, 0x01, 0x2f, 0x07, 0x39, 0x00, 0x00, 0x00, 
	0x4e, 0x02, 0x00, 0x00, 0x4c, 0x02, 0x00, 0x00, 
	0x24, 0x08, 0x05, 0x01, 0x00, 0x20, 0x07, 0x00, 
	0x00, 0x0d, 0x01, 0x5a, 0x09, 0xa3, 0x03, 0xa5, 
	0x0b, 0x2b, 0xa8, 0x32, 0xa8, 0x00, 0x0d, 0x01, 
	0x5b, 0x09, 0xa3, 0x03, 0xa5, 0x0c, 0x2b, 0xa8, 
	0x32, 0xa8, 0x00, 0x0d, 0x01, 0x5c, 0x09, 0xa3, 
	0x03, 0xa5, 0x0d, 0x2b, 0xa8, 0x32, 0xa8, 0x00, 
	0x00, 0x00, 0x00, 0xf7, 0x07, 0x00, 0x00, 0x05, 
	0x00, 0x01, 0x04, 0x98, 0x0d, 0x00, 0x00, 0x11, 
	0x0c, 0x03, 0x00, 0x00, 0x1d, 0x03, 0x47, 0x16, 
	0x03, 0x00, 0xc4, 0x04, 0x00, 0x00, 0xef, 0x00, 
	0x00, 0x00, 0x30, 0x05, 0x01, 0x00, 0x50, 0x00, 
	0x00, 0x00, 0x76, 0x06, 0x00, 0x00, 0x05, 0x08, 
	0x07, 0x33, 0x00, 0x00, 0x00, 0x05, 0x04, 0x07, 
	0x3d, 0x00, 0x00, 0x00, 0x12, 0x04, 0x05, 0x69, 
	0x6e, 0x74, 0x00, 0x09, 0xfb, 0x02, 0x00, 0x00, 
	0x02, 0xe5, 0x17, 0x32, 0x00, 0x00, 0x00, 0x05, 
	0x08, 0x05, 0x84, 0x00, 0x00, 0x00, 0x05, 0x10, 
	0x04, 0xad, 0x01, 0x00, 0x00, 0x05, 0x01, 0x06, 
	0xf5, 0x01, 0x00, 0x00, 0x05, 0x01, 0x08, 0xf3, 
	0x01, 0x00, 0x00, 0x05, 0x02, 0x05, 0x0f, 0x02, 
	0x00, 0x00, 0x05, 0x02, 0x07, 0x4a, 0x01, 0x00, 
	0x00, 0x05, 0x04, 0x05, 0x89, 0x00, 0x00, 0x00, 
	0x05, 0x04, 0x07, 0x38, 0x00, 0x00, 0x00, 0x0e, 
	0x84, 0x01, 0x00, 0x00, 0x02, 0x76, 0x01, 0x17, 
	0x32, 0x00, 0x00, 0x00, 0x09, 0x68, 0x0a, 0x00, 
	0x00, 0x03, 0x2e, 0x0e, 0x76, 0x00, 0x00, 0x00, 
	0x09, 0xac, 0x02, 0x00, 0x00, 0x03, 0x74, 0x0e, 
	0x76, 0x00, 0x00, 0x00, 0x09, 0xf9, 0x02, 0x00, 
	0x00, 0x03, 0x93, 0x17, 0x39, 0x00, 0x00, 0x00, 
	0x13, 0x04, 0x03, 0xa5, 0x03, 0xd5, 0x00, 0x00, 
	0x00, 0x0f, 0x7e, 0x01, 0x00, 0x00, 0xa7, 0x0c, 
	0x84, 0x00, 0x00, 0x00, 0x0f, 0x33, 0x01, 0x00, 
	0x00, 0xa8, 0x13, 0xd5, 0x00, 0x00, 0x00, 0x00, 
	0x06, 0x61, 0x00, 0x00, 0x00, 0xe5, 0x00, 0x00, 
	0x00, 0x07, 0x32, 0x00, 0x00, 0x00, 0x03, 0x00, 
	0x14, 0x08, 0x03, 0xa2, 0x09, 0x09, 0x01, 0x00, 
	0x00, 0x02, 0x8a, 0x02, 0x00, 0x00, 0x03, 0xa4, 
	0x07, 0x39, 0x00, 0x00, 0x00, 0x00, 0x02, 0x92, 
	0x02, 0x00, 0x00, 0x03, 0xa9, 0x05, 0xb5, 0x00, 
	0x00, 0x00, 0x04, 0x00, 0x09, 0x31, 0x02, 0x00, 
	0x00, 0x03, 0xaa, 0x03, 0xe5, 0x00, 0x00, 0x00, 
	0x15, 0x04, 0x09, 0xd5, 0x02, 0x00, 0x00, 0x04, 
	0x17, 0x19, 0x7d, 0x00, 0x00, 0x00, 0x09, 0xe1, 
	0x01, 0x00, 0x00, 0x05, 0x0c, 0x0d, 0x39, 0x00, 
	0x00, 0x00, 0x09, 0xf6, 0x00, 0x00, 0x00, 0x04, 
	0x24, 0x1b, 0x23, 0x01, 0x00, 0x00, 0x0a, 0x07, 
	0x01, 0x00, 0x00, 0x18, 0x35, 0x91, 0x01, 0x00, 
	0x00, 0x02, 0x52, 0x02, 0x00, 0x00, 0x04, 0x37, 
	0x13, 0x91, 0x01, 0x00, 0x00, 0x00, 0x08, 0x5f, 
	0x6b, 0x00, 0x38, 0x07, 0x39, 0x00, 0x00, 0x00, 
	0x04, 0x02, 0x7c, 0x02, 0x00, 0x00, 0x04, 0x38, 
	0x0b, 0x39, 0x00, 0x00, 0x00, 0x08, 0x02, 0xf0, 
	0x00, 0x00, 0x00, 0x04, 0x38, 0x14, 0x39, 0x00, 
	0x00, 0x00, 0x0c, 0x02, 0xea, 0x02, 0x00, 0x00, 
	0x04, 0x38, 0x1b, 0x39, 0x00, 0x00, 0x00, 0x10, 
	0x08, 0x5f, 0x78, 0x00, 0x39, 0x0b, 0x96, 0x01, 
	0x00, 0x00, 0x14, 0x00, 0x04, 0x3b, 0x01, 0x00, 
	0x00, 0x06, 0x17, 0x01, 0x00, 0x00, 0xa6, 0x01, 
	0x00, 0x00, 0x07, 0x32, 0x00, 0x00, 0x00, 0x00, 
	0x00, 0x0a, 0x2e, 0x01, 0x00, 0x00, 0x24, 0x3d, 
	0x27, 0x02, 0x00, 0x00, 0x02, 0x7b, 0x00, 0x00, 
	0x00, 0x04, 0x3f, 0x09, 0x39, 0x00, 0x00, 0x00, 
	0x00, 0x02, 0xb4, 0x02, 0x00, 0x00, 0x04, 0x40, 
	0x09, 0x39, 0x00, 0x00, 0x00, 0x04, 0x02, 0x98, 
	0x00, 0x00, 0x00, 0x04, 0x41, 0x09, 0x39, 0x00, 
	0x00, 0x00, 0x08, 0x02, 0xd0, 0x03, 0x00, 0x00, 
	0x04, 0x42, 0x09, 0x39, 0x00, 0x00, 0x00, 0x0c, 
	0x02, 0xb9, 0x01, 0x00, 0x00, 0x04, 0x43, 0x09, 
	0x39, 0x00, 0x00, 0x00, 0x10, 0x02, 0xa3, 0x01, 
	0x00, 0x00, 0x04, 0x44, 0x09, 0x39, 0x00, 0x00, 
	0x00, 0x14, 0x02, 0xef, 0x02, 0x00, 0x00, 0x04, 
	0x45, 0x09, 0x39, 0x00, 0x00, 0x00, 0x18, 0x02, 
	0x19, 0x02, 0x00, 0x00, 0x04, 0x46, 0x09, 0x39, 
	0x00, 0x00, 0x00, 0x1c, 0x02, 0x97, 0x03, 0x00, 
	0x00, 0x04, 0x47, 0x09, 0x39, 0x00, 0x00, 0x00, 
	0x20, 0x00, 0x0a, 0x23, 0x02, 0x00, 0x00, 0x08, 
	0x74, 0x4d, 0x02, 0x00, 0x00, 0x02, 0x80, 0x05, 
	0x00, 0x00, 0x04, 0x75, 0x11, 0x4d, 0x02, 0x00, 
	0x00, 0x00, 0x02, 0xdf, 0x05, 0x00, 0x00, 0x04, 
	0x76, 0x06, 0x39, 0x00, 0x00, 0x00, 0x04, 0x00, 
	0x04, 0x61, 0x00, 0x00, 0x00, 0x0a, 0x3c, 0x02, 
	0x00, 0x00, 0x68, 0x99, 0x8b, 0x03, 0x00, 0x00, 
	0x08, 0x5f, 0x70, 0x00, 0x9a, 0x12, 0x4d, 0x02, 
	0x00, 0x00, 0x00, 0x08, 0x5f, 0x72, 0x00, 0x9b, 
	0x07, 0x39, 0x00, 0x00, 0x00, 0x04, 0x08, 0x5f, 
	0x77, 0x00, 0x9c, 0x07, 0x39, 0x00, 0x00, 0x00, 
	0x08, 0x02, 0xaa, 0x00, 0x00, 0x00, 0x04, 0x9d, 
	0x09, 0x68, 0x00, 0x00, 0x00, 0x0c, 0x02, 0xf6, 
	0x07, 0x00, 0x00, 0x04, 0x9e, 0x09, 0x68, 0x00, 
	0x00, 0x00, 0x0e, 0x08, 0x5f, 0x62, 0x66, 0x00, 
	0x9f, 0x11, 0x27, 0x02, 0x00, 0x00, 0x10, 0x02, 
	0x4a, 0x00, 0x00, 0x00, 0x04, 0xa0, 0x07, 0x39, 
	0x00, 0x00, 0x00, 0x18, 0x02, 0xa2, 0x00, 0x00, 
	0x00, 0x04, 0xa7, 0x0a, 0x15, 0x01, 0x00, 0x00, 
	0x1c, 0x02, 0x1e, 0x01, 0x00, 0x00, 0x04, 0xa9, 
	0x1d, 0xa1, 0x04, 0x00, 0x00, 0x20, 0x02, 0x9c, 
	0x01, 0x00, 0x00, 0x04, 0xab, 0x1d, 0xc9, 0x04, 
	0x00, 0x00, 0x24, 0x02, 0x9a, 0x02, 0x00, 0x00, 
	0x04, 0xae, 0x0d, 0xec, 0x04, 0x00, 0x00, 0x28, 
	0x02, 0xb1, 0x03, 0x00, 0x00, 0x04, 0xaf, 0x09, 
	0x05, 0x05, 0x00, 0x00, 0x2c, 0x08, 0x5f, 0x75, 
	0x62, 0x00, 0xb2, 0x11, 0x27, 0x02, 0x00, 0x00, 
	0x30, 0x08, 0x5f, 0x75, 0x70, 0x00, 0xb3, 0x12, 
	0x4d, 0x02, 0x00, 0x00, 0x38, 0x08, 0x5f, 0x75, 
	0x72, 0x00, 0xb4, 0x07, 0x39, 0x00, 0x00, 0x00, 
	0x3c, 0x02, 0x92, 0x00, 0x00, 0x00, 0x04, 0xb7, 
	0x11, 0x0a, 0x05, 0x00, 0x00, 0x40, 0x02, 0x91, 
	0x03, 0x00, 0x00, 0x04, 0xb8, 0x11, 0x1a, 0x05, 
	0x00, 0x00, 0x43, 0x08, 0x5f, 0x6c, 0x62, 0x00, 
	0xbb, 0x11, 0x27, 0x02, 0x00, 0x00, 0x44, 0x02, 
	0xb8, 0x00, 0x00, 0x00, 0x04, 0xbe, 0x07, 0x39, 
	0x00, 0x00, 0x00, 0x4c, 0x02, 0xc9, 0x00, 0x00, 
	0x00, 0x04, 0xbf, 0x0a, 0x91, 0x00, 0x00, 0x00, 
	0x50, 0x02, 0x3f, 0x04, 0x00, 0x00, 0x04, 0xc2, 
	0x12, 0xa9, 0x03, 0x00, 0x00, 0x54, 0x02, 0xb7, 
	0x04, 0x00, 0x00, 0x04, 0xc6, 0x0c, 0x2f, 0x01, 
	0x00, 0x00, 0x58, 0x02, 0x44, 0x02, 0x00, 0x00, 
	0x04, 0xc8, 0x0e, 0x09, 0x01, 0x00, 0x00, 0x5c, 
	0x02, 0x94, 0x01, 0x00, 0x00, 0x04, 0xc9, 0x09, 
	0x39, 0x00, 0x00, 0x00, 0x64, 0x00, 0x0b, 0xa9, 
	0x00, 0x00, 0x00, 0xa9, 0x03, 0x00, 0x00, 0x03, 
	0xa9, 0x03, 0x00, 0x00, 0x03, 0x15, 0x01, 0x00, 
	0x00, 0x03, 0x90, 0x04, 0x00, 0x00, 0x03, 0x39, 
	0x00, 0x00, 0x00, 0x00, 0x04, 0xae, 0x03, 0x00, 
	0x00, 0x16, 0x14, 0x04, 0x00, 0x00, 0x40, 0x01, 
	0x04, 0x42, 0x02, 0x08, 0x90, 0x04, 0x00, 0x00, 
	0x01, 0x60, 0x0a, 0x00, 0x00, 0x44, 0x02, 0x07, 
	0x39, 0x00, 0x00, 0x00, 0x00, 0x01, 0xb1, 0x00, 
	0x00, 0x00, 0x49, 0x02, 0x0b, 0x37, 0x05, 0x00, 
	0x00, 0x04, 0x01, 0x3a, 0x01, 0x00, 0x00, 0x49, 
	0x02, 0x14, 0x37, 0x05, 0x00, 0x00, 0x08, 0x01, 
	0xff, 0x00, 0x00, 0x00, 0x49, 0x02, 0x1e, 0x37, 
	0x05, 0x00, 0x00, 0x0c, 0x01, 0x65, 0x02, 0x00, 
	0x00, 0x4b, 0x02, 0x08, 0x39, 0x00, 0x00, 0x00, 
	0x10, 0x01, 0x08, 0x00, 0x00, 0x00, 0x4c, 0x02, 
	0x08, 0xdc, 0x06, 0x00, 0x00, 0x14, 0x01, 0x6a, 
	0x02, 0x00, 0x00, 0x51, 0x02, 0x16, 0xf1, 0x06, 
	0x00, 0x00, 0x30, 0x01, 0x72, 0x02, 0x00, 0x00, 
	0x57, 0x02, 0x0a, 0x01, 0x07, 0x00, 0x00, 0x34, 
	0x01, 0x76, 0x01, 0x00, 0x00, 0x5a, 0x02, 0x13, 
	0x91, 0x01, 0x00, 0x00, 0x38, 0x01, 0x24, 0x01, 
	0x00, 0x00, 0x5b, 0x02, 0x07, 0x39, 0x00, 0x00, 
	0x00, 0x3c, 0x01, 0xcb, 0x03, 0x00, 0x00, 0x5c, 
	0x02, 0x13, 0x91, 0x01, 0x00, 0x00, 0x40, 0x01, 
	0xc2, 0x01, 0x00, 0x00, 0x5d, 0x02, 0x14, 0x06, 
	0x07, 0x00, 0x00, 0x44, 0x01, 0x42, 0x01, 0x00, 
	0x00, 0x60, 0x02, 0x07, 0x39, 0x00, 0x00, 0x00, 
	0x48, 0x01, 0xc1, 0x00, 0x00, 0x00, 0x61, 0x02, 
	0x09, 0x90, 0x04, 0x00, 0x00, 0x4c, 0x01, 0x01, 
	0x02, 0x00, 0x00, 0x90, 0x02, 0x07, 0xc4, 0x06, 
	0x00, 0x00, 0x50, 0x17, 0x87, 0x03, 0x00, 0x00, 
	0x04, 0x98, 0x02, 0x0b, 0x16, 0x07, 0x00, 0x00, 
	0x38, 0x01, 0x00, 0x04, 0x95, 0x04, 0x00, 0x00, 
	0x05, 0x01, 0x08, 0xfc, 0x01, 0x00, 0x00, 0x18, 
	0x95, 0x04, 0x00, 0x00, 0x04, 0x8b, 0x03, 0x00, 
	0x00, 0x0b, 0xa9, 0x00, 0x00, 0x00, 0xc4, 0x04, 
	0x00, 0x00, 0x03, 0xa9, 0x03, 0x00, 0x00, 0x03, 
	0x15, 0x01, 0x00, 0x00, 0x03, 0xc4, 0x04, 0x00, 
	0x00, 0x03, 0x39, 0x00, 0x00, 0x00, 0x00, 0x04, 
	0x9c, 0x04, 0x00, 0x00, 0x04, 0xa6, 0x04, 0x00, 
	0x00, 0x0b, 0x9d, 0x00, 0x00, 0x00, 0xec, 0x04, 
	0x00, 0x00, 0x03, 0xa9, 0x03, 0x00, 0x00, 0x03, 
	0x15, 0x01, 0x00, 0x00, 0x03, 0x9d, 0x00, 0x00, 
	0x00, 0x03, 0x39, 0x00, 0x00, 0x00, 0x00, 0x04, 
	0xce, 0x04, 0x00, 0x00, 0x0b, 0x39, 0x00, 0x00, 
	0x00, 0x05, 0x05, 0x00, 0x00, 0x03, 0xa9, 0x03, 
	0x00, 0x00, 0x03, 0x15, 0x01, 0x00, 0x00, 0x00, 
	0x04, 0xf1, 0x04, 0x00, 0x00, 0x06, 0x61, 0x00, 
	0x00, 0x00, 0x1a, 0x05, 0x00, 0x00, 0x07, 0x32, 
	0x00, 0x00, 0x00, 0x02, 0x00, 0x06, 0x61, 0x00, 
	0x00, 0x00, 0x2a, 0x05, 0x00, 0x00, 0x07, 0x32, 
	0x00, 0x00, 0x00, 0x00, 0x00, 0x0e, 0x2a, 0x02, 
	0x00, 0x00, 0x04, 0x0e, 0x01, 0x1a, 0x52, 0x02, 
	0x00, 0x00, 0x04, 0x2a, 0x05, 0x00, 0x00, 0x19, 
	0x00, 0x00, 0x00, 0x00, 0x0e, 0x04, 0x32, 0x01, 
	0x08, 0x72, 0x05, 0x00, 0x00, 0x01, 0x84, 0x02, 
	0x00, 0x00, 0x33, 0x01, 0x12, 0x72, 0x05, 0x00, 
	0x00, 0x00, 0x01, 0xbd, 0x02, 0x00, 0x00, 0x34, 
	0x01, 0x12, 0x72, 0x05, 0x00, 0x00, 0x06, 0x01, 
	0xd0, 0x02, 0x00, 0x00, 0x35, 0x01, 0x12, 0x6f, 
	0x00, 0x00, 0x00, 0x0c, 0x00, 0x06, 0x6f, 0x00, 
	0x00, 0x00, 0x82, 0x05, 0x00, 0x00, 0x07, 0x32, 
	0x00, 0x00, 0x00, 0x02, 0x00, 0x1a, 0xe8, 0x04, 
	0x65, 0x02, 0x07, 0x84, 0x06, 0x00, 0x00, 0x01, 
	0xc3, 0x02, 0x00, 0x00, 0x6a, 0x02, 0x12, 0x90, 
	0x04, 0x00, 0x00, 0x00, 0x01, 0x69, 0x01, 0x00, 
	0x00, 0x6b, 0x02, 0x10, 0x84, 0x06, 0x00, 0x00, 
	0x04, 0x01, 0xa2, 0x03, 0x00, 0x00, 0x6c, 0x02, 
	0x17, 0xa6, 0x01, 0x00, 0x00, 0x20, 0x01, 0x0f, 
	0x01, 0x00, 0x00, 0x6d, 0x02, 0x0f, 0x39, 0x00, 
	0x00, 0x00, 0x44, 0x01, 0x4d, 0x02, 0x00, 0x00, 
	0x6e, 0x02, 0x2c, 0x2b, 0x00, 0x00, 0x00, 0x48, 
	0x01, 0xb8, 0x03, 0x00, 0x00, 0x6f, 0x02, 0x1a, 
	0x3c, 0x05, 0x00, 0x00, 0x50, 0x01, 0x58, 0x02, 
	0x00, 0x00, 0x70, 0x02, 0x16, 0x09, 0x01, 0x00, 
	0x00, 0x60, 0x01, 0xbd, 0x03, 0x00, 0x00, 0x71, 
	0x02, 0x16, 0x09, 0x01, 0x00, 0x00, 0x68, 0x01, 
	0x6d, 0x00, 0x00, 0x00, 0x72, 0x02, 0x16, 0x09, 
	0x01, 0x00, 0x00, 0x70, 0x01, 0x02, 0x03, 0x00, 
	0x00, 0x73, 0x02, 0x10, 0x94, 0x06, 0x00, 0x00, 
	0x78, 0x01, 0x5d, 0x01, 0x00, 0x00, 0x74, 0x02, 
	0x10, 0xa4, 0x06, 0x00, 0x00, 0x80, 0x01, 0xdd, 
	0x02, 0x00, 0x00, 0x75, 0x02, 0x0f, 0x39, 0x00, 
	0x00, 0x00, 0x98, 0x01, 0xe2, 0x00, 0x00, 0x00, 
	0x76, 0x02, 0x16, 0x09, 0x01, 0x00, 0x00, 0x9c, 
	0x01, 0x5e, 0x00, 0x00, 0x00, 0x77, 0x02, 0x16, 
	0x09, 0x01, 0x00, 0x00, 0xa4, 0x01, 0xd1, 0x00, 
	0x00, 0x00, 0x78, 0x02, 0x16, 0x09, 0x01, 0x00, 
	0x00, 0xac, 0x01, 0x13, 0x00, 0x00, 0x00, 0x79, 
	0x02, 0x16, 0x09, 0x01, 0x00, 0x00, 0xb4, 0x01, 
	0x22, 0x00, 0x00, 0x00, 0x7a, 0x02, 0x16, 0x09, 
	0x01, 0x00, 0x00, 0xbc, 0x01, 0x06, 0x02, 0x00, 
	0x00, 0x7b, 0x02, 0x08, 0x39, 0x00, 0x00, 0x00, 
	0xc4, 0x01, 0xcc, 0x01, 0x00, 0x00, 0x87, 0x02, 
	0x09, 0xb4, 0x06, 0x00, 0x00, 0xc8, 0x00, 0x06, 
	0x95, 0x04, 0x00, 0x00, 0x94, 0x06, 0x00, 0x00, 
	0x07, 0x32, 0x00, 0x00, 0x00, 0x19, 0x00, 0x06, 
	0x95, 0x04, 0x00, 0x00, 0xa4, 0x06, 0x00, 0x00, 
	0x07, 0x32, 0x00, 0x00, 0x00, 0x07, 0x00, 0x06, 
	0x95, 0x04, 0x00, 0x00, 0xb4, 0x06, 0x00, 0x00, 
	0x07, 0x32, 0x00, 0x00, 0x00, 0x17, 0x00, 0x06, 
	0x95, 0x04, 0x00, 0x00, 0xc4, 0x06, 0x00, 0x00, 
	0x07, 0x32, 0x00, 0x00, 0x00, 0x1f, 0x00, 0x1b, 
	0xe8, 0x04, 0x63, 0x02, 0x03, 0xdc, 0x06, 0x00, 
	0x00, 0x1c, 0x14, 0x04, 0x00, 0x00, 0x04, 0x88, 
	0x02, 0x0b, 0x82, 0x05, 0x00, 0x00, 0x00, 0x06, 
	0x95, 0x04, 0x00, 0x00, 0xec, 0x06, 0x00, 0x00, 
	0x07, 0x32, 0x00, 0x00, 0x00, 0x18, 0x00, 0x1d, 
	0x53, 0x00, 0x00, 0x00, 0x04, 0xec, 0x06, 0x00, 
	0x00, 0x10, 0x01, 0x07, 0x00, 0x00, 0x03, 0xa9, 
	0x03, 0x00, 0x00, 0x00, 0x04, 0xf6, 0x06, 0x00, 
	0x00, 0x04, 0x91, 0x01, 0x00, 0x00, 0x10, 0x16, 
	0x07, 0x00, 0x00, 0x03, 0x39, 0x00, 0x00, 0x00, 
	0x00, 0x04, 0x1b, 0x07, 0x00, 0x00, 0x04, 0x0b, 
	0x07, 0x00, 0x00, 0x1e, 0x61, 0x0a, 0x00, 0x00, 
	0x01, 0x14, 0x0c, 0x39, 0x00, 0x00, 0x00, 0x1f, 
	0x9c, 0x01, 0x00, 0x00, 0x06, 0x15, 0x01, 0x19, 
	0xa9, 0x00, 0x00, 0x00, 0x4d, 0x07, 0x00, 0x00, 
	0x03, 0x39, 0x00, 0x00, 0x00, 0x03, 0x4d, 0x07, 
	0x00, 0x00, 0x03, 0x40, 0x00, 0x00, 0x00, 0x00, 
	0x04, 0x52, 0x07, 0x00, 0x00, 0x20, 0x21, 0x03, 
	0x04, 0x00, 0x00, 0x07, 0x9f, 0x11, 0xa9, 0x00, 
	0x00, 0x00, 0x30, 0x05, 0x01, 0x00, 0x50, 0x00, 
	0x00, 0x00, 0x01, 0x9c, 0x0c, 0x70, 0x74, 0x72, 
	0x00, 0x29, 0x1a, 0xa9, 0x03, 0x00, 0x00, 0x66, 
	0x02, 0x00, 0x00, 0x60, 0x02, 0x00, 0x00, 0x0c, 
	0x66, 0x64, 0x00, 0x2a, 0x0a, 0x39, 0x00, 0x00, 
	0x00, 0x85, 0x02, 0x00, 0x00, 0x7f, 0x02, 0x00, 
	0x00, 0x0c, 0x62, 0x75, 0x66, 0x00, 0x2b, 0x12, 
	0x4d, 0x07, 0x00, 0x00, 0xa4, 0x02, 0x00, 0x00, 
	0x9e, 0x02, 0x00, 0x00, 0x0c, 0x63, 0x6e, 0x74, 
	0x00, 0x2c, 0x0d, 0x40, 0x00, 0x00, 0x00, 0xc1, 
	0x02, 0x00, 0x00, 0xbd, 0x02, 0x00, 0x00, 0x22, 
	0x72, 0x65, 0x74, 0x00, 0x01, 0x2e, 0x0c, 0xa9, 
	0x00, 0x00, 0x00, 0xd7, 0x02, 0x00, 0x00, 0xd5, 
	0x02, 0x00, 0x00, 0x23, 0x58, 0x05, 0x01, 0x00, 
	0x2c, 0x07, 0x00, 0x00, 0x0d, 0x01, 0x5a, 0x09, 
	0xa3, 0x03, 0xa5, 0x0b, 0x2b, 0xa8, 0x32, 0xa8, 
	0x00, 0x0d, 0x01, 0x5b, 0x09, 0xa3, 0x03, 0xa5, 
	0x0c, 0x2b, 0xa8, 0x32, 0xa8, 0x00, 0x0d, 0x01, 
	0x5c, 0x09, 0xa3, 0x03, 0xa5, 0x0d, 0x2b, 0xa8, 
	0x32, 0xa8, 0x00, 0x00, 0x00, 0x00, 0x37, 0x0b, 
	0x00, 0x00, 0x05, 0x00, 0x01, 0x04, 0x8f, 0x0f, 
	0x00, 0x00, 0x19, 0x0c, 0x03, 0x00, 0x00, 0x1d, 
	0x03, 0x47, 0x16, 0x03, 0x00, 0x77, 0x05, 0x00, 
	0x00, 0xef, 0x00, 0x00, 0x00, 0x80, 0x05, 0x01, 
	0x00, 0x64, 0x03, 0x00, 0x00, 0x73, 0x07, 0x00, 
	0x00, 0x06, 0x08, 0x07, 0x33, 0x00, 0x00, 0x00, 
	0x06, 0x04, 0x07, 0x3d, 0x00, 0x00, 0x00, 0x0a, 
	0xbd, 0x04, 0x00, 0x00, 0x03, 0xa0, 0x1a, 0x45, 
	0x00, 0x00, 0x00, 0x1a, 0x04, 0x05, 0x69, 0x6e, 
	0x74, 0x00, 0x0a, 0xfb, 0x02, 0x00, 0x00, 0x03, 
	0xe5, 0x17, 0x32, 0x00, 0x00, 0x00, 0x06, 0x08, 
	0x05, 0x84, 0x00, 0x00, 0x00, 0x06, 0x10, 0x04, 
	0xad, 0x01, 0x00, 0x00, 0x06, 0x01, 0x06, 0xf5, 
	0x01, 0x00, 0x00, 0x06, 0x01, 0x08, 0xf3, 0x01, 
	0x00, 0x00, 0x06, 0x02, 0x05, 0x0f, 0x02, 0x00, 
	0x00, 0x06, 0x02, 0x07, 0x4a, 0x01, 0x00, 0x00, 
	0x06, 0x04, 0x05, 0x89, 0x00, 0x00, 0x00, 0x06, 
	0x04, 0x07, 0x38, 0x00, 0x00, 0x00, 0x0f, 0x84, 
	0x01, 0x00, 0x00, 0x03, 0x76, 0x01, 0x17, 0x32, 
	0x00, 0x00, 0x00, 0x0a, 0x68, 0x0a, 0x00, 0x00, 
	0x04, 0x2e, 0x0e, 0x82, 0x00, 0x00, 0x00, 0x0a, 
	0xac, 0x02, 0x00, 0x00, 0x04, 0x74, 0x0e, 0x82, 
	0x00, 0x00, 0x00, 0x0a, 0xf9, 0x02, 0x00, 0x00, 
	0x04, 0x93, 0x17, 0x45, 0x00, 0x00, 0x00, 0x1b, 
	0x04, 0x04, 0xa5, 0x03, 0xe1, 0x00, 0x00, 0x00, 
	0x13, 0x7e, 0x01, 0x00, 0x00, 0xa7, 0x0c, 0x90, 
	0x00, 0x00, 0x00, 0x13, 0x33, 0x01, 0x00, 0x00, 
	0xa8, 0x13, 0xe1, 0x00, 0x00, 0x00, 0x00, 0x07, 
	0x6d, 0x00, 0x00, 0x00, 0xf1, 0x00, 0x00, 0x00, 
	0x08, 0x32, 0x00, 0x00, 0x00, 0x03, 0x00, 0x1c, 
	0x08, 0x04, 0xa2, 0x09, 0x15, 0x01, 0x00, 0x00, 
	0x02, 0x8a, 0x02, 0x00, 0x00, 0x04, 0xa4, 0x07, 
	0x45, 0x00, 0x00, 0x00, 0x00, 0x02, 0x92, 0x02, 
	0x00, 0x00, 0x04, 0xa9, 0x05, 0xc1, 0x00, 0x00, 
	0x00, 0x04, 0x00, 0x0a, 0x31, 0x02, 0x00, 0x00, 
	0x04, 0xaa, 0x03, 0xf1, 0x00, 0x00, 0x00, 0x1d, 
	0x04, 0x0a, 0xd5, 0x02, 0x00, 0x00, 0x05, 0x17, 
	0x19, 0x89, 0x00, 0x00, 0x00, 0x0a, 0xe1, 0x01, 
	0x00, 0x00, 0x06, 0x0c, 0x0d, 0x45, 0x00, 0x00, 
	0x00, 0x0a, 0xf6, 0x00, 0x00, 0x00, 0x05, 0x24, 
	0x1b, 0x2f, 0x01, 0x00, 0x00, 0x10, 0x07, 0x01, 
	0x00, 0x00, 0x18, 0x35, 0x9d, 0x01, 0x00, 0x00, 
	0x02, 0x52, 0x02, 0x00, 0x00, 0x05, 0x37, 0x13, 
	0x9d, 0x01, 0x00, 0x00, 0x00, 0x09, 0x5f, 0x6b, 
	0x00, 0x38, 0x07, 0x45, 0x00, 0x00, 0x00, 0x04, 
	0x02, 0x7c, 0x02, 0x00, 0x00, 0x05, 0x38, 0x0b, 
	0x45, 0x00, 0x00, 0x00, 0x08, 0x02, 0xf0, 0x00, 
	0x00, 0x00, 0x05, 0x38, 0x14, 0x45, 0x00, 0x00, 
	0x00, 0x0c, 0x02, 0xea, 0x02, 0x00, 0x00, 0x05, 
	0x38, 0x1b, 0x45, 0x00, 0x00, 0x00, 0x10, 0x09, 
	0x5f, 0x78, 0x00, 0x39, 0x0b, 0xa2, 0x01, 0x00, 
	0x00, 0x14, 0x00, 0x04, 0x47, 0x01, 0x00, 0x00, 
	0x07, 0x23, 0x01, 0x00, 0x00, 0xb2, 0x01, 0x00, 
	0x00, 0x08, 0x32, 0x00, 0x00, 0x00, 0x00, 0x00, 
	0x10, 0x2e, 0x01, 0x00, 0x00, 0x24, 0x3d, 0x33, 
	0x02, 0x00, 0x00, 0x02, 0x7b, 0x00, 0x00, 0x00, 
	0x05, 0x3f, 0x09, 0x45, 0x00, 0x00, 0x00, 0x00, 
	0x02, 0xb4, 0x02, 0x00, 0x00, 0x05, 0x40, 0x09, 
	0x45, 0x00, 0x00, 0x00, 0x04, 0x02, 0x98, 0x00, 
	0x00, 0x00, 0x05, 0x41, 0x09, 0x45, 0x00, 0x00, 
	0x00, 0x08, 0x02, 0xd0, 0x03, 0x00, 0x00, 0x05, 
	0x42, 0x09, 0x45, 0x00, 0x00, 0x00, 0x0c, 0x02, 
	0xb9, 0x01, 0x00, 0x00, 0x05, 0x43, 0x09, 0x45, 
	0x00, 0x00, 0x00, 0x10, 0x02, 0xa3, 0x01, 0x00, 
	0x00, 0x05, 0x44, 0x09, 0x45, 0x00, 0x00, 0x00, 
	0x14, 0x02, 0xef, 0x02, 0x00, 0x00, 0x05, 0x45, 
	0x09, 0x45, 0x00, 0x00, 0x00, 0x18, 0x02, 0x19, 
	0x02, 0x00, 0x00, 0x05, 0x46, 0x09, 0x45, 0x00, 
	0x00, 0x00, 0x1c, 0x02, 0x97, 0x03, 0x00, 0x00, 
	0x05, 0x47, 0x09, 0x45, 0x00, 0x00, 0x00, 0x20, 
	0x00, 0x10, 0x23, 0x02, 0x00, 0x00, 0x08, 0x74, 
	0x59, 0x02, 0x00, 0x00, 0x02, 0x80, 0x05, 0x00, 
	0x00, 0x05, 0x75, 0x11, 0x59, 0x02, 0x00, 0x00, 
	0x00, 0x02, 0xdf, 0x05, 0x00, 0x00, 0x05, 0x76, 
	0x06, 0x45, 0x00, 0x00, 0x00, 0x04, 0x00, 0x04, 
	0x6d, 0x00, 0x00, 0x00, 0x10, 0x3c, 0x02, 0x00, 
	0x00, 0x68, 0x99, 0x97, 0x03, 0x00, 0x00, 0x09, 
	0x5f, 0x70, 0x00, 0x9a, 0x12, 0x59, 0x02, 0x00, 
	0x00, 0x00, 0x09, 0x5f, 0x72, 0x00, 0x9b, 0x07, 
	0x45, 0x00, 0x00, 0x00, 0x04, 0x09, 0x5f, 0x77, 
	0x00, 0x9c, 0x07, 0x45, 0x00, 0x00, 0x00, 0x08, 
	0x02, 0xaa, 0x00, 0x00, 0x00, 0x05, 0x9d, 0x09, 
	0x74, 0x00, 0x00, 0x00, 0x0c, 0x02, 0xf6, 0x07, 
	0x00, 0x00, 0x05, 0x9e, 0x09, 0x74, 0x00, 0x00, 
	0x00, 0x0e, 0x09, 0x5f, 0x62, 0x66, 0x00, 0x9f, 
	0x11, 0x33, 0x02, 0x00, 0x00, 0x10, 0x02, 0x4a, 
	0x00, 0x00, 0x00, 0x05, 0xa0, 0x07, 0x45, 0x00, 
	0x00, 0x00, 0x18, 0x02, 0xa2, 0x00, 0x00, 0x00, 
	0x05, 0xa7, 0x0a, 0x21, 0x01, 0x00, 0x00, 0x1c, 
	0x02, 0x1e, 0x01, 0x00, 0x00, 0x05, 0xa9, 0x1d, 
	0xbc, 0x04, 0x00, 0x00, 0x20, 0x02, 0x9c, 0x01, 
	0x00, 0x00, 0x05, 0xab, 0x1d, 0xe4, 0x04, 0x00, 
	0x00, 0x24, 0x02, 0x9a, 0x02, 0x00, 0x00, 0x05, 
	0xae, 0x0d, 0x07, 0x05, 0x00, 0x00, 0x28, 0x02, 
	0xb1, 0x03, 0x00, 0x00, 0x05, 0xaf, 0x09, 0x20, 
	0x05, 0x00, 0x00, 0x2c, 0x09, 0x5f, 0x75, 0x62, 
	0x00, 0xb2, 0x11, 0x33, 0x02, 0x00, 0x00, 0x30, 
	0x09, 0x5f, 0x75, 0x70, 0x00, 0xb3, 0x12, 0x59, 
	0x02, 0x00, 0x00, 0x38, 0x09, 0x5f, 0x75, 0x72, 
	0x00, 0xb4, 0x07, 0x45, 0x00, 0x00, 0x00, 0x3c, 
	0x02, 0x92, 0x00, 0x00, 0x00, 0x05, 0xb7, 0x11, 
	0x25, 0x05, 0x00, 0x00, 0x40, 0x02, 0x91, 0x03, 
	0x00, 0x00, 0x05, 0xb8, 0x11, 0x35, 0x05, 0x00, 
	0x00, 0x43, 0x09, 0x5f, 0x6c, 0x62, 0x00, 0xbb, 
	0x11, 0x33, 0x02, 0x00, 0x00, 0x44, 0x02, 0xb8, 
	0x00, 0x00, 0x00, 0x05, 0xbe, 0x07, 0x45, 0x00, 
	0x00, 0x00, 0x4c, 0x02, 0xc9, 0x00, 0x00, 0x00, 
	0x05, 0xbf, 0x0a, 0x9d, 0x00, 0x00, 0x00, 0x50, 
	0x02, 0x3f, 0x04, 0x00, 0x00, 0x05, 0xc2, 0x12, 
	0xb5, 0x03, 0x00, 0x00, 0x54, 0x02, 0xb7, 0x04, 
	0x00, 0x00, 0x05, 0xc6, 0x0c, 0x3b, 0x01, 0x00, 
	0x00, 0x58, 0x02, 0x44, 0x02, 0x00, 0x00, 0x05, 
	0xc8, 0x0e, 0x15, 0x01, 0x00, 0x00, 0x5c, 0x02, 
	0x94, 0x01, 0x00, 0x00, 0x05, 0xc9, 0x09, 0x45, 
	0x00, 0x00, 0x00, 0x64, 0x00, 0x11, 0xb5, 0x00, 
	0x00, 0x00, 0xb5, 0x03, 0x00, 0x00, 0x03, 0xb5, 
	0x03, 0x00, 0x00, 0x03, 0x21, 0x01, 0x00, 0x00, 
	0x03, 0xab, 0x04, 0x00, 0x00, 0x03, 0x45, 0x00, 
	0x00, 0x00, 0x00, 0x04, 0xba, 0x03, 0x00, 0x00, 
	0x1e, 0x14, 0x04, 0x00, 0x00, 0x40, 0x01, 0x05, 
	0x42, 0x02, 0x08, 0xab, 0x04, 0x00, 0x00, 0x01, 
	0x60, 0x0a, 0x00, 0x00, 0x05, 0x44, 0x02, 0x07, 
	0x45, 0x00, 0x00, 0x00, 0x00, 0x01, 0xb1, 0x00, 
	0x00, 0x00, 0x05, 0x49, 0x02, 0x0b, 0x52, 0x05, 
	0x00, 0x00, 0x04, 0x01, 0x3a, 0x01, 0x00, 0x00, 
	0x05, 0x49, 0x02, 0x14, 0x52, 0x05, 0x00, 0x00, 
	0x08, 0x01, 0xff, 0x00, 0x00, 0x00, 0x05, 0x49, 
	0x02, 0x1e, 0x52, 0x05, 0x00, 0x00, 0x0c, 0x01, 
	0x65, 0x02, 0x00, 0x00, 0x05, 0x4b, 0x02, 0x08, 
	0x45, 0x00, 0x00, 0x00, 0x10, 0x01, 0x08, 0x00, 
	0x00, 0x00, 0x05, 0x4c, 0x02, 0x08, 0x0c, 0x07, 
	0x00, 0x00, 0x14, 0x01, 0x6a, 0x02, 0x00, 0x00, 
	0x05, 0x51, 0x02, 0x16, 0x21, 0x07, 0x00, 0x00, 
	0x30, 0x01, 0x72, 0x02, 0x00, 0x00, 0x05, 0x57, 
	0x02, 0x0a, 0x31, 0x07, 0x00, 0x00, 0x34, 0x01, 
	0x76, 0x01, 0x00, 0x00, 0x05, 0x5a, 0x02, 0x13, 
	0x9d, 0x01, 0x00, 0x00, 0x38, 0x01, 0x24, 0x01, 
	0x00, 0x00, 0x05, 0x5b, 0x02, 0x07, 0x45, 0x00, 
	0x00, 0x00, 0x3c, 0x01, 0xcb, 0x03, 0x00, 0x00, 
	0x05, 0x5c, 0x02, 0x13, 0x9d, 0x01, 0x00, 0x00, 
	0x40, 0x01, 0xc2, 0x01, 0x00, 0x00, 0x05, 0x5d, 
	0x02, 0x14, 0x36, 0x07, 0x00, 0x00, 0x44, 0x01, 
	0x42, 0x01, 0x00, 0x00, 0x05, 0x60, 0x02, 0x07, 
	0x45, 0x00, 0x00, 0x00, 0x48, 0x01, 0xc1, 0x00, 
	0x00, 0x00, 0x05, 0x61, 0x02, 0x09, 0xab, 0x04, 
	0x00, 0x00, 0x4c, 0x01, 0x01, 0x02, 0x00, 0x00, 
	0x05, 0x90, 0x02, 0x07, 0xf4, 0x06, 0x00, 0x00, 
	0x50, 0x1f, 0x87, 0x03, 0x00, 0x00, 0x05, 0x98, 
	0x02, 0x0b, 0x46, 0x07, 0x00, 0x00, 0x38, 0x01, 
	0x00, 0x04, 0xb0, 0x04, 0x00, 0x00, 0x06, 0x01, 
	0x08, 0xfc, 0x01, 0x00, 0x00, 0x20, 0xb0, 0x04, 
	0x00, 0x00, 0x04, 0x97, 0x03, 0x00, 0x00, 0x11, 
	0xb5, 0x00, 0x00, 0x00, 0xdf, 0x04, 0x00, 0x00, 
	0x03, 0xb5, 0x03, 0x00, 0x00, 0x03, 0x21, 0x01, 
	0x00, 0x00, 0x03, 0xdf, 0x04, 0x00, 0x00, 0x03, 
	0x45, 0x00, 0x00, 0x00, 0x00, 0x04, 0xb7, 0x04, 
	0x00, 0x00, 0x04, 0xc1, 0x04, 0x00, 0x00, 0x11, 
	0xa9, 0x00, 0x00, 0x00, 0x07, 0x05, 0x00, 0x00, 
	0x03, 0xb5, 0x03, 0x00, 0x00, 0x03, 0x21, 0x01, 
	0x00, 0x00, 0x03, 0xa9, 0x00, 0x00, 0x00, 0x03, 
	0x45, 0x00, 0x00, 0x00, 0x00, 0x04, 0xe9, 0x04, 
	0x00, 0x00, 0x11, 0x45, 0x00, 0x00, 0x00, 0x20, 
	0x05, 0x00, 0x00, 0x03, 0xb5, 0x03, 0x00, 0x00, 
	0x03, 0x21, 0x01, 0x00, 0x00, 0x00, 0x04, 0x0c, 
	0x05, 0x00, 0x00, 0x07, 0x6d, 0x00, 0x00, 0x00, 
	0x35, 0x05, 0x00, 0x00, 0x08, 0x32, 0x00, 0x00, 
	0x00, 0x02, 0x00, 0x07, 0x6d, 0x00, 0x00, 0x00, 
	0x45, 0x05, 0x00, 0x00, 0x08, 0x32, 0x00, 0x00, 
	0x00, 0x00, 0x00, 0x0f, 0x2a, 0x02, 0x00, 0x00, 
	0x05, 0x0e, 0x01, 0x1a, 0x5e, 0x02, 0x00, 0x00, 
	0x04, 0x45, 0x05, 0x00, 0x00, 0x12, 0x00, 0x00, 
	0x00, 0x00, 0x0e, 0x05, 0x32, 0x01, 0x8f, 0x05, 
	0x00, 0x00, 0x01, 0x84, 0x02, 0x00, 0x00, 0x05, 
	0x33, 0x01, 0x12, 0x8f, 0x05, 0x00, 0x00, 0x00, 
	0x01, 0xbd, 0x02, 0x00, 0x00, 0x05, 0x34, 0x01, 
	0x12, 0x8f, 0x05, 0x00, 0x00, 0x06, 0x01, 0xd0, 
	0x02, 0x00, 0x00, 0x05, 0x35, 0x01, 0x12, 0x7b, 
	0x00, 0x00, 0x00, 0x0c, 0x00, 0x07, 0x7b, 0x00, 
	0x00, 0x00, 0x9f, 0x05, 0x00, 0x00, 0x08, 0x32, 
	0x00, 0x00, 0x00, 0x02, 0x00, 0x21, 0xe8, 0x05, 
	0x65, 0x02, 0x07, 0xb4, 0x06, 0x00, 0x00, 0x01, 
	0xc3, 0x02, 0x00, 0x00, 0x05, 0x6a, 0x02, 0x12, 
	0xab, 0x04, 0x00, 0x00, 0x00, 0x01, 0x69, 0x01, 
	0x00, 0x00, 0x05, 0x6b, 0x02, 0x10, 0xb4, 0x06, 
	0x00, 0x00, 0x04, 0x01, 0xa2, 0x03, 0x00, 0x00, 
	0x05, 0x6c, 0x02, 0x17, 0xb2, 0x01, 0x00, 0x00, 
	0x20, 0x01, 0x0f, 0x01, 0x00, 0x00, 0x05, 0x6d, 
	0x02, 0x0f, 0x45, 0x00, 0x00, 0x00, 0x44, 0x01, 
	0x4d, 0x02, 0x00, 0x00, 0x05, 0x6e, 0x02, 0x2c, 
	0x2b, 0x00, 0x00, 0x00, 0x48, 0x01, 0xb8, 0x03, 
	0x00, 0x00, 0x05, 0x6f, 0x02, 0x1a, 0x57, 0x05, 
	0x00, 0x00, 0x50, 0x01, 0x58, 0x02, 0x00, 0x00, 
	0x05, 0x70, 0x02, 0x16, 0x15, 0x01, 0x00, 0x00, 
	0x60, 0x01, 0xbd, 0x03, 0x00, 0x00, 0x05, 0x71, 
	0x02, 0x16, 0x15, 0x01, 0x00, 0x00, 0x68, 0x01, 
	0x6d, 0x00, 0x00, 0x00, 0x05, 0x72, 0x02, 0x16, 
	0x15, 0x01, 0x00, 0x00, 0x70, 0x01, 0x02, 0x03, 
	0x00, 0x00, 0x05, 0x73, 0x02, 0x10, 0xc4, 0x06, 
	0x00, 0x00, 0x78, 0x01, 0x5d, 0x01, 0x00, 0x00, 
	0x05, 0x74, 0x02, 0x10, 0xd4, 0x06, 0x00, 0x00, 
	0x80, 0x01, 0xdd, 0x02, 0x00, 0x00, 0x05, 0x75, 
	0x02, 0x0f, 0x45, 0x00, 0x00, 0x00, 0x98, 0x01, 
	0xe2, 0x00, 0x00, 0x00, 0x05, 0x76, 0x02, 0x16, 
	0x15, 0x01, 0x00, 0x00, 0x9c, 0x01, 0x5e, 0x00, 
	0x00, 0x00, 0x05, 0x77, 0x02, 0x16, 0x15, 0x01, 
	0x00, 0x00, 0xa4, 0x01, 0xd1, 0x00, 0x00, 0x00, 
	0x05, 0x78, 0x02, 0x16, 0x15, 0x01, 0x00, 0x00, 
	0xac, 0x01, 0x13, 0x00, 0x00, 0x00, 0x05, 0x79, 
	0x02, 0x16, 0x15, 0x01, 0x00, 0x00, 0xb4, 0x01, 
	0x22, 0x00, 0x00, 0x00, 0x05, 0x7a, 0x02, 0x16, 
	0x15, 0x01, 0x00, 0x00, 0xbc, 0x01, 0x06, 0x02, 
	0x00, 0x00, 0x05, 0x7b, 0x02, 0x08, 0x45, 0x00, 
	0x00, 0x00, 0xc4, 0x01, 0xcc, 0x01, 0x00, 0x00, 
	0x05, 0x87, 0x02, 0x09, 0xe4, 0x06, 0x00, 0x00, 
	0xc8, 0x00, 0x07, 0xb0, 0x04, 0x00, 0x00, 0xc4, 
	0x06, 0x00, 0x00, 0x08, 0x32, 0x00, 0x00, 0x00, 
	0x19, 0x00, 0x07, 0xb0, 0x04, 0x00, 0x00, 0xd4, 
	0x06, 0x00, 0x00, 0x08, 0x32, 0x00, 0x00, 0x00, 
	0x07, 0x00, 0x07, 0xb0, 0x04, 0x00, 0x00, 0xe4, 
	0x06, 0x00, 0x00, 0x08, 0x32, 0x00, 0x00, 0x00, 
	0x17, 0x00, 0x07, 0xb0, 0x04, 0x00, 0x00, 0xf4, 
	0x06, 0x00, 0x00, 0x08, 0x32, 0x00, 0x00, 0x00, 
	0x1f, 0x00, 0x22, 0xe8, 0x05, 0x63, 0x02, 0x03, 
	0x0c, 0x07, 0x00, 0x00, 0x23, 0x14, 0x04, 0x00, 
	0x00, 0x05, 0x88, 0x02, 0x0b, 0x9f, 0x05, 0x00, 
	0x00, 0x00, 0x07, 0xb0, 0x04, 0x00, 0x00, 0x1c, 
	0x07, 0x00, 0x00, 0x08, 0x32, 0x00, 0x00, 0x00, 
	0x18, 0x00, 0x24, 0x53, 0x00, 0x00, 0x00, 0x04, 
	0x1c, 0x07, 0x00, 0x00, 0x14, 0x31, 0x07, 0x00, 
	0x00, 0x03, 0xb5, 0x03, 0x00, 0x00, 0x00, 0x04, 
	0x26, 0x07, 0x00, 0x00, 0x04, 0x9d, 0x01, 0x00, 
	0x00, 0x14, 0x46, 0x07, 0x00, 0x00, 0x03, 0x45, 
	0x00, 0x00, 0x00, 0x00, 0x04, 0x4b, 0x07, 0x00, 
	0x00, 0x04, 0x3b, 0x07, 0x00, 0x00, 0x12, 0x2e, 
	0x05, 0x00, 0x00, 0x28, 0x02, 0xdd, 0x02, 0xea, 
	0x07, 0x00, 0x00, 0x01, 0x7a, 0x04, 0x00, 0x00, 
	0x02, 0xde, 0x02, 0x0a, 0x4c, 0x00, 0x00, 0x00, 
	0x00, 0x01, 0xa1, 0x04, 0x00, 0x00, 0x02, 0xdf, 
	0x02, 0x0a, 0x4c, 0x00, 0x00, 0x00, 0x04, 0x01, 
	0xd1, 0x04, 0x00, 0x00, 0x02, 0xe0, 0x02, 0x0a, 
	0x4c, 0x00, 0x00, 0x00, 0x08, 0x01, 0x74, 0x04, 
	0x00, 0x00, 0x02, 0xe1, 0x02, 0x0a, 0x4c, 0x00, 
	0x00, 0x00, 0x0c, 0x01, 0x90, 0x05, 0x00, 0x00, 
	0x02, 0xe2, 0x02, 0x0a, 0x4c, 0x00, 0x00, 0x00, 
	0x10, 0x01, 0xfd, 0x04, 0x00, 0x00, 0x02, 0xe3, 
	0x02, 0x0a, 0x4c, 0x00, 0x00, 0x00, 0x14, 0x01, 
	0xd0, 0x04, 0x00, 0x00, 0x02, 0xe4, 0x02, 0x0a, 
	0x4c, 0x00, 0x00, 0x00, 0x18, 0x01, 0xc7, 0x04, 
	0x00, 0x00, 0x02, 0xe5, 0x02, 0x0a, 0x4c, 0x00, 
	0x00, 0x00, 0x1c, 0x01, 0xa0, 0x04, 0x00, 0x00, 
	0x02, 0xe6, 0x02, 0x0a, 0x4c, 0x00, 0x00, 0x00, 
	0x20, 0x01, 0x6b, 0x04, 0x00, 0x00, 0x02, 0xe7, 
	0x02, 0x0a, 0x4c, 0x00, 0x00, 0x00, 0x24, 0x00, 
	0x12, 0xd8, 0x04, 0x00, 0x00, 0x10, 0x02, 0xee, 
	0x04, 0x2a, 0x08, 0x00, 0x00, 0x01, 0x50, 0x04, 
	0x00, 0x00, 0x02, 0xf0, 0x04, 0x13, 0x4c, 0x00, 
	0x00, 0x00, 0x00, 0x01, 0xe0, 0x05, 0x00, 0x00, 
	0x02, 0xf1, 0x04, 0x13, 0x4c, 0x00, 0x00, 0x00, 
	0x04, 0x15, 0x66, 0x64, 0x00, 0xf2, 0x04, 0x2a, 
	0x08, 0x00, 0x00, 0x08, 0x15, 0x62, 0x6b, 0x00, 
	0xf3, 0x04, 0x2a, 0x08, 0x00, 0x00, 0x0c, 0x00, 
	0x04, 0xea, 0x07, 0x00, 0x00, 0x0f, 0x86, 0x05, 
	0x00, 0x00, 0x02, 0xf6, 0x04, 0x1e, 0x2a, 0x08, 
	0x00, 0x00, 0x0f, 0x90, 0x04, 0x00, 0x00, 0x02, 
	0x22, 0x06, 0x1e, 0x2a, 0x08, 0x00, 0x00, 0x07, 
	0x3c, 0x08, 0x00, 0x00, 0x5a, 0x08, 0x00, 0x00, 
	0x25, 0x32, 0x00, 0x00, 0x00, 0x01, 0x01, 0x00, 
	0x0e, 0x3e, 0x05, 0x00, 0x00, 0x56, 0x06, 0x10, 
	0x49, 0x08, 0x00, 0x00, 0x0e, 0xe5, 0x04, 0x00, 
	0x00, 0xcd, 0x06, 0x16, 0x89, 0x00, 0x00, 0x00, 
	0x0e, 0x5a, 0x04, 0x00, 0x00, 0xce, 0x06, 0x16, 
	0x89, 0x00, 0x00, 0x00, 0x0e, 0x73, 0x05, 0x00, 
	0x00, 0xd3, 0x06, 0x0e, 0xab, 0x04, 0x00, 0x00, 
	0x0e, 0x1d, 0x05, 0x00, 0x00, 0xd6, 0x06, 0x18, 
	0x50, 0x07, 0x00, 0x00, 0x26, 0x6b, 0x05, 0x00, 
	0x00, 0x07, 0x9a, 0x0e, 0x21, 0x01, 0x00, 0x00, 
	0xb1, 0x08, 0x00, 0x00, 0x03, 0xb5, 0x03, 0x00, 
	0x00, 0x03, 0x39, 0x00, 0x00, 0x00, 0x00, 0x16, 
	0x80, 0x04, 0x00, 0x00, 0x4e, 0x01, 0xc2, 0x08, 
	0x00, 0x00, 0x03, 0xb5, 0x03, 0x00, 0x00, 0x00, 
	0x16, 0xaf, 0x04, 0x00, 0x00, 0x4d, 0x01, 0xd3, 
	0x08, 0x00, 0x00, 0x03, 0xb5, 0x03, 0x00, 0x00, 
	0x00, 0x27, 0x5c, 0x05, 0x00, 0x00, 0x02, 0xfe, 
	0x0c, 0x05, 0x45, 0x00, 0x00, 0x00, 0x80, 0x05, 
	0x01, 0x00, 0x10, 0x01, 0x00, 0x00, 0x01, 0x9c, 
	0xfb, 0x09, 0x00, 0x00, 0x17, 0x52, 0x05, 0x00, 
	0x00, 0xfe, 0x0c, 0x11, 0xb5, 0x03, 0x00, 0x00, 
	0xf1, 0x02, 0x00, 0x00, 0xe9, 0x02, 0x00, 0x00, 
	0x18, 0x70, 0x61, 0x64, 0x00, 0xfe, 0x0c, 0x1d, 
	0x4c, 0x00, 0x00, 0x00, 0x1c, 0x03, 0x00, 0x00, 
	0x14, 0x03, 0x00, 0x00, 0x0b, 0x7d, 0x06, 0x00, 
	0x00, 0x03, 0x0d, 0x09, 0x82, 0x00, 0x00, 0x00, 
	0x43, 0x03, 0x00, 0x00, 0x39, 0x03, 0x00, 0x00, 
	0x0b, 0xa9, 0x04, 0x00, 0x00, 0x04, 0x0d, 0x09, 
	0x82, 0x00, 0x00, 0x00, 0x6e, 0x03, 0x00, 0x00, 
	0x6a, 0x03, 0x00, 0x00, 0x0b, 0x11, 0x05, 0x00, 
	0x00, 0x05, 0x0d, 0x09, 0xab, 0x04, 0x00, 0x00, 
	0x7f, 0x03, 0x00, 0x00, 0x7b, 0x03, 0x00, 0x00, 
	0x0b, 0x98, 0x04, 0x00, 0x00, 0x06, 0x0d, 0x09, 
	0xab, 0x04, 0x00, 0x00, 0x92, 0x03, 0x00, 0x00, 
	0x8e, 0x03, 0x00, 0x00, 0x28, 0x0a, 0x05, 0x00, 
	0x00, 0x02, 0x08, 0x0d, 0x11, 0x89, 0x00, 0x00, 
	0x00, 0x00, 0x10, 0x0c, 0xac, 0x05, 0x01, 0x00, 
	0xc2, 0x08, 0x00, 0x00, 0x89, 0x09, 0x00, 0x00, 
	0x05, 0x01, 0x5a, 0x02, 0x83, 0x00, 0x00, 0x0c, 
	0xe4, 0x05, 0x01, 0x00, 0xb1, 0x08, 0x00, 0x00, 
	0x9d, 0x09, 0x00, 0x00, 0x05, 0x01, 0x5a, 0x02, 
	0x83, 0x00, 0x00, 0x0c, 0x10, 0x06, 0x01, 0x00, 
	0x96, 0x08, 0x00, 0x00, 0xb6, 0x09, 0x00, 0x00, 
	0x05, 0x01, 0x5a, 0x02, 0x83, 0x00, 0x05, 0x01, 
	0x5b, 0x01, 0x30, 0x00, 0x0c, 0x28, 0x06, 0x01, 
	0x00, 0x96, 0x08, 0x00, 0x00, 0xd1, 0x09, 0x00, 
	0x00, 0x05, 0x01, 0x5a, 0x02, 0x83, 0x00, 0x05, 
	0x01, 0x5b, 0x03, 0x78, 0x00, 0x1f, 0x00, 0x0c, 
	0x3c, 0x06, 0x01, 0x00, 0x96, 0x08, 0x00, 0x00, 
	0xea, 0x09, 0x00, 0x00, 0x05, 0x01, 0x5a, 0x02, 
	0x83, 0x00, 0x05, 0x01, 0x5b, 0x01, 0x30, 0x00, 
	0x29, 0x88, 0x06, 0x01, 0x00, 0xb1, 0x08, 0x00, 
	0x00, 0x05, 0x01, 0x5a, 0x02, 0x83, 0x00, 0x00, 
	0x00, 0x2a, 0x23, 0x04, 0x00, 0x00, 0x02, 0x48, 
	0x0a, 0x06, 0x90, 0x06, 0x01, 0x00, 0x54, 0x02, 
	0x00, 0x00, 0x01, 0x9c, 0x17, 0x52, 0x05, 0x00, 
	0x00, 0x48, 0x0a, 0x0b, 0xb5, 0x03, 0x00, 0x00, 
	0xaf, 0x03, 0x00, 0x00, 0xa1, 0x03, 0x00, 0x00, 
	0x18, 0x6d, 0x65, 0x6d, 0x00, 0x48, 0x0a, 0x18, 
	0x21, 0x01, 0x00, 0x00, 0xef, 0x03, 0x00, 0x00, 
	0xe3, 0x03, 0x00, 0x00, 0x0d, 0x70, 0x00, 0x53, 
	0x0a, 0x0d, 0x2f, 0x08, 0x00, 0x00, 0x21, 0x04, 
	0x00, 0x00, 0x1c, 0x04, 0x00, 0x00, 0x0d, 0x68, 
	0x64, 0x00, 0x54, 0x0a, 0x13, 0x4c, 0x00, 0x00, 
	0x00, 0x36, 0x04, 0x00, 0x00, 0x30, 0x04, 0x00, 
	0x00, 0x0d, 0x73, 0x7a, 0x00, 0x55, 0x0a, 0x13, 
	0x4c, 0x00, 0x00, 0x00, 0x5b, 0x04, 0x00, 0x00, 
	0x4e, 0x04, 0x00, 0x00, 0x0d, 0x69, 0x64, 0x78, 
	0x00, 0x56, 0x0a, 0x0d, 0x45, 0x00, 0x00, 0x00, 
	0x91, 0x04, 0x00, 0x00, 0x7f, 0x04, 0x00, 0x00, 
	0x0b, 0x53, 0x02, 0x00, 0x00, 0x57, 0x0a, 0x0d, 
	0x2f, 0x08, 0x00, 0x00, 0xc1, 0x04, 0x00, 0x00, 
	0xb9, 0x04, 0x00, 0x00, 0x0b, 0x37, 0x05, 0x00, 
	0x00, 0x58, 0x0a, 0x13, 0x4c, 0x00, 0x00, 0x00, 
	0xf7, 0x04, 0x00, 0x00, 0xe9, 0x04, 0x00, 0x00, 
	0x0b, 0x4b, 0x05, 0x00, 0x00, 0x59, 0x0a, 0x13, 
	0x4c, 0x00, 0x00, 0x00, 0x4a, 0x05, 0x00, 0x00, 
	0x40, 0x05, 0x00, 0x00, 0x0d, 0x62, 0x63, 0x6b, 
	0x00, 0x5a, 0x0a, 0x0d, 0x2f, 0x08, 0x00, 0x00, 
	0x83, 0x05, 0x00, 0x00, 0x71, 0x05, 0x00, 0x00, 
	0x0d, 0x66, 0x77, 0x64, 0x00, 0x5b, 0x0a, 0x0d, 
	0x2f, 0x08, 0x00, 0x00, 0xc5, 0x05, 0x00, 0x00, 
	0xb7, 0x05, 0x00, 0x00, 0x0b, 0x05, 0x05, 0x00, 
	0x00, 0x5c, 0x0a, 0x0d, 0x45, 0x00, 0x00, 0x00, 
	0xf8, 0x05, 0x00, 0x00, 0xe9, 0x05, 0x00, 0x00, 
	0x0c, 0xb0, 0x06, 0x01, 0x00, 0xc2, 0x08, 0x00, 
	0x00, 0x0e, 0x0b, 0x00, 0x00, 0x05, 0x01, 0x5a, 
	0x02, 0x79, 0x00, 0x00, 0x0c, 0x20, 0x07, 0x01, 
	0x00, 0xd3, 0x08, 0x00, 0x00, 0x22, 0x0b, 0x00, 
	0x00, 0x05, 0x01, 0x5a, 0x02, 0x79, 0x00, 0x00, 
	0x2b, 0x38, 0x07, 0x01, 0x00, 0xb1, 0x08, 0x00, 
	0x00, 0x05, 0x01, 0x5a, 0x09, 0xa3, 0x03, 0xa5, 
	0x0a, 0x2b, 0xa8, 0x32, 0xa8, 0x00, 0x00, 0x00, 
	0x00, 0x59, 0x0c, 0x00, 0x00, 0x05, 0x00, 0x01, 
	0x04, 0x23, 0x12, 0x00, 0x00, 0x1c, 0x0c, 0x03, 
	0x00, 0x00, 0x1d, 0x03, 0x47, 0x16, 0x03, 0x00, 
	0xcf, 0x05, 0x00, 0x00, 0xef, 0x00, 0x00, 0x00, 
	0xe4, 0x08, 0x01, 0x00, 0x48, 0x06, 0x00, 0x00, 
	0x72, 0x0e, 0x00, 0x00, 0x05, 0x08, 0x07, 0x33, 
	0x00, 0x00, 0x00, 0x05, 0x04, 0x07, 0x3d, 0x00, 
	0x00, 0x00, 0x0b, 0xbd, 0x04, 0x00, 0x00, 0x03, 
	0xa0, 0x1a, 0x45, 0x00, 0x00, 0x00, 0x1d, 0x04, 
	0x05, 0x69, 0x6e, 0x74, 0x00, 0x0b, 0xfb, 0x02, 
	0x00, 0x00, 0x03, 0xe5, 0x17, 0x32, 0x00, 0x00, 
	0x00, 0x05, 0x08, 0x05, 0x84, 0x00, 0x00, 0x00, 
	0x05, 0x10, 0x04, 0xad, 0x01, 0x00, 0x00, 0x05, 
	0x01, 0x06, 0xf5, 0x01, 0x00, 0x00, 0x05, 0x01, 
	0x08, 0xf3, 0x01, 0x00, 0x00, 0x05, 0x02, 0x05, 
	0x0f, 0x02, 0x00, 0x00, 0x05, 0x02, 0x07, 0x4a, 
	0x01, 0x00, 0x00, 0x05, 0x04, 0x05, 0x89, 0x00, 
	0x00, 0x00, 0x05, 0x04, 0x07, 0x38, 0x00, 0x00, 
	0x00, 0x10, 0x84, 0x01, 0x00, 0x00, 0x03, 0x76, 
	0x01, 0x17, 0x32, 0x00, 0x00, 0x00, 0x0b, 0x68, 
	0x0a, 0x00, 0x00, 0x04, 0x2e, 0x0e, 0x82, 0x00, 
	0x00, 0x00, 0x0b, 0xac, 0x02, 0x00, 0x00, 0x04, 
	0x74, 0x0e, 0x82, 0x00, 0x00, 0x00, 0x0b, 0xf9, 
	0x02, 0x00, 0x00, 0x04, 0x93, 0x17, 0x45, 0x00, 
	0x00, 0x00, 0x1e, 0x04, 0x04, 0xa5, 0x03, 0xe1, 
	0x00, 0x00, 0x00, 0x16, 0x7e, 0x01, 0x00, 0x00, 
	0xa7, 0x0c, 0x90, 0x00, 0x00, 0x00, 0x16, 0x33, 
	0x01, 0x00, 0x00, 0xa8, 0x13, 0xe1, 0x00, 0x00, 
	0x00, 0x00, 0x06, 0x6d, 0x00, 0x00, 0x00, 0xf1, 
	0x00, 0x00, 0x00, 0x08, 0x32, 0x00, 0x00, 0x00, 
	0x03, 0x00, 0x1f, 0x08, 0x04, 0xa2, 0x09, 0x15, 
	0x01, 0x00, 0x00, 0x02, 0x8a, 0x02, 0x00, 0x00, 
	0x04, 0xa4, 0x07, 0x45, 0x00, 0x00, 0x00, 0x00, 
	0x02, 0x92, 0x02, 0x00, 0x00, 0x04, 0xa9, 0x05, 
	0xc1, 0x00, 0x00, 0x00, 0x04, 0x00, 0x0b, 0x31, 
	0x02, 0x00, 0x00, 0x04, 0xaa, 0x03, 0xf1, 0x00, 
	0x00, 0x00, 0x20, 0x04, 0x0b, 0xd5, 0x02, 0x00, 
	0x00, 0x05, 0x17, 0x19, 0x89, 0x00, 0x00, 0x00, 
	0x0b, 0xe1, 0x01, 0x00, 0x00, 0x06, 0x0c, 0x0d, 
	0x45, 0x00, 0x00, 0x00, 0x0b, 0xf6, 0x00, 0x00, 
	0x00, 0x05, 0x24, 0x1b, 0x2f, 0x01, 0x00, 0x00, 
	0x11, 0x07, 0x01, 0x00, 0x00, 0x18, 0x35, 0x9d, 
	0x01, 0x00, 0x00, 0x02, 0x52, 0x02, 0x00, 0x00, 
	0x05, 0x37, 0x13, 0x9d, 0x01, 0x00, 0x00, 0x00, 
	0x09, 0x5f, 0x6b, 0x00, 0x38, 0x07, 0x45, 0x00, 
	0x00, 0x00, 0x04, 0x02, 0x7c, 0x02, 0x00, 0x00, 
	0x05, 0x38, 0x0b, 0x45, 0x00, 0x00, 0x00, 0x08, 
	0x02, 0xf0, 0x00, 0x00, 0x00, 0x05, 0x38, 0x14, 
	0x45, 0x00, 0x00, 0x00, 0x0c, 0x02, 0xea, 0x02, 
	0x00, 0x00, 0x05, 0x38, 0x1b, 0x45, 0x00, 0x00, 
	0x00, 0x10, 0x09, 0x5f, 0x78, 0x00, 0x39, 0x0b, 
	0xa2, 0x01, 0x00, 0x00, 0x14, 0x00, 0x04, 0x47, 
	0x01, 0x00, 0x00, 0x06, 0x23, 0x01, 0x00, 0x00, 
	0xb2, 0x01, 0x00, 0x00, 0x08, 0x32, 0x00, 0x00, 
	0x00, 0x00, 0x00, 0x11, 0x2e, 0x01, 0x00, 0x00, 
	0x24, 0x3d, 0x33, 0x02, 0x00, 0x00, 0x02, 0x7b, 
	0x00, 0x00, 0x00, 0x05, 0x3f, 0x09, 0x45, 0x00, 
	0x00, 0x00, 0x00, 0x02, 0xb4, 0x02, 0x00, 0x00, 
	0x05, 0x40, 0x09, 0x45, 0x00, 0x00, 0x00, 0x04, 
	0x02, 0x98, 0x00, 0x00, 0x00, 0x05, 0x41, 0x09, 
	0x45, 0x00, 0x00, 0x00, 0x08, 0x02, 0xd0, 0x03, 
	0x00, 0x00, 0x05, 0x42, 0x09, 0x45, 0x00, 0x00, 
	0x00, 0x0c, 0x02, 0xb9, 0x01, 0x00, 0x00, 0x05, 
	0x43, 0x09, 0x45, 0x00, 0x00, 0x00, 0x10, 0x02, 
	0xa3, 0x01, 0x00, 0x00, 0x05, 0x44, 0x09, 0x45, 
	0x00, 0x00, 0x00, 0x14, 0x02, 0xef, 0x02, 0x00, 
	0x00, 0x05, 0x45, 0x09, 0x45, 0x00, 0x00, 0x00, 
	0x18, 0x02, 0x19, 0x02, 0x00, 0x00, 0x05, 0x46, 
	0x09, 0x45, 0x00, 0x00, 0x00, 0x1c, 0x02, 0x97, 
	0x03, 0x00, 0x00, 0x05, 0x47, 0x09, 0x45, 0x00, 
	0x00, 0x00, 0x20, 0x00, 0x11, 0x23, 0x02, 0x00, 
	0x00, 0x08, 0x74, 0x59, 0x02, 0x00, 0x00, 0x02, 
	0x80, 0x05, 0x00, 0x00, 0x05, 0x75, 0x11, 0x59, 
	0x02, 0x00, 0x00, 0x00, 0x02, 0xdf, 0x05, 0x00, 
	0x00, 0x05, 0x76, 0x06, 0x45, 0x00, 0x00, 0x00, 
	0x04, 0x00, 0x04, 0x6d, 0x00, 0x00, 0x00, 0x11, 
	0x3c, 0x02, 0x00, 0x00, 0x68, 0x99, 0x97, 0x03, 
	0x00, 0x00, 0x09, 0x5f, 0x70, 0x00, 0x9a, 0x12, 
	0x59, 0x02, 0x00, 0x00, 0x00, 0x09, 0x5f, 0x72, 
	0x00, 0x9b, 0x07, 0x45, 0x00, 0x00, 0x00, 0x04, 
	0x09, 0x5f, 0x77, 0x00, 0x9c, 0x07, 0x45, 0x00, 
	0x00, 0x00, 0x08, 0x02, 0xaa, 0x00, 0x00, 0x00, 
	0x05, 0x9d, 0x09, 0x74, 0x00, 0x00, 0x00, 0x0c, 
	0x02, 0xf6, 0x07, 0x00, 0x00, 0x05, 0x9e, 0x09, 
	0x74, 0x00, 0x00, 0x00, 0x0e, 0x09, 0x5f, 0x62, 
	0x66, 0x00, 0x9f, 0x11, 0x33, 0x02, 0x00, 0x00, 
	0x10, 0x02, 0x4a, 0x00, 0x00, 0x00, 0x05, 0xa0, 
	0x07, 0x45, 0x00, 0x00, 0x00, 0x18, 0x02, 0xa2, 
	0x00, 0x00, 0x00, 0x05, 0xa7, 0x0a, 0x21, 0x01, 
	0x00, 0x00, 0x1c, 0x02, 0x1e, 0x01, 0x00, 0x00, 
	0x05, 0xa9, 0x1d, 0xbc, 0x04, 0x00, 0x00, 0x20, 
	0x02, 0x9c, 0x01, 0x00, 0x00, 0x05, 0xab, 0x1d, 
	0xe4, 0x04, 0x00, 0x00, 0x24, 0x02, 0x9a, 0x02, 
	0x00, 0x00, 0x05, 0xae, 0x0d, 0x07, 0x05, 0x00, 
	0x00, 0x28, 0x02, 0xb1, 0x03, 0x00, 0x00, 0x05, 
	0xaf, 0x09, 0x20, 0x05, 0x00, 0x00, 0x2c, 0x09, 
	0x5f, 0x75, 0x62, 0x00, 0xb2, 0x11, 0x33, 0x02, 
	0x00, 0x00, 0x30, 0x09, 0x5f, 0x75, 0x70, 0x00, 
	0xb3, 0x12, 0x59, 0x02, 0x00, 0x00, 0x38, 0x09, 
	0x5f, 0x75, 0x72, 0x00, 0xb4, 0x07, 0x45, 0x00, 
	0x00, 0x00, 0x3c, 0x02, 0x92, 0x00, 0x00, 0x00, 
	0x05, 0xb7, 0x11, 0x25, 0x05, 0x00, 0x00, 0x40, 
	0x02, 0x91, 0x03, 0x00, 0x00, 0x05, 0xb8, 0x11, 
	0x35, 0x05, 0x00, 0x00, 0x43, 0x09, 0x5f, 0x6c, 
	0x62, 0x00, 0xbb, 0x11, 0x33, 0x02, 0x00, 0x00, 
	0x44, 0x02, 0xb8, 0x00, 0x00, 0x00, 0x05, 0xbe, 
	0x07, 0x45, 0x00, 0x00, 0x00, 0x4c, 0x02, 0xc9, 
	0x00, 0x00, 0x00, 0x05, 0xbf, 0x0a, 0x9d, 0x00, 
	0x00, 0x00, 0x50, 0x02, 0x3f, 0x04, 0x00, 0x00, 
	0x05, 0xc2, 0x12, 0xb5, 0x03, 0x00, 0x00, 0x54, 
	0x02, 0xb7, 0x04, 0x00, 0x00, 0x05, 0xc6, 0x0c, 
	0x3b, 0x01, 0x00, 0x00, 0x58, 0x02, 0x44, 0x02, 
	0x00, 0x00, 0x05, 0xc8, 0x0e, 0x15, 0x01, 0x00, 
	0x00, 0x5c, 0x02, 0x94, 0x01, 0x00, 0x00, 0x05, 
	0xc9, 0x09, 0x45, 0x00, 0x00, 0x00, 0x64, 0x00, 
	0x12, 0xb5, 0x00, 0x00, 0x00, 0xb5, 0x03, 0x00, 
	0x00, 0x03, 0xb5, 0x03, 0x00, 0x00, 0x03, 0x21, 
	0x01, 0x00, 0x00, 0x03, 0xab, 0x04, 0x00, 0x00, 
	0x03, 0x45, 0x00, 0x00, 0x00, 0x00, 0x04, 0xba, 
	0x03, 0x00, 0x00, 0x21, 0x14, 0x04, 0x00, 0x00, 
	0x40, 0x01, 0x05, 0x42, 0x02, 0x08, 0xab, 0x04, 
	0x00, 0x00, 0x01, 0x60, 0x0a, 0x00, 0x00, 0x05, 
	0x44, 0x02, 0x07, 0x45, 0x00, 0x00, 0x00, 0x00, 
	0x01, 0xb1, 0x00, 0x00, 0x00, 0x05, 0x49, 0x02, 
	0x0b, 0x52, 0x05, 0x00, 0x00, 0x04, 0x01, 0x3a, 
	0x01, 0x00, 0x00, 0x05, 0x49, 0x02, 0x14, 0x52, 
	0x05, 0x00, 0x00, 0x08, 0x01, 0xff, 0x00, 0x00, 
	0x00, 0x05, 0x49, 0x02, 0x1e, 0x52, 0x05, 0x00, 
	0x00, 0x0c, 0x01, 0x65, 0x02, 0x00, 0x00, 0x05, 
	0x4b, 0x02, 0x08, 0x45, 0x00, 0x00, 0x00, 0x10, 
	0x01, 0x08, 0x00, 0x00, 0x00, 0x05, 0x4c, 0x02, 
	0x08, 0x0c, 0x07, 0x00, 0x00, 0x14, 0x01, 0x6a, 
	0x02, 0x00, 0x00, 0x05, 0x51, 0x02, 0x16, 0x21, 
	0x07, 0x00, 0x00, 0x30, 0x01, 0x72, 0x02, 0x00, 
	0x00, 0x05, 0x57, 0x02, 0x0a, 0x31, 0x07, 0x00, 
	0x00, 0x34, 0x01, 0x76, 0x01, 0x00, 0x00, 0x05, 
	0x5a, 0x02, 0x13, 0x9d, 0x01, 0x00, 0x00, 0x38, 
	0x01, 0x24, 0x01, 0x00, 0x00, 0x05, 0x5b, 0x02, 
	0x07, 0x45, 0x00, 0x00, 0x00, 0x3c, 0x01, 0xcb, 
	0x03, 0x00, 0x00, 0x05, 0x5c, 0x02, 0x13, 0x9d, 
	0x01, 0x00, 0x00, 0x40, 0x01, 0xc2, 0x01, 0x00, 
	0x00, 0x05, 0x5d, 0x02, 0x14, 0x36, 0x07, 0x00, 
	0x00, 0x44, 0x01, 0x42, 0x01, 0x00, 0x00, 0x05, 
	0x60, 0x02, 0x07, 0x45, 0x00, 0x00, 0x00, 0x48, 
	0x01, 0xc1, 0x00, 0x00, 0x00, 0x05, 0x61, 0x02, 
	0x09, 0xab, 0x04, 0x00, 0x00, 0x4c, 0x01, 0x01, 
	0x02, 0x00, 0x00, 0x05, 0x90, 0x02, 0x07, 0xf4, 
	0x06, 0x00, 0x00, 0x50, 0x22, 0x87, 0x03, 0x00, 
	0x00, 0x05, 0x98, 0x02, 0x0b, 0x46, 0x07, 0x00, 
	0x00, 0x38, 0x01, 0x00, 0x04, 0xb0, 0x04, 0x00, 
	0x00, 0x05, 0x01, 0x08, 0xfc, 0x01, 0x00, 0x00, 
	0x23, 0xb0, 0x04, 0x00, 0x00, 0x04, 0x97, 0x03, 
	0x00, 0x00, 0x12, 0xb5, 0x00, 0x00, 0x00, 0xdf, 
	0x04, 0x00, 0x00, 0x03, 0xb5, 0x03, 0x00, 0x00, 
	0x03, 0x21, 0x01, 0x00, 0x00, 0x03, 0xdf, 0x04, 
	0x00, 0x00, 0x03, 0x45, 0x00, 0x00, 0x00, 0x00, 
	0x04, 0xb7, 0x04, 0x00, 0x00, 0x04, 0xc1, 0x04, 
	0x00, 0x00, 0x12, 0xa9, 0x00, 0x00, 0x00, 0x07, 
	0x05, 0x00, 0x00, 0x03, 0xb5, 0x03, 0x00, 0x00, 
	0x03, 0x21, 0x01, 0x00, 0x00, 0x03, 0xa9, 0x00, 
	0x00, 0x00, 0x03, 0x45, 0x00, 0x00, 0x00, 0x00, 
	0x04, 0xe9, 0x04, 0x00, 0x00, 0x12, 0x45, 0x00, 
	0x00, 0x00, 0x20, 0x05, 0x00, 0x00, 0x03, 0xb5, 
	0x03, 0x00, 0x00, 0x03, 0x21, 0x01, 0x00, 0x00, 
	0x00, 0x04, 0x0c, 0x05, 0x00, 0x00, 0x06, 0x6d, 
	0x00, 0x00, 0x00, 0x35, 0x05, 0x00, 0x00, 0x08, 
	0x32, 0x00, 0x00, 0x00, 0x02, 0x00, 0x06, 0x6d, 
	0x00, 0x00, 0x00, 0x45, 0x05, 0x00, 0x00, 0x08, 
	0x32, 0x00, 0x00, 0x00, 0x00, 0x00, 0x10, 0x2a, 
	0x02, 0x00, 0x00, 0x05, 0x0e, 0x01, 0x1a, 0x5e, 
	0x02, 0x00, 0x00, 0x04, 0x45, 0x05, 0x00, 0x00, 
	0x14, 0x00, 0x00, 0x00, 0x00, 0x0e, 0x05, 0x32, 
	0x01, 0x8f, 0x05, 0x00, 0x00, 0x01, 0x84, 0x02, 
	0x00, 0x00, 0x05, 0x33, 0x01, 0x12, 0x8f, 0x05, 
	0x00, 0x00, 0x00, 0x01, 0xbd, 0x02, 0x00, 0x00, 
	0x05, 0x34, 0x01, 0x12, 0x8f, 0x05, 0x00, 0x00, 
	0x06, 0x01, 0xd0, 0x02, 0x00, 0x00, 0x05, 0x35, 
	0x01, 0x12, 0x7b, 0x00, 0x00, 0x00, 0x0c, 0x00, 
	0x06, 0x7b, 0x00, 0x00, 0x00, 0x9f, 0x05, 0x00, 
	0x00, 0x08, 0x32, 0x00, 0x00, 0x00, 0x02, 0x00, 
	0x24, 0xe8, 0x05, 0x65, 0x02, 0x07, 0xb4, 0x06, 
	0x00, 0x00, 0x01, 0xc3, 0x02, 0x00, 0x00, 0x05, 
	0x6a, 0x02, 0x12, 0xab, 0x04, 0x00, 0x00, 0x00, 
	0x01, 0x69, 0x01, 0x00, 0x00, 0x05, 0x6b, 0x02, 
	0x10, 0xb4, 0x06, 0x00, 0x00, 0x04, 0x01, 0xa2, 
	0x03, 0x00, 0x00, 0x05, 0x6c, 0x02, 0x17, 0xb2, 
	0x01, 0x00, 0x00, 0x20, 0x01, 0x0f, 0x01, 0x00, 
	0x00, 0x05, 0x6d, 0x02, 0x0f, 0x45, 0x00, 0x00, 
	0x00, 0x44, 0x01, 0x4d, 0x02, 0x00, 0x00, 0x05, 
	0x6e, 0x02, 0x2c, 0x2b, 0x00, 0x00, 0x00, 0x48, 
	0x01, 0xb8, 0x03, 0x00, 0x00, 0x05, 0x6f, 0x02, 
	0x1a, 0x57, 0x05, 0x00, 0x00, 0x50, 0x01, 0x58, 
	0x02, 0x00, 0x00, 0x05, 0x70, 0x02, 0x16, 0x15, 
	0x01, 0x00, 0x00, 0x60, 0x01, 0xbd, 0x03, 0x00, 
	0x00, 0x05, 0x71, 0x02, 0x16, 0x15, 0x01, 0x00, 
	0x00, 0x68, 0x01, 0x6d, 0x00, 0x00, 0x00, 0x05, 
	0x72, 0x02, 0x16, 0x15, 0x01, 0x00, 0x00, 0x70, 
	0x01, 0x02, 0x03, 0x00, 0x00, 0x05, 0x73, 0x02, 
	0x10, 0xc4, 0x06, 0x00, 0x00, 0x78, 0x01, 0x5d, 
	0x01, 0x00, 0x00, 0x05, 0x74, 0x02, 0x10, 0xd4, 
	0x06, 0x00, 0x00, 0x80, 0x01, 0xdd, 0x02, 0x00, 
	0x00, 0x05, 0x75, 0x02, 0x0f, 0x45, 0x00, 0x00, 
	0x00, 0x98, 0x01, 0xe2, 0x00, 0x00, 0x00, 0x05, 
	0x76, 0x02, 0x16, 0x15, 0x01, 0x00, 0x00, 0x9c, 
	0x01, 0x5e, 0x00, 0x00, 0x00, 0x05, 0x77, 0x02, 
	0x16, 0x15, 0x01, 0x00, 0x00, 0xa4, 0x01, 0xd1, 
	0x00, 0x00, 0x00, 0x05, 0x78, 0x02, 0x16, 0x15, 
	0x01, 0x00, 0x00, 0xac, 0x01, 0x13, 0x00, 0x00, 
	0x00, 0x05, 0x79, 0x02, 0x16, 0x15, 0x01, 0x00, 
	0x00, 0xb4, 0x01, 0x22, 0x00, 0x00, 0x00, 0x05, 
	0x7a, 0x02, 0x16, 0x15, 0x01, 0x00, 0x00, 0xbc, 
	0x01, 0x06, 0x02, 0x00, 0x00, 0x05, 0x7b, 0x02, 
	0x08, 0x45, 0x00, 0x00, 0x00, 0xc4, 0x01, 0xcc, 
	0x01, 0x00, 0x00, 0x05, 0x87, 0x02, 0x09, 0xe4, 
	0x06, 0x00, 0x00, 0xc8, 0x00, 0x06, 0xb0, 0x04, 
	0x00, 0x00, 0xc4, 0x06, 0x00, 0x00, 0x08, 0x32, 
	0x00, 0x00, 0x00, 0x19, 0x00, 0x06, 0xb0, 0x04, 
	0x00, 0x00, 0xd4, 0x06, 0x00, 0x00, 0x08, 0x32, 
	0x00, 0x00, 0x00, 0x07, 0x00, 0x06, 0xb0, 0x04, 
	0x00, 0x00, 0xe4, 0x06, 0x00, 0x00, 0x08, 0x32, 
	0x00, 0x00, 0x00, 0x17, 0x00, 0x06, 0xb0, 0x04, 
	0x00, 0x00, 0xf4, 0x06, 0x00, 0x00, 0x08, 0x32, 
	0x00, 0x00, 0x00, 0x1f, 0x00, 0x25, 0xe8, 0x05, 
	0x63, 0x02, 0x03, 0x0c, 0x07, 0x00, 0x00, 0x26, 
	0x14, 0x04, 0x00, 0x00, 0x05, 0x88, 0x02, 0x0b, 
	0x9f, 0x05, 0x00, 0x00, 0x00, 0x06, 0xb0, 0x04, 
	0x00, 0x00, 0x1c, 0x07, 0x00, 0x00, 0x08, 0x32, 
	0x00, 0x00, 0x00, 0x18, 0x00, 0x27, 0x53, 0x00, 
	0x00, 0x00, 0x04, 0x1c, 0x07, 0x00, 0x00, 0x17, 
	0x31, 0x07, 0x00, 0x00, 0x03, 0xb5, 0x03, 0x00, 
	0x00, 0x00, 0x04, 0x26, 0x07, 0x00, 0x00, 0x04, 
	0x9d, 0x01, 0x00, 0x00, 0x17, 0x46, 0x07, 0x00, 
	0x00, 0x03, 0x45, 0x00, 0x00, 0x00, 0x00, 0x04, 
	0x4b, 0x07, 0x00, 0x00, 0x04, 0x3b, 0x07, 0x00, 
	0x00, 0x14, 0x2e, 0x05, 0x00, 0x00, 0x28, 0x02, 
	0xdd, 0x02, 0xea, 0x07, 0x00, 0x00, 0x01, 0x7a, 
	0x04, 0x00, 0x00, 0x02, 0xde, 0x02, 0x0a, 0x4c, 
	0x00, 0x00, 0x00, 0x00, 0x01, 0xa1, 0x04, 0x00, 
	0x00, 0x02, 0xdf, 0x02, 0x0a, 0x4c, 0x00, 0x00, 
	0x00, 0x04, 0x01, 0xd1, 0x04, 0x00, 0x00, 0x02, 
	0xe0, 0x02, 0x0a, 0x4c, 0x00, 0x00, 0x00, 0x08, 
	0x01, 0x74, 0x04, 0x00, 0x00, 0x02, 0xe1, 0x02, 
	0x0a, 0x4c, 0x00, 0x00, 0x00, 0x0c, 0x01, 0x90, 
	0x05, 0x00, 0x00, 0x02, 0xe2, 0x02, 0x0a, 0x4c, 
	0x00, 0x00, 0x00, 0x10, 0x01, 0xfd, 0x04, 0x00, 
	0x00, 0x02, 0xe3, 0x02, 0x0a, 0x4c, 0x00, 0x00, 
	0x00, 0x14, 0x01, 0xd0, 0x04, 0x00, 0x00, 0x02, 
	0xe4, 0x02, 0x0a, 0x4c, 0x00, 0x00, 0x00, 0x18, 
	0x01, 0xc7, 0x04, 0x00, 0x00, 0x02, 0xe5, 0x02, 
	0x0a, 0x4c, 0x00, 0x00, 0x00, 0x1c, 0x01, 0xa0, 
	0x04, 0x00, 0x00, 0x02, 0xe6, 0x02, 0x0a, 0x4c, 
	0x00, 0x00, 0x00, 0x20, 0x01, 0x6b, 0x04, 0x00, 
	0x00, 0x02, 0xe7, 0x02, 0x0a, 0x4c, 0x00, 0x00, 
	0x00, 0x24, 0x00, 0x14, 0xd8, 0x04, 0x00, 0x00, 
	0x10, 0x02, 0xee, 0x04, 0x2a, 0x08, 0x00, 0x00, 
	0x01, 0x50, 0x04, 0x00, 0x00, 0x02, 0xf0, 0x04, 
	0x13, 0x4c, 0x00, 0x00, 0x00, 0x00, 0x01, 0xe0, 
	0x05, 0x00, 0x00, 0x02, 0xf1, 0x04, 0x13, 0x4c, 
	0x00, 0x00, 0x00, 0x04, 0x18, 0x66, 0x64, 0x00, 
	0xf2, 0x04, 0x2a, 0x08, 0x00, 0x00, 0x08, 0x18, 
	0x62, 0x6b, 0x00, 0xf3, 0x04, 0x2a, 0x08, 0x00, 
	0x00, 0x0c, 0x00, 0x04, 0xea, 0x07, 0x00, 0x00, 
	0x10, 0x86, 0x05, 0x00, 0x00, 0x02, 0xf6, 0x04, 
	0x1e, 0x2a, 0x08, 0x00, 0x00, 0x10, 0x90, 0x04, 
	0x00, 0x00, 0x02, 0x22, 0x06, 0x1e, 0x2a, 0x08, 
	0x00, 0x00, 0x06, 0x3c, 0x08, 0x00, 0x00, 0x5a, 
	0x08, 0x00, 0x00, 0x28, 0x32, 0x00, 0x00, 0x00, 
	0x01, 0x01, 0x00, 0x0d, 0x3e, 0x05, 0x00, 0x00, 
	0x42, 0x06, 0x10, 0x49, 0x08, 0x00, 0x00, 0x05, 
	0x03, 0x40, 0x21, 0x01, 0x00, 0x0d, 0xe5, 0x04, 
	0x00, 0x00, 0xad, 0x06, 0x16, 0x89, 0x00, 0x00, 
	0x00, 0x05, 0x03, 0x5c, 0x25, 0x01, 0x00, 0x0d, 
	0x5a, 0x04, 0x00, 0x00, 0xae, 0x06, 0x16, 0x89, 
	0x00, 0x00, 0x00, 0x05, 0x03, 0x6c, 0x25, 0x01, 
	0x00, 0x0d, 0x73, 0x05, 0x00, 0x00, 0xb5, 0x06, 
	0x0e, 0xab, 0x04, 0x00, 0x00, 0x05, 0x03, 0x58, 
	0x25, 0x01, 0x00, 0x0d, 0x4f, 0x06, 0x00, 0x00, 
	0xb8, 0x06, 0x16, 0x89, 0x00, 0x00, 0x00, 0x05, 
	0x03, 0x68, 0x25, 0x01, 0x00, 0x0d, 0xf5, 0x05, 
	0x00, 0x00, 0xbb, 0x06, 0x16, 0x89, 0x00, 0x00, 
	0x00, 0x05, 0x03, 0x64, 0x25, 0x01, 0x00, 0x0d, 
	0x1d, 0x05, 0x00, 0x00, 0xbe, 0x06, 0x18, 0x50, 
	0x07, 0x00, 0x00, 0x05, 0x03, 0x78, 0x25, 0x01, 
	0x00, 0x15, 0x23, 0x04, 0x00, 0x00, 0x1e, 0x04, 
	0x09, 0xef, 0x08, 0x00, 0x00, 0x03, 0xb5, 0x03, 
	0x00, 0x00, 0x03, 0x21, 0x01, 0x00, 0x00, 0x00, 
	0x29, 0x6b, 0x05, 0x00, 0x00, 0x07, 0x9a, 0x0e, 
	0x21, 0x01, 0x00, 0x00, 0x0a, 0x09, 0x00, 0x00, 
	0x03, 0xb5, 0x03, 0x00, 0x00, 0x03, 0x39, 0x00, 
	0x00, 0x00, 0x00, 0x15, 0x80, 0x04, 0x00, 0x00, 
	0x4e, 0x01, 0x0d, 0x1c, 0x09, 0x00, 0x00, 0x03, 
	0xb5, 0x03, 0x00, 0x00, 0x00, 0x15, 0xaf, 0x04, 
	0x00, 0x00, 0x4d, 0x01, 0x0d, 0x2e, 0x09, 0x00, 
	0x00, 0x03, 0xb5, 0x03, 0x00, 0x00, 0x00, 0x2a, 
	0x2c, 0x06, 0x00, 0x00, 0x02, 0x1e, 0x09, 0x09, 
	0x21, 0x01, 0x00, 0x00, 0xe4, 0x08, 0x01, 0x00, 
	0x48, 0x06, 0x00, 0x00, 0x01, 0x9c, 0xb3, 0x0b, 
	0x00, 0x00, 0x19, 0x52, 0x05, 0x00, 0x00, 0x10, 
	0xb5, 0x03, 0x00, 0x00, 0x42, 0x06, 0x00, 0x00, 
	0x3a, 0x06, 0x00, 0x00, 0x19, 0x97, 0x05, 0x00, 
	0x00, 0x1c, 0x4c, 0x00, 0x00, 0x00, 0x6b, 0x06, 
	0x00, 0x00, 0x63, 0x06, 0x00, 0x00, 0x0e, 0x48, 
	0x06, 0x00, 0x00, 0x29, 0x09, 0x0d, 0x2f, 0x08, 
	0x00, 0x00, 0xac, 0x06, 0x00, 0x00, 0x95, 0x06, 
	0x00, 0x00, 0x0e, 0x20, 0x06, 0x00, 0x00, 0x2a, 
	0x09, 0x13, 0x4c, 0x00, 0x00, 0x00, 0x13, 0x07, 
	0x00, 0x00, 0xe2, 0x06, 0x00, 0x00, 0x0f, 0x69, 
	0x64, 0x78, 0x00, 0x2b, 0x09, 0x0d, 0x45, 0x00, 
	0x00, 0x00, 0xd5, 0x07, 0x00, 0x00, 0x94, 0x07, 
	0x00, 0x00, 0x0f, 0x62, 0x69, 0x6e, 0x00, 0x2c, 
	0x09, 0x0d, 0x3c, 0x08, 0x00, 0x00, 0x91, 0x08, 
	0x00, 0x00, 0x80, 0x08, 0x00, 0x00, 0x0e, 0x36, 
	0x06, 0x00, 0x00, 0x2d, 0x09, 0x0d, 0x2f, 0x08, 
	0x00, 0x00, 0xbb, 0x08, 0x00, 0x00, 0xb5, 0x08, 
	0x00, 0x00, 0x0e, 0x9d, 0x05, 0x00, 0x00, 0x2e, 
	0x09, 0x0d, 0x82, 0x00, 0x00, 0x00, 0x07, 0x09, 
	0x00, 0x00, 0xca, 0x08, 0x00, 0x00, 0x0e, 0xe5, 
	0x05, 0x00, 0x00, 0x2f, 0x09, 0x0d, 0x45, 0x00, 
	0x00, 0x00, 0xc5, 0x09, 0x00, 0x00, 0xad, 0x09, 
	0x00, 0x00, 0x0e, 0xb4, 0x05, 0x00, 0x00, 0x30, 
	0x09, 0x11, 0x89, 0x00, 0x00, 0x00, 0x08, 0x0a, 
	0x00, 0x00, 0xfc, 0x09, 0x00, 0x00, 0x0e, 0x0c, 
	0x06, 0x00, 0x00, 0x31, 0x09, 0x0d, 0x45, 0x00, 
	0x00, 0x00, 0x2e, 0x0a, 0x00, 0x00, 0x1e, 0x0a, 
	0x00, 0x00, 0x0f, 0x66, 0x77, 0x64, 0x00, 0x32, 
	0x09, 0x0d, 0x2f, 0x08, 0x00, 0x00, 0x68, 0x0a, 
	0x00, 0x00, 0x4b, 0x0a, 0x00, 0x00, 0x0f, 0x62, 
	0x63, 0x6b, 0x00, 0x33, 0x09, 0x0d, 0x2f, 0x08, 
	0x00, 0x00, 0xbf, 0x0a, 0x00, 0x00, 0xa2, 0x0a, 
	0x00, 0x00, 0x0f, 0x71, 0x00, 0x34, 0x09, 0x0b, 
	0x3c, 0x08, 0x00, 0x00, 0x1d, 0x0b, 0x00, 0x00, 
	0xfb, 0x0a, 0x00, 0x00, 0x0f, 0x6e, 0x62, 0x00, 
	0x36, 0x09, 0x13, 0x4c, 0x00, 0x00, 0x00, 0x71, 
	0x0b, 0x00, 0x00, 0x6f, 0x0b, 0x00, 0x00, 0x2b, 
	0xb3, 0x0b, 0x00, 0x00, 0xec, 0x0b, 0x01, 0x00, 
	0xd1, 0x2a, 0x00, 0x00, 0x00, 0x02, 0x19, 0x0a, 
	0x05, 0x7a, 0x0b, 0x00, 0x00, 0x1a, 0xbd, 0x0b, 
	0x00, 0x00, 0x83, 0x0b, 0x00, 0x00, 0x77, 0x0b, 
	0x00, 0x00, 0x1a, 0xca, 0x0b, 0x00, 0x00, 0xa5, 
	0x0b, 0x00, 0x00, 0x99, 0x0b, 0x00, 0x00, 0x07, 
	0xd6, 0x0b, 0x00, 0x00, 0xd3, 0x0b, 0x00, 0x00, 
	0xbb, 0x0b, 0x00, 0x00, 0x07, 0xe3, 0x0b, 0x00, 
	0x00, 0x06, 0x0c, 0x00, 0x00, 0xfe, 0x0b, 0x00, 
	0x00, 0x07, 0xef, 0x0b, 0x00, 0x00, 0x33, 0x0c, 
	0x00, 0x00, 0x17, 0x0c, 0x00, 0x00, 0x07, 0xfb, 
	0x0b, 0x00, 0x00, 0x83, 0x0c, 0x00, 0x00, 0x73, 
	0x0c, 0x00, 0x00, 0x07, 0x07, 0x0c, 0x00, 0x00, 
	0xb4, 0x0c, 0x00, 0x00, 0xa4, 0x0c, 0x00, 0x00, 
	0x07, 0x13, 0x0c, 0x00, 0x00, 0xe9, 0x0c, 0x00, 
	0x00, 0xd1, 0x0c, 0x00, 0x00, 0x07, 0x1f, 0x0c, 
	0x00, 0x00, 0x47, 0x0d, 0x00, 0x00, 0x3b, 0x0d, 
	0x00, 0x00, 0x07, 0x2b, 0x0c, 0x00, 0x00, 0x71, 
	0x0d, 0x00, 0x00, 0x5d, 0x0d, 0x00, 0x00, 0x07, 
	0x37, 0x0c, 0x00, 0x00, 0xa6, 0x0d, 0x00, 0x00, 
	0x9a, 0x0d, 0x00, 0x00, 0x07, 0x43, 0x0c, 0x00, 
	0x00, 0xeb, 0x0d, 0x00, 0x00, 0xcb, 0x0d, 0x00, 
	0x00, 0x07, 0x4f, 0x0c, 0x00, 0x00, 0x41, 0x0e, 
	0x00, 0x00, 0x39, 0x0e, 0x00, 0x00, 0x13, 0x10, 
	0x0c, 0x01, 0x00, 0xef, 0x08, 0x00, 0x00, 0x48, 
	0x0b, 0x00, 0x00, 0x0c, 0x01, 0x5a, 0x02, 0x88, 
	0x00, 0x0c, 0x01, 0x5b, 0x03, 0x91, 0x4c, 0x06, 
	0x00, 0x13, 0x48, 0x0e, 0x01, 0x00, 0xef, 0x08, 
	0x00, 0x00, 0x63, 0x0b, 0x00, 0x00, 0x0c, 0x01, 
	0x5a, 0x02, 0x88, 0x00, 0x0c, 0x01, 0x5b, 0x03, 
	0x91, 0x4c, 0x06, 0x00, 0x1b, 0x0c, 0x0f, 0x01, 
	0x00, 0xd8, 0x08, 0x00, 0x00, 0x0c, 0x01, 0x5a, 
	0x02, 0x88, 0x00, 0x0c, 0x01, 0x5b, 0x02, 0x78, 
	0x08, 0x00, 0x00, 0x13, 0x70, 0x09, 0x01, 0x00, 
	0x1c, 0x09, 0x00, 0x00, 0x8e, 0x0b, 0x00, 0x00, 
	0x0c, 0x01, 0x5a, 0x02, 0x88, 0x00, 0x00, 0x13, 
	0xd0, 0x09, 0x01, 0x00, 0x0a, 0x09, 0x00, 0x00, 
	0xa2, 0x0b, 0x00, 0x00, 0x0c, 0x01, 0x5a, 0x02, 
	0x88, 0x00, 0x00, 0x1b, 0xc0, 0x0e, 0x01, 0x00, 
	0x0a, 0x09, 0x00, 0x00, 0x0c, 0x01, 0x5a, 0x02, 
	0x88, 0x00, 0x00, 0x00, 0x2c, 0xba, 0x05, 0x00, 
	0x00, 0x02, 0x5e, 0x08, 0x0d, 0x01, 0x2d, 0x52, 
	0x05, 0x00, 0x00, 0x02, 0x5e, 0x08, 0x1f, 0xb5, 
	0x03, 0x00, 0x00, 0x2e, 0x6e, 0x62, 0x00, 0x02, 
	0x5e, 0x08, 0x34, 0x4c, 0x00, 0x00, 0x00, 0x2f, 
	0x62, 0x72, 0x6b, 0x00, 0x02, 0x63, 0x08, 0x0d, 
	0xab, 0x04, 0x00, 0x00, 0x0a, 0xcc, 0x05, 0x00, 
	0x00, 0x64, 0x08, 0x13, 0x4c, 0x00, 0x00, 0x00, 
	0x0a, 0x15, 0x06, 0x00, 0x00, 0x65, 0x08, 0x13, 
	0x4c, 0x00, 0x00, 0x00, 0x0a, 0x67, 0x06, 0x00, 
	0x00, 0x66, 0x08, 0x07, 0x45, 0x00, 0x00, 0x00, 
	0x0a, 0x98, 0x04, 0x00, 0x00, 0x67, 0x08, 0x0d, 
	0xab, 0x04, 0x00, 0x00, 0x0a, 0x7d, 0x06, 0x00, 
	0x00, 0x68, 0x08, 0x13, 0x4c, 0x00, 0x00, 0x00, 
	0x0a, 0x40, 0x06, 0x00, 0x00, 0x6a, 0x08, 0x0d, 
	0x2f, 0x08, 0x00, 0x00, 0x0a, 0x79, 0x06, 0x00, 
	0x00, 0x6b, 0x08, 0x13, 0x4c, 0x00, 0x00, 0x00, 
	0x0a, 0xac, 0x05, 0x00, 0x00, 0x6c, 0x08, 0x0d, 
	0xab, 0x04, 0x00, 0x00, 0x0a, 0xdb, 0x05, 0x00, 
	0x00, 0x70, 0x08, 0x16, 0x4c, 0x00, 0x00, 0x00, 
	0x0a, 0x0a, 0x05, 0x00, 0x00, 0x71, 0x08, 0x11, 
	0x89, 0x00, 0x00, 0x00, 0x00, 0x00, 0x64, 0x07, 
	0x00, 0x00, 0x05, 0x00, 0x01, 0x04, 0xe9, 0x14, 
	0x00, 0x00, 0x10, 0x0c, 0x03, 0x00, 0x00, 0x1d, 
	0x03, 0x47, 0x16, 0x03, 0x00, 0x29, 0x06, 0x00, 
	0x00, 0xef, 0x00, 0x00, 0x00, 0x2c, 0x0f, 0x01, 
	0x00, 0x08, 0x00, 0x00, 0x00, 0x68, 0x1b, 0x00, 
	0x00, 0x11, 0x04, 0x05, 0x69, 0x6e, 0x74, 0x00, 
	0x05, 0x04, 0x07, 0x3d, 0x00, 0x00, 0x00, 0x05, 
	0x08, 0x05, 0x84, 0x00, 0x00, 0x00, 0x05, 0x10, 
	0x04, 0xad, 0x01, 0x00, 0x00, 0x05, 0x01, 0x06, 
	0xf5, 0x01, 0x00, 0x00, 0x05, 0x01, 0x08, 0xf3, 
	0x01, 0x00, 0x00, 0x05, 0x02, 0x05, 0x0f, 0x02, 
	0x00, 0x00, 0x05, 0x02, 0x07, 0x4a, 0x01, 0x00, 
	0x00, 0x05, 0x04, 0x05, 0x89, 0x00, 0x00, 0x00, 
	0x05, 0x04, 0x07, 0x38, 0x00, 0x00, 0x00, 0x05, 
	0x08, 0x07, 0x33, 0x00, 0x00, 0x00, 0x0c, 0x84, 
	0x01, 0x00, 0x00, 0x03, 0x76, 0x01, 0x17, 0x32, 
	0x00, 0x00, 0x00, 0x09, 0x68, 0x0a, 0x00, 0x00, 
	0x04, 0x2e, 0x0e, 0x63, 0x00, 0x00, 0x00, 0x09, 
	0xac, 0x02, 0x00, 0x00, 0x04, 0x74, 0x0e, 0x63, 
	0x00, 0x00, 0x00, 0x09, 0xf9, 0x02, 0x00, 0x00, 
	0x04, 0x93, 0x17, 0x2b, 0x00, 0x00, 0x00, 0x12, 
	0x04, 0x04, 0xa5, 0x03, 0xc9, 0x00, 0x00, 0x00, 
	0x0d, 0x7e, 0x01, 0x00, 0x00, 0xa7, 0x0c, 0x78, 
	0x00, 0x00, 0x00, 0x0d, 0x33, 0x01, 0x00, 0x00, 
	0xa8, 0x13, 0xc9, 0x00, 0x00, 0x00, 0x00, 0x06, 
	0x4e, 0x00, 0x00, 0x00, 0xd9, 0x00, 0x00, 0x00, 
	0x07, 0x32, 0x00, 0x00, 0x00, 0x03, 0x00, 0x13, 
	0x08, 0x04, 0xa2, 0x09, 0xfd, 0x00, 0x00, 0x00, 
	0x02, 0x8a, 0x02, 0x00, 0x00, 0x04, 0xa4, 0x07, 
	0x2b, 0x00, 0x00, 0x00, 0x00, 0x02, 0x92, 0x02, 
	0x00, 0x00, 0x04, 0xa9, 0x05, 0xa9, 0x00, 0x00, 
	0x00, 0x04, 0x00, 0x09, 0x31, 0x02, 0x00, 0x00, 
	0x04, 0xaa, 0x03, 0xd9, 0x00, 0x00, 0x00, 0x14, 
	0x04, 0x09, 0xd5, 0x02, 0x00, 0x00, 0x05, 0x17, 
	0x19, 0x6a, 0x00, 0x00, 0x00, 0x09, 0xe1, 0x01, 
	0x00, 0x00, 0x06, 0x0c, 0x0d, 0x2b, 0x00, 0x00, 
	0x00, 0x09, 0xf6, 0x00, 0x00, 0x00, 0x05, 0x24, 
	0x1b, 0x17, 0x01, 0x00, 0x00, 0x0a, 0x07, 0x01, 
	0x00, 0x00, 0x18, 0x35, 0x85, 0x01, 0x00, 0x00, 
	0x02, 0x52, 0x02, 0x00, 0x00, 0x05, 0x37, 0x13, 
	0x85, 0x01, 0x00, 0x00, 0x00, 0x08, 0x5f, 0x6b, 
	0x00, 0x38, 0x07, 0x2b, 0x00, 0x00, 0x00, 0x04, 
	0x02, 0x7c, 0x02, 0x00, 0x00, 0x05, 0x38, 0x0b, 
	0x2b, 0x00, 0x00, 0x00, 0x08, 0x02, 0xf0, 0x00, 
	0x00, 0x00, 0x05, 0x38, 0x14, 0x2b, 0x00, 0x00, 
	0x00, 0x0c, 0x02, 0xea, 0x02, 0x00, 0x00, 0x05, 
	0x38, 0x1b, 0x2b, 0x00, 0x00, 0x00, 0x10, 0x08, 
	0x5f, 0x78, 0x00, 0x39, 0x0b, 0x8a, 0x01, 0x00, 
	0x00, 0x14, 0x00, 0x04, 0x2f, 0x01, 0x00, 0x00, 
	0x06, 0x0b, 0x01, 0x00, 0x00, 0x9a, 0x01, 0x00, 
	0x00, 0x07, 0x32, 0x00, 0x00, 0x00, 0x00, 0x00, 
	0x0a, 0x2e, 0x01, 0x00, 0x00, 0x24, 0x3d, 0x1b, 
	0x02, 0x00, 0x00, 0x02, 0x7b, 0x00, 0x00, 0x00, 
	0x05, 0x3f, 0x09, 0x2b, 0x00, 0x00, 0x00, 0x00, 
	0x02, 0xb4, 0x02, 0x00, 0x00, 0x05, 0x40, 0x09, 
	0x2b, 0x00, 0x00, 0x00, 0x04, 0x02, 0x98, 0x00, 
	0x00, 0x00, 0x05, 0x41, 0x09, 0x2b, 0x00, 0x00, 
	0x00, 0x08, 0x02, 0xd0, 0x03, 0x00, 0x00, 0x05, 
	0x42, 0x09, 0x2b, 0x00, 0x00, 0x00, 0x0c, 0x02, 
	0xb9, 0x01, 0x00, 0x00, 0x05, 0x43, 0x09, 0x2b, 
	0x00, 0x00, 0x00, 0x10, 0x02, 0xa3, 0x01, 0x00, 
	0x00, 0x05, 0x44, 0x09, 0x2b, 0x00, 0x00, 0x00, 
	0x14, 0x02, 0xef, 0x02, 0x00, 0x00, 0x05, 0x45, 
	0x09, 0x2b, 0x00, 0x00, 0x00, 0x18, 0x02, 0x19, 
	0x02, 0x00, 0x00, 0x05, 0x46, 0x09, 0x2b, 0x00, 
	0x00, 0x00, 0x1c, 0x02, 0x97, 0x03, 0x00, 0x00, 
	0x05, 0x47, 0x09, 0x2b, 0x00, 0x00, 0x00, 0x20, 
	0x00, 0x0a, 0x23, 0x02, 0x00, 0x00, 0x08, 0x74, 
	0x41, 0x02, 0x00, 0x00, 0x02, 0x80, 0x05, 0x00, 
	0x00, 0x05, 0x75, 0x11, 0x41, 0x02, 0x00, 0x00, 
	0x00, 0x02, 0xdf, 0x05, 0x00, 0x00, 0x05, 0x76, 
	0x06, 0x2b, 0x00, 0x00, 0x00, 0x04, 0x00, 0x04, 
	0x4e, 0x00, 0x00, 0x00, 0x0a, 0x3c, 0x02, 0x00, 
	0x00, 0x68, 0x99, 0x7f, 0x03, 0x00, 0x00, 0x08, 
	0x5f, 0x70, 0x00, 0x9a, 0x12, 0x41, 0x02, 0x00, 
	0x00, 0x00, 0x08, 0x5f, 0x72, 0x00, 0x9b, 0x07, 
	0x2b, 0x00, 0x00, 0x00, 0x04, 0x08, 0x5f, 0x77, 
	0x00, 0x9c, 0x07, 0x2b, 0x00, 0x00, 0x00, 0x08, 
	0x02, 0xaa, 0x00, 0x00, 0x00, 0x05, 0x9d, 0x09, 
	0x55, 0x00, 0x00, 0x00, 0x0c, 0x02, 0xf6, 0x07, 
	0x00, 0x00, 0x05, 0x9e, 0x09, 0x55, 0x00, 0x00, 
	0x00, 0x0e, 0x08, 0x5f, 0x62, 0x66, 0x00, 0x9f, 
	0x11, 0x1b, 0x02, 0x00, 0x00, 0x10, 0x02, 0x4a, 
	0x00, 0x00, 0x00, 0x05, 0xa0, 0x07, 0x2b, 0x00, 
	0x00, 0x00, 0x18, 0x02, 0xa2, 0x00, 0x00, 0x00, 
	0x05, 0xa7, 0x0a, 0x09, 0x01, 0x00, 0x00, 0x1c, 
	0x02, 0x1e, 0x01, 0x00, 0x00, 0x05, 0xa9, 0x1d, 
	0x95, 0x04, 0x00, 0x00, 0x20, 0x02, 0x9c, 0x01, 
	0x00, 0x00, 0x05, 0xab, 0x1d, 0xbd, 0x04, 0x00, 
	0x00, 0x24, 0x02, 0x9a, 0x02, 0x00, 0x00, 0x05, 
	0xae, 0x0d, 0xe0, 0x04, 0x00, 0x00, 0x28, 0x02, 
	0xb1, 0x03, 0x00, 0x00, 0x05, 0xaf, 0x09, 0xf9, 
	0x04, 0x00, 0x00, 0x2c, 0x08, 0x5f, 0x75, 0x62, 
	0x00, 0xb2, 0x11, 0x1b, 0x02, 0x00, 0x00, 0x30, 
	0x08, 0x5f, 0x75, 0x70, 0x00, 0xb3, 0x12, 0x41, 
	0x02, 0x00, 0x00, 0x38, 0x08, 0x5f, 0x75, 0x72, 
	0x00, 0xb4, 0x07, 0x2b, 0x00, 0x00, 0x00, 0x3c, 
	0x02, 0x92, 0x00, 0x00, 0x00, 0x05, 0xb7, 0x11, 
	0xfe, 0x04, 0x00, 0x00, 0x40, 0x02, 0x91, 0x03, 
	0x00, 0x00, 0x05, 0xb8, 0x11, 0x0e, 0x05, 0x00, 
	0x00, 0x43, 0x08, 0x5f, 0x6c, 0x62, 0x00, 0xbb, 
	0x11, 0x1b, 0x02, 0x00, 0x00, 0x44, 0x02, 0xb8, 
	0x00, 0x00, 0x00, 0x05, 0xbe, 0x07, 0x2b, 0x00, 
	0x00, 0x00, 0x4c, 0x02, 0xc9, 0x00, 0x00, 0x00, 
	0x05, 0xbf, 0x0a, 0x85, 0x00, 0x00, 0x00, 0x50, 
	0x02, 0x3f, 0x04, 0x00, 0x00, 0x05, 0xc2, 0x12, 
	0x9d, 0x03, 0x00, 0x00, 0x54, 0x02, 0xb7, 0x04, 
	0x00, 0x00, 0x05, 0xc6, 0x0c, 0x23, 0x01, 0x00, 
	0x00, 0x58, 0x02, 0x44, 0x02, 0x00, 0x00, 0x05, 
	0xc8, 0x0e, 0xfd, 0x00, 0x00, 0x00, 0x5c, 0x02, 
	0x94, 0x01, 0x00, 0x00, 0x05, 0xc9, 0x09, 0x2b, 
	0x00, 0x00, 0x00, 0x64, 0x00, 0x0b, 0x9d, 0x00, 
	0x00, 0x00, 0x9d, 0x03, 0x00, 0x00, 0x03, 0x9d, 
	0x03, 0x00, 0x00, 0x03, 0x09, 0x01, 0x00, 0x00, 
	0x03, 0x84, 0x04, 0x00, 0x00, 0x03, 0x2b, 0x00, 
	0x00, 0x00, 0x00, 0x04, 0xa2, 0x03, 0x00, 0x00, 
	0x15, 0x14, 0x04, 0x00, 0x00, 0x40, 0x01, 0x05, 
	0x42, 0x02, 0x08, 0x84, 0x04, 0x00, 0x00, 0x01, 
	0x60, 0x0a, 0x00, 0x00, 0x44, 0x02, 0x07, 0x2b, 
	0x00, 0x00, 0x00, 0x00, 0x01, 0xb1, 0x00, 0x00, 
	0x00, 0x49, 0x02, 0x0b, 0x2b, 0x05, 0x00, 0x00, 
	0x04, 0x01, 0x3a, 0x01, 0x00, 0x00, 0x49, 0x02, 
	0x14, 0x2b, 0x05, 0x00, 0x00, 0x08, 0x01, 0xff, 
	0x00, 0x00, 0x00, 0x49, 0x02, 0x1e, 0x2b, 0x05, 
	0x00, 0x00, 0x0c, 0x01, 0x65, 0x02, 0x00, 0x00, 
	0x4b, 0x02, 0x08, 0x2b, 0x00, 0x00, 0x00, 0x10, 
	0x01, 0x08, 0x00, 0x00, 0x00, 0x4c, 0x02, 0x08, 
	0xd0, 0x06, 0x00, 0x00, 0x14, 0x01, 0x6a, 0x02, 
	0x00, 0x00, 0x51, 0x02, 0x16, 0xe5, 0x06, 0x00, 
	0x00, 0x30, 0x01, 0x72, 0x02, 0x00, 0x00, 0x57, 
	0x02, 0x0a, 0xf5, 0x06, 0x00, 0x00, 0x34, 0x01, 
	0x76, 0x01, 0x00, 0x00, 0x5a, 0x02, 0x13, 0x85, 
	0x01, 0x00, 0x00, 0x38, 0x01, 0x24, 0x01, 0x00, 
	0x00, 0x5b, 0x02, 0x07, 0x2b, 0x00, 0x00, 0x00, 
	0x3c, 0x01, 0xcb, 0x03, 0x00, 0x00, 0x5c, 0x02, 
	0x13, 0x85, 0x01, 0x00, 0x00, 0x40, 0x01, 0xc2, 
	0x01, 0x00, 0x00, 0x5d, 0x02, 0x14, 0xfa, 0x06, 
	0x00, 0x00, 0x44, 0x01, 0x42, 0x01, 0x00, 0x00, 
	0x60, 0x02, 0x07, 0x2b, 0x00, 0x00, 0x00, 0x48, 
	0x01, 0xc1, 0x00, 0x00, 0x00, 0x61, 0x02, 0x09, 
	0x84, 0x04, 0x00, 0x00, 0x4c, 0x01, 0x01, 0x02, 
	0x00, 0x00, 0x90, 0x02, 0x07, 0xb8, 0x06, 0x00, 
	0x00, 0x50, 0x16, 0x87, 0x03, 0x00, 0x00, 0x05, 
	0x98, 0x02, 0x0b, 0x0a, 0x07, 0x00, 0x00, 0x38, 
	0x01, 0x00, 0x04, 0x89, 0x04, 0x00, 0x00, 0x05, 
	0x01, 0x08, 0xfc, 0x01, 0x00, 0x00, 0x17, 0x89, 
	0x04, 0x00, 0x00, 0x04, 0x7f, 0x03, 0x00, 0x00, 
	0x0b, 0x9d, 0x00, 0x00, 0x00, 0xb8, 0x04, 0x00, 
	0x00, 0x03, 0x9d, 0x03, 0x00, 0x00, 0x03, 0x09, 
	0x01, 0x00, 0x00, 0x03, 0xb8, 0x04, 0x00, 0x00, 
	0x03, 0x2b, 0x00, 0x00, 0x00, 0x00, 0x04, 0x90, 
	0x04, 0x00, 0x00, 0x04, 0x9a, 0x04, 0x00, 0x00, 
	0x0b, 0x91, 0x00, 0x00, 0x00, 0xe0, 0x04, 0x00, 
	0x00, 0x03, 0x9d, 0x03, 0x00, 0x00, 0x03, 0x09, 
	0x01, 0x00, 0x00, 0x03, 0x91, 0x00, 0x00, 0x00, 
	0x03, 0x2b, 0x00, 0x00, 0x00, 0x00, 0x04, 0xc2, 
	0x04, 0x00, 0x00, 0x0b, 0x2b, 0x00, 0x00, 0x00, 
	0xf9, 0x04, 0x00, 0x00, 0x03, 0x9d, 0x03, 0x00, 
	0x00, 0x03, 0x09, 0x01, 0x00, 0x00, 0x00, 0x04, 
	0xe5, 0x04, 0x00, 0x00, 0x06, 0x4e, 0x00, 0x00, 
	0x00, 0x0e, 0x05, 0x00, 0x00, 0x07, 0x32, 0x00, 
	0x00, 0x00, 0x02, 0x00, 0x06, 0x4e, 0x00, 0x00, 
	0x00, 0x1e, 0x05, 0x00, 0x00, 0x07, 0x32, 0x00, 
	0x00, 0x00, 0x00, 0x00, 0x0c, 0x2a, 0x02, 0x00, 
	0x00, 0x05, 0x0e, 0x01, 0x1a, 0x46, 0x02, 0x00, 
	0x00, 0x04, 0x1e, 0x05, 0x00, 0x00, 0x18, 0x00, 
	0x00, 0x00, 0x00, 0x0e, 0x05, 0x32, 0x01, 0x08, 
	0x66, 0x05, 0x00, 0x00, 0x01, 0x84, 0x02, 0x00, 
	0x00, 0x33, 0x01, 0x12, 0x66, 0x05, 0x00, 0x00, 
	0x00, 0x01, 0xbd, 0x02, 0x00, 0x00, 0x34, 0x01, 
	0x12, 0x66, 0x05, 0x00, 0x00, 0x06, 0x01, 0xd0, 
	0x02, 0x00, 0x00, 0x35, 0x01, 0x12, 0x5c, 0x00, 
	0x00, 0x00, 0x0c, 0x00, 0x06, 0x5c, 0x00, 0x00, 
	0x00, 0x76, 0x05, 0x00, 0x00, 0x07, 0x32, 0x00, 
	0x00, 0x00, 0x02, 0x00, 0x19, 0xe8, 0x05, 0x65, 
	0x02, 0x07, 0x78, 0x06, 0x00, 0x00, 0x01, 0xc3, 
	0x02, 0x00, 0x00, 0x6a, 0x02, 0x12, 0x84, 0x04, 
	0x00, 0x00, 0x00, 0x01, 0x69, 0x01, 0x00, 0x00, 
	0x6b, 0x02, 0x10, 0x78, 0x06, 0x00, 0x00, 0x04, 
	0x01, 0xa2, 0x03, 0x00, 0x00, 0x6c, 0x02, 0x17, 
	0x9a, 0x01, 0x00, 0x00, 0x20, 0x01, 0x0f, 0x01, 
	0x00, 0x00, 0x6d, 0x02, 0x0f, 0x2b, 0x00, 0x00, 
	0x00, 0x44, 0x01, 0x4d, 0x02, 0x00, 0x00, 0x6e, 
	0x02, 0x2c, 0x71, 0x00, 0x00, 0x00, 0x48, 0x01, 
	0xb8, 0x03, 0x00, 0x00, 0x6f, 0x02, 0x1a, 0x30, 
	0x05, 0x00, 0x00, 0x50, 0x01, 0x58, 0x02, 0x00, 
	0x00, 0x70, 0x02, 0x16, 0xfd, 0x00, 0x00, 0x00, 
	0x60, 0x01, 0xbd, 0x03, 0x00, 0x00, 0x71, 0x02, 
	0x16, 0xfd, 0x00, 0x00, 0x00, 0x68, 0x01, 0x6d, 
	0x00, 0x00, 0x00, 0x72, 0x02, 0x16, 0xfd, 0x00, 
	0x00, 0x00, 0x70, 0x01, 0x02, 0x03, 0x00, 0x00, 
	0x73, 0x02, 0x10, 0x88, 0x06, 0x00, 0x00, 0x78, 
	0x01, 0x5d, 0x01, 0x00, 0x00, 0x74, 0x02, 0x10, 
	0x98, 0x06, 0x00, 0x00, 0x80, 0x01, 0xdd, 0x02, 
	0x00, 0x00, 0x75, 0x02, 0x0f, 0x2b, 0x00, 0x00, 
	0x00, 0x98, 0x01, 0xe2, 0x00, 0x00, 0x00, 0x76, 
	0x02, 0x16, 0xfd, 0x00, 0x00, 0x00, 0x9c, 0x01, 
	0x5e, 0x00, 0x00, 0x00, 0x77, 0x02, 0x16, 0xfd, 
	0x00, 0x00, 0x00, 0xa4, 0x01, 0xd1, 0x00, 0x00, 
	0x00, 0x78, 0x02, 0x16, 0xfd, 0x00, 0x00, 0x00, 
	0xac, 0x01, 0x13, 0x00, 0x00, 0x00, 0x79, 0x02, 
	0x16, 0xfd, 0x00, 0x00, 0x00, 0xb4, 0x01, 0x22, 
	0x00, 0x00, 0x00, 0x7a, 0x02, 0x16, 0xfd, 0x00, 
	0x00, 0x00, 0xbc, 0x01, 0x06, 0x02, 0x00, 0x00, 
	0x7b, 0x02, 0x08, 0x2b, 0x00, 0x00, 0x00, 0xc4, 
	0x01, 0xcc, 0x01, 0x00, 0x00, 0x87, 0x02, 0x09, 
	0xa8, 0x06, 0x00, 0x00, 0xc8, 0x00, 0x06, 0x89, 
	0x04, 0x00, 0x00, 0x88, 0x06, 0x00, 0x00, 0x07, 
	0x32, 0x00, 0x00, 0x00, 0x19, 0x00, 0x06, 0x89, 
	0x04, 0x00, 0x00, 0x98, 0x06, 0x00, 0x00, 0x07, 
	0x32, 0x00, 0x00, 0x00, 0x07, 0x00, 0x06, 0x89, 
	0x04, 0x00, 0x00, 0xa8, 0x06, 0x00, 0x00, 0x07, 
	0x32, 0x00, 0x00, 0x00, 0x17, 0x00, 0x06, 0x89, 
	0x04, 0x00, 0x00, 0xb8, 0x06, 0x00, 0x00, 0x07, 
	0x32, 0x00, 0x00, 0x00, 0x1f, 0x00, 0x1a, 0xe8, 
	0x05, 0x63, 0x02, 0x03, 0xd0, 0x06, 0x00, 0x00, 
	0x1b, 0x14, 0x04, 0x00, 0x00, 0x05, 0x88, 0x02, 
	0x0b, 0x76, 0x05, 0x00, 0x00, 0x00, 0x06, 0x89, 
	0x04, 0x00, 0x00, 0xe0, 0x06, 0x00, 0x00, 0x07, 
	0x32, 0x00, 0x00, 0x00, 0x18, 0x00, 0x1c, 0x53, 
	0x00, 0x00, 0x00, 0x04, 0xe0, 0x06, 0x00, 0x00, 
	0x0e, 0xf5, 0x06, 0x00, 0x00, 0x03, 0x9d, 0x03, 
	0x00, 0x00, 0x00, 0x04, 0xea, 0x06, 0x00, 0x00, 
	0x04, 0x85, 0x01, 0x00, 0x00, 0x0e, 0x0a, 0x07, 
	0x00, 0x00, 0x03, 0x2b, 0x00, 0x00, 0x00, 0x00, 
	0x04, 0x0f, 0x07, 0x00, 0x00, 0x04, 0xff, 0x06, 
	0x00, 0x00, 0x1d, 0x86, 0x06, 0x00, 0x00, 0x01, 
	0x24, 0x01, 0x2b, 0x00, 0x00, 0x00, 0x00, 0x1e, 
	0x80, 0x04, 0x00, 0x00, 0x02, 0x8a, 0x0d, 0x38, 
	0x07, 0x00, 0x00, 0x0f, 0x70, 0x74, 0x72, 0x00, 
	0x32, 0x9d, 0x03, 0x00, 0x00, 0x00, 0x1f, 0xaf, 
	0x04, 0x00, 0x00, 0x02, 0x88, 0x0d, 0x01, 0x50, 
	0x07, 0x00, 0x00, 0x0f, 0x70, 0x74, 0x72, 0x00, 
	0x29, 0x9d, 0x03, 0x00, 0x00, 0x00, 0x20, 0x38, 
	0x07, 0x00, 0x00, 0x2c, 0x0f, 0x01, 0x00, 0x04, 
	0x00, 0x00, 0x00, 0x01, 0x9c, 0x21, 0x45, 0x07, 
	0x00, 0x00, 0x01, 0x5a, 0x00, 0x00, 0x6c, 0x0e, 
	0x00, 0x00, 0x05, 0x00, 0x01, 0x04, 0xbd, 0x16, 
	0x00, 0x00, 0x27, 0x0c, 0x03, 0x00, 0x00, 0x1d, 
	0x03, 0x47, 0x16, 0x03, 0x00, 0xf2, 0x06, 0x00, 
	0x00, 0xef, 0x00, 0x00, 0x00, 0x34, 0x0f, 0x01, 
	0x00, 0xd0, 0x02, 0x00, 0x00, 0xf1, 0x1b, 0x00, 
	0x00, 0x07, 0x08, 0x07, 0x33, 0x00, 0x00, 0x00, 
	0x07, 0x04, 0x07, 0x3d, 0x00, 0x00, 0x00, 0x28, 
	0x04, 0x05, 0x69, 0x6e, 0x74, 0x00, 0x0b, 0xfb, 
	0x02, 0x00, 0x00, 0x02, 0xe5, 0x17, 0x32, 0x00, 
	0x00, 0x00, 0x07, 0x08, 0x05, 0x84, 0x00, 0x00, 
	0x00, 0x07, 0x10, 0x04, 0xad, 0x01, 0x00, 0x00, 
	0x07, 0x01, 0x06, 0xf5, 0x01, 0x00, 0x00, 0x07, 
	0x01, 0x08, 0xf3, 0x01, 0x00, 0x00, 0x07, 0x02, 
	0x05, 0x0f, 0x02, 0x00, 0x00, 0x07, 0x02, 0x07, 
	0x4a, 0x01, 0x00, 0x00, 0x07, 0x04, 0x05, 0x89, 
	0x00, 0x00, 0x00, 0x07, 0x04, 0x07, 0x38, 0x00, 
	0x00, 0x00, 0x1c, 0x84, 0x01, 0x00, 0x00, 0x02, 
	0x76, 0x01, 0x17, 0x32, 0x00, 0x00, 0x00, 0x0b, 
	0x68, 0x0a, 0x00, 0x00, 0x03, 0x2e, 0x0e, 0x76, 
	0x00, 0x00, 0x00, 0x0b, 0xac, 0x02, 0x00, 0x00, 
	0x03, 0x74, 0x0e, 0x76, 0x00, 0x00, 0x00, 0x0b, 
	0xf9, 0x02, 0x00, 0x00, 0x03, 0x93, 0x17, 0x39, 
	0x00, 0x00, 0x00, 0x29, 0x04, 0x03, 0xa5, 0x03, 
	0xd5, 0x00, 0x00, 0x00, 0x1d, 0x7e, 0x01, 0x00, 
	0x00, 0xa7, 0x0c, 0x84, 0x00, 0x00, 0x00, 0x1d, 
	0x33, 0x01, 0x00, 0x00, 0xa8, 0x13, 0xd5, 0x00, 
	0x00, 0x00, 0x00, 0x08, 0x61, 0x00, 0x00, 0x00, 
	0xe5, 0x00, 0x00, 0x00, 0x09, 0x32, 0x00, 0x00, 
	0x00, 0x03, 0x00, 0x2a, 0x08, 0x03, 0xa2, 0x09, 
	0x09, 0x01, 0x00, 0x00, 0x03, 0x8a, 0x02, 0x00, 
	0x00, 0x03, 0xa4, 0x07, 0x39, 0x00, 0x00, 0x00, 
	0x00, 0x03, 0x92, 0x02, 0x00, 0x00, 0x03, 0xa9, 
	0x05, 0xb5, 0x00, 0x00, 0x00, 0x04, 0x00, 0x0b, 
	0x31, 0x02, 0x00, 0x00, 0x03, 0xaa, 0x03, 0xe5, 
	0x00, 0x00, 0x00, 0x2b, 0x04, 0x0b, 0xd5, 0x02, 
	0x00, 0x00, 0x04, 0x17, 0x19, 0x7d, 0x00, 0x00, 
	0x00, 0x0b, 0xe1, 0x01, 0x00, 0x00, 0x05, 0x0c, 
	0x0d, 0x39, 0x00, 0x00, 0x00, 0x0b, 0xf6, 0x00, 
	0x00, 0x00, 0x04, 0x24, 0x1b, 0x23, 0x01, 0x00, 
	0x00, 0x0c, 0x07, 0x01, 0x00, 0x00, 0x18, 0x04, 
	0x35, 0x92, 0x01, 0x00, 0x00, 0x03, 0x52, 0x02, 
	0x00, 0x00, 0x04, 0x37, 0x13, 0x92, 0x01, 0x00, 
	0x00, 0x00, 0x0a, 0x5f, 0x6b, 0x00, 0x38, 0x07, 
	0x39, 0x00, 0x00, 0x00, 0x04, 0x03, 0x7c, 0x02, 
	0x00, 0x00, 0x04, 0x38, 0x0b, 0x39, 0x00, 0x00, 
	0x00, 0x08, 0x03, 0xf0, 0x00, 0x00, 0x00, 0x04, 
	0x38, 0x14, 0x39, 0x00, 0x00, 0x00, 0x0c, 0x03, 
	0xea, 0x02, 0x00, 0x00, 0x04, 0x38, 0x1b, 0x39, 
	0x00, 0x00, 0x00, 0x10, 0x0a, 0x5f, 0x78, 0x00, 
	0x39, 0x0b, 0x97, 0x01, 0x00, 0x00, 0x14, 0x00, 
	0x06, 0x3b, 0x01, 0x00, 0x00, 0x08, 0x17, 0x01, 
	0x00, 0x00, 0xa7, 0x01, 0x00, 0x00, 0x09, 0x32, 
	0x00, 0x00, 0x00, 0x00, 0x00, 0x0c, 0x2e, 0x01, 
	0x00, 0x00, 0x24, 0x04, 0x3d, 0x29, 0x02, 0x00, 
	0x00, 0x03, 0x7b, 0x00, 0x00, 0x00, 0x04, 0x3f, 
	0x09, 0x39, 0x00, 0x00, 0x00, 0x00, 0x03, 0xb4, 
	0x02, 0x00, 0x00, 0x04, 0x40, 0x09, 0x39, 0x00, 
	0x00, 0x00, 0x04, 0x03, 0x98, 0x00, 0x00, 0x00, 
	0x04, 0x41, 0x09, 0x39, 0x00, 0x00, 0x00, 0x08, 
	0x03, 0xd0, 0x03, 0x00, 0x00, 0x04, 0x42, 0x09, 
	0x39, 0x00, 0x00, 0x00, 0x0c, 0x03, 0xb9, 0x01, 
	0x00, 0x00, 0x04, 0x43, 0x09, 0x39, 0x00, 0x00, 
	0x00, 0x10, 0x03, 0xa3, 0x01, 0x00, 0x00, 0x04, 
	0x44, 0x09, 0x39, 0x00, 0x00, 0x00, 0x14, 0x03, 
	0xef, 0x02, 0x00, 0x00, 0x04, 0x45, 0x09, 0x39, 
	0x00, 0x00, 0x00, 0x18, 0x03, 0x19, 0x02, 0x00, 
	0x00, 0x04, 0x46, 0x09, 0x39, 0x00, 0x00, 0x00, 
	0x1c, 0x03, 0x97, 0x03, 0x00, 0x00, 0x04, 0x47, 
	0x09, 0x39, 0x00, 0x00, 0x00, 0x20, 0x00, 0x06, 
	0x2e, 0x02, 0x00, 0x00, 0x2c, 0x0c, 0x23, 0x02, 
	0x00, 0x00, 0x08, 0x04, 0x74, 0x56, 0x02, 0x00, 
	0x00, 0x03, 0x80, 0x05, 0x00, 0x00, 0x04, 0x75, 
	0x11, 0x56, 0x02, 0x00, 0x00, 0x00, 0x03, 0xdf, 
	0x05, 0x00, 0x00, 0x04, 0x76, 0x06, 0x39, 0x00, 
	0x00, 0x00, 0x04, 0x00, 0x06, 0x61, 0x00, 0x00, 
	0x00, 0x0c, 0x3c, 0x02, 0x00, 0x00, 0x68, 0x04, 
	0x99, 0x95, 0x03, 0x00, 0x00, 0x0a, 0x5f, 0x70, 
	0x00, 0x9a, 0x12, 0x56, 0x02, 0x00, 0x00, 0x00, 
	0x0a, 0x5f, 0x72, 0x00, 0x9b, 0x07, 0x39, 0x00, 
	0x00, 0x00, 0x04, 0x0a, 0x5f, 0x77, 0x00, 0x9c, 
	0x07, 0x39, 0x00, 0x00, 0x00, 0x08, 0x03, 0xaa, 
	0x00, 0x00, 0x00, 0x04, 0x9d, 0x09, 0x68, 0x00, 
	0x00, 0x00, 0x0c, 0x03, 0xf6, 0x07, 0x00, 0x00, 
	0x04, 0x9e, 0x09, 0x68, 0x00, 0x00, 0x00, 0x0e, 
	0x0a, 0x5f, 0x62, 0x66, 0x00, 0x9f, 0x11, 0x2f, 
	0x02, 0x00, 0x00, 0x10, 0x03, 0x4a, 0x00, 0x00, 
	0x00, 0x04, 0xa0, 0x07, 0x39, 0x00, 0x00, 0x00, 
	0x18, 0x03, 0xa2, 0x00, 0x00, 0x00, 0x04, 0xa7, 
	0x0a, 0x15, 0x01, 0x00, 0x00, 0x1c, 0x03, 0x1e, 
	0x01, 0x00, 0x00, 0x04, 0xa9, 0x1d, 0xab, 0x04, 
	0x00, 0x00, 0x20, 0x03, 0x9c, 0x01, 0x00, 0x00, 
	0x04, 0xab, 0x1d, 0xd3, 0x04, 0x00, 0x00, 0x24, 
	0x03, 0x9a, 0x02, 0x00, 0x00, 0x04, 0xae, 0x0d, 
	0xf6, 0x04, 0x00, 0x00, 0x28, 0x03, 0xb1, 0x03, 
	0x00, 0x00, 0x04, 0xaf, 0x09, 0x0f, 0x05, 0x00, 
	0x00, 0x2c, 0x0a, 0x5f, 0x75, 0x62, 0x00, 0xb2, 
	0x11, 0x2f, 0x02, 0x00, 0x00, 0x30, 0x0a, 0x5f, 
	0x75, 0x70, 0x00, 0xb3, 0x12, 0x56, 0x02, 0x00, 
	0x00, 0x38, 0x0a, 0x5f, 0x75, 0x72, 0x00, 0xb4, 
	0x07, 0x39, 0x00, 0x00, 0x00, 0x3c, 0x03, 0x92, 
	0x00, 0x00, 0x00, 0x04, 0xb7, 0x11, 0x14, 0x05, 
	0x00, 0x00, 0x40, 0x03, 0x91, 0x03, 0x00, 0x00, 
	0x04, 0xb8, 0x11, 0x24, 0x05, 0x00, 0x00, 0x43, 
	0x0a, 0x5f, 0x6c, 0x62, 0x00, 0xbb, 0x11, 0x2f, 
	0x02, 0x00, 0x00, 0x44, 0x03, 0xb8, 0x00, 0x00, 
	0x00, 0x04, 0xbe, 0x07, 0x39, 0x00, 0x00, 0x00, 
	0x4c, 0x03, 0xc9, 0x00, 0x00, 0x00, 0x04, 0xbf, 
	0x0a, 0x91, 0x00, 0x00, 0x00, 0x50, 0x03, 0x3f, 
	0x04, 0x00, 0x00, 0x04, 0xc2, 0x12, 0xb3, 0x03, 
	0x00, 0x00, 0x54, 0x03, 0xb7, 0x04, 0x00, 0x00, 
	0x04, 0xc6, 0x0c, 0x2f, 0x01, 0x00, 0x00, 0x58, 
	0x03, 0x44, 0x02, 0x00, 0x00, 0x04, 0xc8, 0x0e, 
	0x09, 0x01, 0x00, 0x00, 0x5c, 0x03, 0x94, 0x01, 
	0x00, 0x00, 0x04, 0xc9, 0x09, 0x39, 0x00, 0x00, 
	0x00, 0x64, 0x00, 0x0d, 0xa9, 0x00, 0x00, 0x00, 
	0xb3, 0x03, 0x00, 0x00, 0x01, 0xb3, 0x03, 0x00, 
	0x00, 0x01, 0x15, 0x01, 0x00, 0x00, 0x01, 0x9a, 
	0x04, 0x00, 0x00, 0x01, 0x39, 0x00, 0x00, 0x00, 
	0x00, 0x06, 0xb8, 0x03, 0x00, 0x00, 0x2d, 0x14, 
	0x04, 0x00, 0x00, 0x40, 0x01, 0x04, 0x42, 0x02, 
	0x08, 0x9a, 0x04, 0x00, 0x00, 0x02, 0x60, 0x0a, 
	0x00, 0x00, 0x44, 0x02, 0x07, 0x39, 0x00, 0x00, 
	0x00, 0x00, 0x02, 0xb1, 0x00, 0x00, 0x00, 0x49, 
	0x02, 0x0b, 0x96, 0x05, 0x00, 0x00, 0x04, 0x02, 
	0x3a, 0x01, 0x00, 0x00, 0x49, 0x02, 0x14, 0x96, 
	0x05, 0x00, 0x00, 0x08, 0x02, 0xff, 0x00, 0x00, 
	0x00, 0x49, 0x02, 0x1e, 0x96, 0x05, 0x00, 0x00, 
	0x0c, 0x02, 0x65, 0x02, 0x00, 0x00, 0x4b, 0x02, 
	0x08, 0x39, 0x00, 0x00, 0x00, 0x10, 0x02, 0x08, 
	0x00, 0x00, 0x00, 0x4c, 0x02, 0x08, 0x45, 0x07, 
	0x00, 0x00, 0x14, 0x02, 0x6a, 0x02, 0x00, 0x00, 
	0x51, 0x02, 0x16, 0x5a, 0x07, 0x00, 0x00, 0x30, 
	0x02, 0x72, 0x02, 0x00, 0x00, 0x57, 0x02, 0x0a, 
	0x6a, 0x07, 0x00, 0x00, 0x34, 0x02, 0x76, 0x01, 
	0x00, 0x00, 0x5a, 0x02, 0x13, 0x92, 0x01, 0x00, 
	0x00, 0x38, 0x02, 0x24, 0x01, 0x00, 0x00, 0x5b, 
	0x02, 0x07, 0x39, 0x00, 0x00, 0x00, 0x3c, 0x02, 
	0xcb, 0x03, 0x00, 0x00, 0x5c, 0x02, 0x13, 0x92, 
	0x01, 0x00, 0x00, 0x40, 0x02, 0xc2, 0x01, 0x00, 
	0x00, 0x5d, 0x02, 0x14, 0x6f, 0x07, 0x00, 0x00, 
	0x44, 0x02, 0x42, 0x01, 0x00, 0x00, 0x60, 0x02, 
	0x07, 0x39, 0x00, 0x00, 0x00, 0x48, 0x02, 0xc1, 
	0x00, 0x00, 0x00, 0x61, 0x02, 0x09, 0x9a, 0x04, 
	0x00, 0x00, 0x4c, 0x02, 0x01, 0x02, 0x00, 0x00, 
	0x90, 0x02, 0x07, 0x2d, 0x07, 0x00, 0x00, 0x50, 
	0x2e, 0x87, 0x03, 0x00, 0x00, 0x04, 0x98, 0x02, 
	0x0b, 0x7f, 0x07, 0x00, 0x00, 0x38, 0x01, 0x00, 
	0x06, 0x9f, 0x04, 0x00, 0x00, 0x07, 0x01, 0x08, 
	0xfc, 0x01, 0x00, 0x00, 0x2f, 0x9f, 0x04, 0x00, 
	0x00, 0x06, 0x95, 0x03, 0x00, 0x00, 0x0d, 0xa9, 
	0x00, 0x00, 0x00, 0xce, 0x04, 0x00, 0x00, 0x01, 
	0xb3, 0x03, 0x00, 0x00, 0x01, 0x15, 0x01, 0x00, 
	0x00, 0x01, 0xce, 0x04, 0x00, 0x00, 0x01, 0x39, 
	0x00, 0x00, 0x00, 0x00, 0x06, 0xa6, 0x04, 0x00, 
	0x00, 0x06, 0xb0, 0x04, 0x00, 0x00, 0x0d, 0x9d, 
	0x00, 0x00, 0x00, 0xf6, 0x04, 0x00, 0x00, 0x01, 
	0xb3, 0x03, 0x00, 0x00, 0x01, 0x15, 0x01, 0x00, 
	0x00, 0x01, 0x9d, 0x00, 0x00, 0x00, 0x01, 0x39, 
	0x00, 0x00, 0x00, 0x00, 0x06, 0xd8, 0x04, 0x00, 
	0x00, 0x0d, 0x39, 0x00, 0x00, 0x00, 0x0f, 0x05, 
	0x00, 0x00, 0x01, 0xb3, 0x03, 0x00, 0x00, 0x01, 
	0x15, 0x01, 0x00, 0x00, 0x00, 0x06, 0xfb, 0x04, 
	0x00, 0x00, 0x08, 0x61, 0x00, 0x00, 0x00, 0x24, 
	0x05, 0x00, 0x00, 0x09, 0x32, 0x00, 0x00, 0x00, 
	0x02, 0x00, 0x08, 0x61, 0x00, 0x00, 0x00, 0x34, 
	0x05, 0x00, 0x00, 0x09, 0x32, 0x00, 0x00, 0x00, 
	0x00, 0x00, 0x1c, 0x2a, 0x02, 0x00, 0x00, 0x04, 
	0x0e, 0x01, 0x1a, 0x5b, 0x02, 0x00, 0x00, 0x08, 
	0x34, 0x05, 0x00, 0x00, 0x51, 0x05, 0x00, 0x00, 
	0x09, 0x32, 0x00, 0x00, 0x00, 0x02, 0x00, 0x13, 
	0x33, 0x04, 0x00, 0x00, 0x12, 0x01, 0x0f, 0x41, 
	0x05, 0x00, 0x00, 0x1e, 0x2c, 0x08, 0x00, 0x00, 
	0x0c, 0x14, 0x01, 0x91, 0x05, 0x00, 0x00, 0x02, 
	0x52, 0x02, 0x00, 0x00, 0x16, 0x01, 0x11, 0x91, 
	0x05, 0x00, 0x00, 0x00, 0x02, 0x1a, 0x08, 0x00, 
	0x00, 0x17, 0x01, 0x07, 0x39, 0x00, 0x00, 0x00, 
	0x04, 0x02, 0xe7, 0x07, 0x00, 0x00, 0x18, 0x01, 
	0x0b, 0x96, 0x05, 0x00, 0x00, 0x08, 0x00, 0x06, 
	0x5d, 0x05, 0x00, 0x00, 0x06, 0x34, 0x05, 0x00, 
	0x00, 0x13, 0x32, 0x08, 0x00, 0x00, 0x1b, 0x01, 
	0x15, 0x5d, 0x05, 0x00, 0x00, 0x1e, 0x00, 0x00, 
	0x00, 0x00, 0x0e, 0x32, 0x01, 0xdb, 0x05, 0x00, 
	0x00, 0x02, 0x84, 0x02, 0x00, 0x00, 0x33, 0x01, 
	0x12, 0xdb, 0x05, 0x00, 0x00, 0x00, 0x02, 0xbd, 
	0x02, 0x00, 0x00, 0x34, 0x01, 0x12, 0xdb, 0x05, 
	0x00, 0x00, 0x06, 0x02, 0xd0, 0x02, 0x00, 0x00, 
	0x35, 0x01, 0x12, 0x6f, 0x00, 0x00, 0x00, 0x0c, 
	0x00, 0x08, 0x6f, 0x00, 0x00, 0x00, 0xeb, 0x05, 
	0x00, 0x00, 0x09, 0x32, 0x00, 0x00, 0x00, 0x02, 
	0x00, 0x30, 0xe8, 0x04, 0x65, 0x02, 0x07, 0xed, 
	0x06, 0x00, 0x00, 0x02, 0xc3, 0x02, 0x00, 0x00, 
	0x6a, 0x02, 0x12, 0x9a, 0x04, 0x00, 0x00, 0x00, 
	0x02, 0x69, 0x01, 0x00, 0x00, 0x6b, 0x02, 0x10, 
	0xed, 0x06, 0x00, 0x00, 0x04, 0x02, 0xa2, 0x03, 
	0x00, 0x00, 0x6c, 0x02, 0x17, 0xa7, 0x01, 0x00, 
	0x00, 0x20, 0x02, 0x0f, 0x01, 0x00, 0x00, 0x6d, 
	0x02, 0x0f, 0x39, 0x00, 0x00, 0x00, 0x44, 0x02, 
	0x4d, 0x02, 0x00, 0x00, 0x6e, 0x02, 0x2c, 0x2b, 
	0x00, 0x00, 0x00, 0x48, 0x02, 0xb8, 0x03, 0x00, 
	0x00, 0x6f, 0x02, 0x1a, 0xa7, 0x05, 0x00, 0x00, 
	0x50, 0x02, 0x58, 0x02, 0x00, 0x00, 0x70, 0x02, 
	0x16, 0x09, 0x01, 0x00, 0x00, 0x60, 0x02, 0xbd, 
	0x03, 0x00, 0x00, 0x71, 0x02, 0x16, 0x09, 0x01, 
	0x00, 0x00, 0x68, 0x02, 0x6d, 0x00, 0x00, 0x00, 
	0x72, 0x02, 0x16, 0x09, 0x01, 0x00, 0x00, 0x70, 
	0x02, 0x02, 0x03, 0x00, 0x00, 0x73, 0x02, 0x10, 
	0xfd, 0x06, 0x00, 0x00, 0x78, 0x02, 0x5d, 0x01, 
	0x00, 0x00, 0x74, 0x02, 0x10, 0x0d, 0x07, 0x00, 
	0x00, 0x80, 0x02, 0xdd, 0x02, 0x00, 0x00, 0x75, 
	0x02, 0x0f, 0x39, 0x00, 0x00, 0x00, 0x98, 0x02, 
	0xe2, 0x00, 0x00, 0x00, 0x76, 0x02, 0x16, 0x09, 
	0x01, 0x00, 0x00, 0x9c, 0x02, 0x5e, 0x00, 0x00, 
	0x00, 0x77, 0x02, 0x16, 0x09, 0x01, 0x00, 0x00, 
	0xa4, 0x02, 0xd1, 0x00, 0x00, 0x00, 0x78, 0x02, 
	0x16, 0x09, 0x01, 0x00, 0x00, 0xac, 0x02, 0x13, 
	0x00, 0x00, 0x00, 0x79, 0x02, 0x16, 0x09, 0x01, 
	0x00, 0x00, 0xb4, 0x02, 0x22, 0x00, 0x00, 0x00, 
	0x7a, 0x02, 0x16, 0x09, 0x01, 0x00, 0x00, 0xbc, 
	0x02, 0x06, 0x02, 0x00, 0x00, 0x7b, 0x02, 0x08, 
	0x39, 0x00, 0x00, 0x00, 0xc4, 0x02, 0xcc, 0x01, 
	0x00, 0x00, 0x87, 0x02, 0x09, 0x1d, 0x07, 0x00, 
	0x00, 0xc8, 0x00, 0x08, 0x9f, 0x04, 0x00, 0x00, 
	0xfd, 0x06, 0x00, 0x00, 0x09, 0x32, 0x00, 0x00, 
	0x00, 0x19, 0x00, 0x08, 0x9f, 0x04, 0x00, 0x00, 
	0x0d, 0x07, 0x00, 0x00, 0x09, 0x32, 0x00, 0x00, 
	0x00, 0x07, 0x00, 0x08, 0x9f, 0x04, 0x00, 0x00, 
	0x1d, 0x07, 0x00, 0x00, 0x09, 0x32, 0x00, 0x00, 
	0x00, 0x17, 0x00, 0x08, 0x9f, 0x04, 0x00, 0x00, 
	0x2d, 0x07, 0x00, 0x00, 0x09, 0x32, 0x00, 0x00, 
	0x00, 0x1f, 0x00, 0x31, 0xe8, 0x04, 0x63, 0x02, 
	0x03, 0x45, 0x07, 0x00, 0x00, 0x32, 0x14, 0x04, 
	0x00, 0x00, 0x04, 0x88, 0x02, 0x0b, 0xeb, 0x05, 
	0x00, 0x00, 0x00, 0x08, 0x9f, 0x04, 0x00, 0x00, 
	0x55, 0x07, 0x00, 0x00, 0x09, 0x32, 0x00, 0x00, 
	0x00, 0x18, 0x00, 0x33, 0x53, 0x00, 0x00, 0x00, 
	0x06, 0x55, 0x07, 0x00, 0x00, 0x1f, 0x6a, 0x07, 
	0x00, 0x00, 0x01, 0xb3, 0x03, 0x00, 0x00, 0x00, 
	0x06, 0x5f, 0x07, 0x00, 0x00, 0x06, 0x92, 0x01, 
	0x00, 0x00, 0x1f, 0x7f, 0x07, 0x00, 0x00, 0x01, 
	0x39, 0x00, 0x00, 0x00, 0x00, 0x06, 0x84, 0x07, 
	0x00, 0x00, 0x06, 0x74, 0x07, 0x00, 0x00, 0x13, 
	0x38, 0x04, 0x00, 0x00, 0x23, 0x03, 0x16, 0xb8, 
	0x03, 0x00, 0x00, 0x13, 0x52, 0x07, 0x00, 0x00, 
	0x98, 0x03, 0x0f, 0x29, 0x02, 0x00, 0x00, 0x0b, 
	0x2c, 0x02, 0x00, 0x00, 0x06, 0x42, 0x10, 0x34, 
	0x05, 0x00, 0x00, 0x20, 0x61, 0x00, 0x00, 0x00, 
	0x3a, 0x01, 0xf5, 0x07, 0x00, 0x00, 0x05, 0x96, 
	0x07, 0x00, 0x00, 0x00, 0x05, 0xbb, 0x07, 0x00, 
	0x00, 0x01, 0x05, 0xfc, 0x07, 0x00, 0x00, 0x02, 
	0x05, 0xaa, 0x07, 0x00, 0x00, 0x03, 0x05, 0x15, 
	0x08, 0x00, 0x00, 0x04, 0x34, 0x44, 0x4f, 0x54, 
	0x00, 0x05, 0x05, 0xe2, 0x06, 0x00, 0x00, 0x06, 
	0x05, 0x27, 0x08, 0x00, 0x00, 0x07, 0x05, 0xae, 
	0x06, 0x00, 0x00, 0x08, 0x05, 0x56, 0x08, 0x00, 
	0x00, 0x09, 0x00, 0x20, 0x61, 0x00, 0x00, 0x00, 
	0x47, 0x01, 0x4f, 0x08, 0x00, 0x00, 0x05, 0x0f, 
	0x08, 0x00, 0x00, 0x00, 0x05, 0x26, 0x08, 0x00, 
	0x00, 0x01, 0x05, 0xa0, 0x06, 0x00, 0x00, 0x02, 
	0x05, 0x90, 0x07, 0x00, 0x00, 0x03, 0x05, 0x13, 
	0x07, 0x00, 0x00, 0x04, 0x05, 0x0a, 0x08, 0x00, 
	0x00, 0x05, 0x05, 0xe2, 0x07, 0x00, 0x00, 0x06, 
	0x05, 0xd1, 0x07, 0x00, 0x00, 0x07, 0x05, 0x21, 
	0x08, 0x00, 0x00, 0x08, 0x05, 0x9f, 0x06, 0x00, 
	0x00, 0x09, 0x05, 0x50, 0x08, 0x00, 0x00, 0x0a, 
	0x05, 0x9b, 0x07, 0x00, 0x00, 0x0b, 0x05, 0x86, 
	0x07, 0x00, 0x00, 0x0c, 0x00, 0x16, 0x95, 0x07, 
	0x00, 0x00, 0x05, 0x03, 0x70, 0x25, 0x01, 0x00, 
	0x16, 0x51, 0x05, 0x00, 0x00, 0x05, 0x03, 0xa0, 
	0x25, 0x01, 0x00, 0x16, 0x9b, 0x05, 0x00, 0x00, 
	0x05, 0x03, 0x48, 0x25, 0x01, 0x00, 0x0c, 0xed, 
	0x07, 0x00, 0x00, 0x74, 0x01, 0x83, 0x97, 0x08, 
	0x00, 0x00, 0x03, 0x2d, 0x08, 0x00, 0x00, 0x01, 
	0x84, 0x10, 0x5d, 0x05, 0x00, 0x00, 0x00, 0x03, 
	0xf7, 0x07, 0x00, 0x00, 0x01, 0x85, 0x08, 0xa1, 
	0x07, 0x00, 0x00, 0x0c, 0x00, 0x35, 0x3c, 0x07, 
	0x00, 0x00, 0x01, 0x08, 0x01, 0x01, 0x39, 0x00, 
	0x00, 0x00, 0x00, 0x17, 0x2c, 0x06, 0x00, 0x00, 
	0x08, 0x28, 0x01, 0x08, 0x15, 0x01, 0x00, 0x00, 
	0xc1, 0x08, 0x00, 0x00, 0x01, 0xb3, 0x03, 0x00, 
	0x00, 0x01, 0x40, 0x00, 0x00, 0x00, 0x00, 0x0e, 
	0xa5, 0x06, 0x00, 0x00, 0x07, 0xb4, 0x0f, 0x39, 
	0x00, 0x00, 0x00, 0xdc, 0x08, 0x00, 0x00, 0x01, 
	0xb3, 0x03, 0x00, 0x00, 0x01, 0x15, 0x01, 0x00, 
	0x00, 0x00, 0x0e, 0x63, 0x08, 0x00, 0x00, 0x07, 
	0xb3, 0x10, 0x9d, 0x00, 0x00, 0x00, 0x01, 0x09, 
	0x00, 0x00, 0x01, 0xb3, 0x03, 0x00, 0x00, 0x01, 
	0x15, 0x01, 0x00, 0x00, 0x01, 0x9d, 0x00, 0x00, 
	0x00, 0x01, 0x39, 0x00, 0x00, 0x00, 0x00, 0x0e, 
	0x18, 0x07, 0x00, 0x00, 0x07, 0xb0, 0x20, 0xa9, 
	0x00, 0x00, 0x00, 0x26, 0x09, 0x00, 0x00, 0x01, 
	0xb3, 0x03, 0x00, 0x00, 0x01, 0x15, 0x01, 0x00, 
	0x00, 0x01, 0xce, 0x04, 0x00, 0x00, 0x01, 0x39, 
	0x00, 0x00, 0x00, 0x00, 0x0e, 0xfa, 0x06, 0x00, 
	0x00, 0x07, 0xab, 0x20, 0xa9, 0x00, 0x00, 0x00, 
	0x4b, 0x09, 0x00, 0x00, 0x01, 0xb3, 0x03, 0x00, 
	0x00, 0x01, 0x15, 0x01, 0x00, 0x00, 0x01, 0x9a, 
	0x04, 0x00, 0x00, 0x01, 0x39, 0x00, 0x00, 0x00, 
	0x00, 0x17, 0x46, 0x08, 0x00, 0x00, 0x06, 0x9e, 
	0x01, 0x05, 0x39, 0x00, 0x00, 0x00, 0x67, 0x09, 
	0x00, 0x00, 0x01, 0xb3, 0x03, 0x00, 0x00, 0x01, 
	0x67, 0x09, 0x00, 0x00, 0x00, 0x06, 0xa1, 0x07, 
	0x00, 0x00, 0x17, 0x21, 0x07, 0x00, 0x00, 0x04, 
	0x9c, 0x03, 0x0c, 0x39, 0x00, 0x00, 0x00, 0x8d, 
	0x09, 0x00, 0x00, 0x01, 0xb3, 0x03, 0x00, 0x00, 
	0x01, 0x8d, 0x09, 0x00, 0x00, 0x01, 0x91, 0x05, 
	0x00, 0x00, 0x00, 0x06, 0x92, 0x09, 0x00, 0x00, 
	0x0d, 0x39, 0x00, 0x00, 0x00, 0xa6, 0x09, 0x00, 
	0x00, 0x01, 0xb3, 0x03, 0x00, 0x00, 0x01, 0x96, 
	0x05, 0x00, 0x00, 0x00, 0x0e, 0x03, 0x08, 0x00, 
	0x00, 0x09, 0x21, 0x09, 0x15, 0x01, 0x00, 0x00, 
	0xc6, 0x09, 0x00, 0x00, 0x01, 0x15, 0x01, 0x00, 
	0x00, 0x01, 0x39, 0x00, 0x00, 0x00, 0x01, 0x40, 
	0x00, 0x00, 0x00, 0x00, 0x21, 0xc1, 0x07, 0x00, 
	0x00, 0x32, 0x01, 0xf0, 0x11, 0x01, 0x00, 0x14, 
	0x00, 0x00, 0x00, 0x01, 0x9c, 0xfd, 0x09, 0x00, 
	0x00, 0x0f, 0x04, 0x12, 0x01, 0x00, 0x6c, 0x09, 
	0x00, 0x00, 0x04, 0x01, 0x5a, 0x01, 0x30, 0x04, 
	0x01, 0x5b, 0x05, 0x03, 0xa4, 0x10, 0x01, 0x00, 
	0x04, 0x01, 0x5c, 0x05, 0x03, 0x48, 0x25, 0x01, 
	0x00, 0x00, 0x00, 0x21, 0xb4, 0x06, 0x00, 0x00, 
	0x2b, 0x01, 0xdc, 0x11, 0x01, 0x00, 0x14, 0x00, 
	0x00, 0x00, 0x01, 0x9c, 0x34, 0x0a, 0x00, 0x00, 
	0x0f, 0xf0, 0x11, 0x01, 0x00, 0x6c, 0x09, 0x00, 
	0x00, 0x04, 0x01, 0x5a, 0x01, 0x30, 0x04, 0x01, 
	0x5b, 0x05, 0x03, 0x34, 0x0f, 0x01, 0x00, 0x04, 
	0x01, 0x5c, 0x05, 0x03, 0x48, 0x25, 0x01, 0x00, 
	0x00, 0x00, 0x36, 0x7a, 0x07, 0x00, 0x00, 0x01, 
	0x22, 0x01, 0x01, 0x39, 0x00, 0x00, 0x00, 0x5d, 
	0x0a, 0x00, 0x00, 0x14, 0x70, 0x74, 0x72, 0x00, 
	0x22, 0x01, 0x1e, 0xb3, 0x03, 0x00, 0x00, 0x14, 
	0x66, 0x70, 0x00, 0x22, 0x01, 0x33, 0x67, 0x09, 
	0x00, 0x00, 0x00, 0x37, 0xa0, 0x07, 0x00, 0x00, 
	0x01, 0x18, 0x01, 0x01, 0x39, 0x00, 0x00, 0x00, 
	0x01, 0x87, 0x0a, 0x00, 0x00, 0x14, 0x70, 0x74, 
	0x72, 0x00, 0x18, 0x01, 0x1c, 0xb3, 0x03, 0x00, 
	0x00, 0x14, 0x66, 0x70, 0x00, 0x18, 0x01, 0x31, 
	0x67, 0x09, 0x00, 0x00, 0x00, 0x22, 0xe7, 0x06, 
	0x00, 0x00, 0x11, 0x01, 0x22, 0x67, 0x07, 0x00, 
	0x00, 0x0b, 0x01, 0x38, 0xc2, 0x06, 0x00, 0x00, 
	0x01, 0xf5, 0x01, 0xb0, 0x11, 0x01, 0x00, 0x24, 
	0x00, 0x00, 0x00, 0x01, 0x9c, 0xdd, 0x0a, 0x00, 
	0x00, 0x15, 0x73, 0x00, 0xf5, 0x19, 0xb3, 0x03, 
	0x00, 0x00, 0x68, 0x0e, 0x00, 0x00, 0x62, 0x0e, 
	0x00, 0x00, 0x39, 0x5c, 0x0c, 0x00, 0x00, 0xc4, 
	0x11, 0x01, 0x00, 0x07, 0xc4, 0x11, 0x01, 0x00, 
	0x0c, 0x00, 0x00, 0x00, 0x01, 0x02, 0x01, 0x03, 
	0x3a, 0xd0, 0x11, 0x01, 0x00, 0x93, 0x0d, 0x00, 
	0x00, 0x00, 0x00, 0x23, 0x2e, 0x07, 0x00, 0x00, 
	0xe6, 0xdc, 0x0f, 0x01, 0x00, 0x70, 0x00, 0x00, 
	0x00, 0x01, 0x9c, 0x44, 0x0b, 0x00, 0x00, 0x15, 
	0x70, 0x74, 0x72, 0x00, 0xe6, 0x1f, 0xb3, 0x03, 
	0x00, 0x00, 0x93, 0x0e, 0x00, 0x00, 0x87, 0x0e, 
	0x00, 0x00, 0x18, 0x00, 0x10, 0x01, 0x00, 0x4b, 
	0x09, 0x00, 0x00, 0x18, 0x0b, 0x00, 0x00, 0x04, 
	0x01, 0x5a, 0x02, 0x79, 0x00, 0x00, 0x18, 0x14, 
	0x10, 0x01, 0x00, 0x4b, 0x09, 0x00, 0x00, 0x2c, 
	0x0b, 0x00, 0x00, 0x04, 0x01, 0x5a, 0x02, 0x79, 
	0x00, 0x00, 0x0f, 0x38, 0x10, 0x01, 0x00, 0x4b, 
	0x09, 0x00, 0x00, 0x04, 0x01, 0x5a, 0x09, 0xa3, 
	0x03, 0xa5, 0x0a, 0x2b, 0xa8, 0x32, 0xa8, 0x00, 
	0x00, 0x00, 0x3b, 0xca, 0x06, 0x00, 0x00, 0x01, 
	0xae, 0x01, 0x67, 0x09, 0x00, 0x00, 0xac, 0x10, 
	0x01, 0x00, 0x04, 0x01, 0x00, 0x00, 0x01, 0x9c, 
	0x5c, 0x0c, 0x00, 0x00, 0x15, 0x64, 0x00, 0xae, 
	0x17, 0xb3, 0x03, 0x00, 0x00, 0xd8, 0x0e, 0x00, 
	0x00, 0xd0, 0x0e, 0x00, 0x00, 0x19, 0x66, 0x70, 
	0x00, 0xb0, 0x09, 0x67, 0x09, 0x00, 0x00, 0x06, 
	0x0f, 0x00, 0x00, 0xfe, 0x0e, 0x00, 0x00, 0x19, 
	0x6e, 0x00, 0xb1, 0x07, 0x39, 0x00, 0x00, 0x00, 
	0x2c, 0x0f, 0x00, 0x00, 0x26, 0x0f, 0x00, 0x00, 
	0x19, 0x67, 0x00, 0xb2, 0x11, 0x91, 0x05, 0x00, 
	0x00, 0x44, 0x0f, 0x00, 0x00, 0x42, 0x0f, 0x00, 
	0x00, 0x3c, 0x02, 0x07, 0x00, 0x00, 0x01, 0xc4, 
	0x01, 0x18, 0x11, 0x01, 0x00, 0x1a, 0x5c, 0x0c, 
	0x00, 0x00, 0xac, 0x10, 0x01, 0x00, 0x06, 0x6b, 
	0x00, 0x00, 0x00, 0xb5, 0x03, 0xcd, 0x0b, 0x00, 
	0x00, 0x3d, 0xd0, 0x10, 0x01, 0x00, 0x93, 0x0d, 
	0x00, 0x00, 0x00, 0x1a, 0x8d, 0x0c, 0x00, 0x00, 
	0xec, 0x10, 0x01, 0x00, 0x17, 0x76, 0x00, 0x00, 
	0x00, 0xbd, 0x10, 0x40, 0x0c, 0x00, 0x00, 0x10, 
	0xa7, 0x0c, 0x00, 0x00, 0x51, 0x0f, 0x00, 0x00, 
	0x4d, 0x0f, 0x00, 0x00, 0x10, 0x9e, 0x0c, 0x00, 
	0x00, 0x66, 0x0f, 0x00, 0x00, 0x62, 0x0f, 0x00, 
	0x00, 0x3e, 0xb0, 0x0c, 0x00, 0x00, 0x79, 0x0f, 
	0x00, 0x00, 0x75, 0x0f, 0x00, 0x00, 0x18, 0xf8, 
	0x10, 0x01, 0x00, 0xa5, 0x08, 0x00, 0x00, 0x23, 
	0x0c, 0x00, 0x00, 0x04, 0x01, 0x5a, 0x02, 0x82, 
	0x00, 0x04, 0x01, 0x5b, 0x03, 0x0a, 0xac, 0x01, 
	0x00, 0x11, 0xa4, 0x11, 0x01, 0x00, 0xa6, 0x09, 
	0x00, 0x00, 0x04, 0x01, 0x5a, 0x02, 0x78, 0x0c, 
	0x04, 0x01, 0x5b, 0x01, 0x30, 0x04, 0x01, 0x5c, 
	0x03, 0x0a, 0xa0, 0x01, 0x00, 0x00, 0x11, 0x50, 
	0x11, 0x01, 0x00, 0xa6, 0x09, 0x00, 0x00, 0x04, 
	0x01, 0x5a, 0x03, 0x78, 0xdc, 0x00, 0x04, 0x01, 
	0x5b, 0x01, 0x30, 0x04, 0x01, 0x5c, 0x01, 0x38, 
	0x00, 0x00, 0x3f, 0xd0, 0x06, 0x00, 0x00, 0x01, 
	0x9f, 0x01, 0x01, 0x23, 0x54, 0x07, 0x00, 0x00, 
	0x99, 0xc4, 0x0f, 0x01, 0x00, 0x18, 0x00, 0x00, 
	0x00, 0x01, 0x9c, 0x8d, 0x0c, 0x00, 0x00, 0x0f, 
	0xdc, 0x0f, 0x01, 0x00, 0x6c, 0x09, 0x00, 0x00, 
	0x04, 0x01, 0x5c, 0x05, 0x03, 0x48, 0x25, 0x01, 
	0x00, 0x00, 0x00, 0x40, 0x08, 0x07, 0x00, 0x00, 
	0x01, 0x89, 0x01, 0x91, 0x05, 0x00, 0x00, 0x01, 
	0xbb, 0x0c, 0x00, 0x00, 0x12, 0x64, 0x00, 0x89, 
	0x1c, 0xb3, 0x03, 0x00, 0x00, 0x12, 0x6e, 0x00, 
	0x89, 0x23, 0x39, 0x00, 0x00, 0x00, 0x41, 0x67, 
	0x00, 0x01, 0x8b, 0x1a, 0xbb, 0x0c, 0x00, 0x00, 
	0x00, 0x06, 0x70, 0x08, 0x00, 0x00, 0x1b, 0xd6, 
	0x07, 0x00, 0x00, 0x7c, 0xd6, 0x0c, 0x00, 0x00, 
	0x12, 0x70, 0x74, 0x72, 0x00, 0x7c, 0x13, 0x67, 
	0x09, 0x00, 0x00, 0x00, 0x1b, 0x3a, 0x08, 0x00, 
	0x00, 0x6c, 0xec, 0x0c, 0x00, 0x00, 0x12, 0x70, 
	0x74, 0x72, 0x00, 0x6c, 0x13, 0x67, 0x09, 0x00, 
	0x00, 0x00, 0x1b, 0xb0, 0x07, 0x00, 0x00, 0x66, 
	0x02, 0x0d, 0x00, 0x00, 0x12, 0x70, 0x74, 0x72, 
	0x00, 0x66, 0x12, 0x67, 0x09, 0x00, 0x00, 0x00, 
	0x42, 0x73, 0x74, 0x64, 0x00, 0x01, 0x3e, 0x01, 
	0x3c, 0x0f, 0x01, 0x00, 0x88, 0x00, 0x00, 0x00, 
	0x01, 0x9c, 0x6b, 0x0d, 0x00, 0x00, 0x15, 0x70, 
	0x74, 0x72, 0x00, 0x3e, 0x0c, 0x67, 0x09, 0x00, 
	0x00, 0x8e, 0x0f, 0x00, 0x00, 0x88, 0x0f, 0x00, 
	0x00, 0x24, 0xab, 0x00, 0x00, 0x00, 0x3f, 0x39, 
	0x00, 0x00, 0x00, 0xae, 0x0f, 0x00, 0x00, 0xaa, 
	0x0f, 0x00, 0x00, 0x24, 0xf7, 0x07, 0x00, 0x00, 
	0x40, 0x39, 0x00, 0x00, 0x00, 0xc7, 0x0f, 0x00, 
	0x00, 0xc3, 0x0f, 0x00, 0x00, 0x11, 0x80, 0x0f, 
	0x01, 0x00, 0xa6, 0x09, 0x00, 0x00, 0x04, 0x01, 
	0x5a, 0x03, 0x78, 0xdc, 0x00, 0x04, 0x01, 0x5b, 
	0x01, 0x30, 0x04, 0x01, 0x5c, 0x01, 0x38, 0x00, 
	0x00, 0x25, 0x5d, 0x0a, 0x00, 0x00, 0x34, 0x0f, 
	0x01, 0x00, 0x08, 0x00, 0x00, 0x00, 0x01, 0x9c, 
	0x93, 0x0d, 0x00, 0x00, 0x10, 0x6f, 0x0a, 0x00, 
	0x00, 0xe0, 0x0f, 0x00, 0x00, 0xdc, 0x0f, 0x00, 
	0x00, 0x26, 0x7b, 0x0a, 0x00, 0x00, 0x01, 0x5b, 
	0x00, 0x25, 0x5c, 0x0c, 0x00, 0x00, 0x4c, 0x10, 
	0x01, 0x00, 0x58, 0x00, 0x00, 0x00, 0x01, 0x9c, 
	0x60, 0x0e, 0x00, 0x00, 0x1a, 0xec, 0x0c, 0x00, 
	0x00, 0x74, 0x10, 0x01, 0x00, 0x09, 0x46, 0x00, 
	0x00, 0x00, 0xa3, 0x05, 0xe2, 0x0d, 0x00, 0x00, 
	0x10, 0xf6, 0x0c, 0x00, 0x00, 0xf6, 0x0f, 0x00, 
	0x00, 0xf4, 0x0f, 0x00, 0x00, 0x11, 0x78, 0x10, 
	0x01, 0x00, 0x02, 0x0d, 0x00, 0x00, 0x04, 0x01, 
	0x5a, 0x02, 0x78, 0x00, 0x04, 0x01, 0x5b, 0x01, 
	0x34, 0x04, 0x01, 0x5c, 0x01, 0x30, 0x00, 0x00, 
	0x43, 0xd6, 0x0c, 0x00, 0x00, 0x78, 0x10, 0x01, 
	0x00, 0x0d, 0x78, 0x10, 0x01, 0x00, 0x10, 0x00, 
	0x00, 0x00, 0x01, 0xa4, 0x05, 0x24, 0x0e, 0x00, 
	0x00, 0x10, 0xe0, 0x0c, 0x00, 0x00, 0x05, 0x10, 
	0x00, 0x00, 0x03, 0x10, 0x00, 0x00, 0x11, 0x88, 
	0x10, 0x01, 0x00, 0x02, 0x0d, 0x00, 0x00, 0x04, 
	0x01, 0x5a, 0x03, 0x78, 0xe8, 0x00, 0x04, 0x01, 
	0x5b, 0x01, 0x39, 0x04, 0x01, 0x5c, 0x01, 0x31, 
	0x00, 0x00, 0x44, 0xc0, 0x0c, 0x00, 0x00, 0x88, 
	0x10, 0x01, 0x00, 0x11, 0x56, 0x00, 0x00, 0x00, 
	0x01, 0xa5, 0x05, 0x26, 0xca, 0x0c, 0x00, 0x00, 
	0x06, 0x03, 0x70, 0x26, 0x01, 0x00, 0x9f, 0x0f, 
	0xa4, 0x10, 0x01, 0x00, 0x02, 0x0d, 0x00, 0x00, 
	0x04, 0x01, 0x5a, 0x05, 0x03, 0x70, 0x26, 0x01, 
	0x00, 0x04, 0x01, 0x5b, 0x01, 0x42, 0x04, 0x01, 
	0x5c, 0x01, 0x32, 0x00, 0x00, 0x00, 0x45, 0x8e, 
	0x0a, 0x00, 0x00, 0xd4, 0x11, 0x01, 0x00, 0x04, 
	0x00, 0x00, 0x00, 0x01, 0x9c, 0x00, 0x0f, 0x08, 
	0x00, 0x00, 0x05, 0x00, 0x01, 0x04, 0x15, 0x1b, 
	0x00, 0x00, 0x13, 0x0c, 0x03, 0x00, 0x00, 0x1d, 
	0x03, 0x47, 0x16, 0x03, 0x00, 0x4a, 0x07, 0x00, 
	0x00, 0xef, 0x00, 0x00, 0x00, 0x04, 0x12, 0x01, 
	0x00, 0xa8, 0x00, 0x00, 0x00, 0x6f, 0x22, 0x00, 
	0x00, 0x05, 0x08, 0x07, 0x33, 0x00, 0x00, 0x00, 
	0x05, 0x04, 0x07, 0x3d, 0x00, 0x00, 0x00, 0x14, 
	0x04, 0x05, 0x69, 0x6e, 0x74, 0x00, 0x05, 0x08, 
	0x05, 0x84, 0x00, 0x00, 0x00, 0x05, 0x10, 0x04, 
	0xad, 0x01, 0x00, 0x00, 0x05, 0x01, 0x06, 0xf5, 
	0x01, 0x00, 0x00, 0x05, 0x01, 0x08, 0xf3, 0x01, 
	0x00, 0x00, 0x05, 0x02, 0x05, 0x0f, 0x02, 0x00, 
	0x00, 0x05, 0x02, 0x07, 0x4a, 0x01, 0x00, 0x00, 
	0x05, 0x04, 0x05, 0x89, 0x00, 0x00, 0x00, 0x05, 
	0x04, 0x07, 0x38, 0x00, 0x00, 0x00, 0x0d, 0x84, 
	0x01, 0x00, 0x00, 0x02, 0x76, 0x01, 0x17, 0x32, 
	0x00, 0x00, 0x00, 0x09, 0x68, 0x0a, 0x00, 0x00, 
	0x03, 0x2e, 0x0e, 0x6a, 0x00, 0x00, 0x00, 0x09, 
	0xac, 0x02, 0x00, 0x00, 0x03, 0x74, 0x0e, 0x6a, 
	0x00, 0x00, 0x00, 0x09, 0xf9, 0x02, 0x00, 0x00, 
	0x03, 0x93, 0x17, 0x39, 0x00, 0x00, 0x00, 0x15, 
	0x04, 0x03, 0xa5, 0x03, 0xc9, 0x00, 0x00, 0x00, 
	0x0e, 0x7e, 0x01, 0x00, 0x00, 0xa7, 0x0c, 0x78, 
	0x00, 0x00, 0x00, 0x0e, 0x33, 0x01, 0x00, 0x00, 
	0xa8, 0x13, 0xc9, 0x00, 0x00, 0x00, 0x00, 0x06, 
	0x55, 0x00, 0x00, 0x00, 0xd9, 0x00, 0x00, 0x00, 
	0x07, 0x32, 0x00, 0x00, 0x00, 0x03, 0x00, 0x16, 
	0x08, 0x03, 0xa2, 0x09, 0xfd, 0x00, 0x00, 0x00, 
	0x02, 0x8a, 0x02, 0x00, 0x00, 0x03, 0xa4, 0x07, 
	0x39, 0x00, 0x00, 0x00, 0x00, 0x02, 0x92, 0x02, 
	0x00, 0x00, 0x03, 0xa9, 0x05, 0xa9, 0x00, 0x00, 
	0x00, 0x04, 0x00, 0x09, 0x31, 0x02, 0x00, 0x00, 
	0x03, 0xaa, 0x03, 0xd9, 0x00, 0x00, 0x00, 0x17, 
	0x04, 0x09, 0xd5, 0x02, 0x00, 0x00, 0x04, 0x17, 
	0x19, 0x71, 0x00, 0x00, 0x00, 0x09, 0xe1, 0x01, 
	0x00, 0x00, 0x05, 0x0c, 0x0d, 0x39, 0x00, 0x00, 
	0x00, 0x09, 0xf6, 0x00, 0x00, 0x00, 0x04, 0x24, 
	0x1b, 0x17, 0x01, 0x00, 0x00, 0x0b, 0x07, 0x01, 
	0x00, 0x00, 0x18, 0x35, 0x85, 0x01, 0x00, 0x00, 
	0x02, 0x52, 0x02, 0x00, 0x00, 0x04, 0x37, 0x13, 
	0x85, 0x01, 0x00, 0x00, 0x00, 0x08, 0x5f, 0x6b, 
	0x00, 0x38, 0x07, 0x39, 0x00, 0x00, 0x00, 0x04, 
	0x02, 0x7c, 0x02, 0x00, 0x00, 0x04, 0x38, 0x0b, 
	0x39, 0x00, 0x00, 0x00, 0x08, 0x02, 0xf0, 0x00, 
	0x00, 0x00, 0x04, 0x38, 0x14, 0x39, 0x00, 0x00, 
	0x00, 0x0c, 0x02, 0xea, 0x02, 0x00, 0x00, 0x04, 
	0x38, 0x1b, 0x39, 0x00, 0x00, 0x00, 0x10, 0x08, 
	0x5f, 0x78, 0x00, 0x39, 0x0b, 0x8a, 0x01, 0x00, 
	0x00, 0x14, 0x00, 0x03, 0x2f, 0x01, 0x00, 0x00, 
	0x06, 0x0b, 0x01, 0x00, 0x00, 0x9a, 0x01, 0x00, 
	0x00, 0x07, 0x32, 0x00, 0x00, 0x00, 0x00, 0x00, 
	0x0b, 0x2e, 0x01, 0x00, 0x00, 0x24, 0x3d, 0x1b, 
	0x02, 0x00, 0x00, 0x02, 0x7b, 0x00, 0x00, 0x00, 
	0x04, 0x3f, 0x09, 0x39, 0x00, 0x00, 0x00, 0x00, 
	0x02, 0xb4, 0x02, 0x00, 0x00, 0x04, 0x40, 0x09, 
	0x39, 0x00, 0x00, 0x00, 0x04, 0x02, 0x98, 0x00, 
	0x00, 0x00, 0x04, 0x41, 0x09, 0x39, 0x00, 0x00, 
	0x00, 0x08, 0x02, 0xd0, 0x03, 0x00, 0x00, 0x04, 
	0x42, 0x09, 0x39, 0x00, 0x00, 0x00, 0x0c, 0x02, 
	0xb9, 0x01, 0x00, 0x00, 0x04, 0x43, 0x09, 0x39, 
	0x00, 0x00, 0x00, 0x10, 0x02, 0xa3, 0x01, 0x00, 
	0x00, 0x04, 0x44, 0x09, 0x39, 0x00, 0x00, 0x00, 
	0x14, 0x02, 0xef, 0x02, 0x00, 0x00, 0x04, 0x45, 
	0x09, 0x39, 0x00, 0x00, 0x00, 0x18, 0x02, 0x19, 
	0x02, 0x00, 0x00, 0x04, 0x46, 0x09, 0x39, 0x00, 
	0x00, 0x00, 0x1c, 0x02, 0x97, 0x03, 0x00, 0x00, 
	0x04, 0x47, 0x09, 0x39, 0x00, 0x00, 0x00, 0x20, 
	0x00, 0x0b, 0x23, 0x02, 0x00, 0x00, 0x08, 0x74, 
	0x41, 0x02, 0x00, 0x00, 0x02, 0x80, 0x05, 0x00, 
	0x00, 0x04, 0x75, 0x11, 0x41, 0x02, 0x00, 0x00, 
	0x00, 0x02, 0xdf, 0x05, 0x00, 0x00, 0x04, 0x76, 
	0x06, 0x39, 0x00, 0x00, 0x00, 0x04, 0x00, 0x03, 
	0x55, 0x00, 0x00, 0x00, 0x0b, 0x3c, 0x02, 0x00, 
	0x00, 0x68, 0x99, 0x7f, 0x03, 0x00, 0x00, 0x08, 
	0x5f, 0x70, 0x00, 0x9a, 0x12, 0x41, 0x02, 0x00, 
	0x00, 0x00, 0x08, 0x5f, 0x72, 0x00, 0x9b, 0x07, 
	0x39, 0x00, 0x00, 0x00, 0x04, 0x08, 0x5f, 0x77, 
	0x00, 0x9c, 0x07, 0x39, 0x00, 0x00, 0x00, 0x08, 
	0x02, 0xaa, 0x00, 0x00, 0x00, 0x04, 0x9d, 0x09, 
	0x5c, 0x00, 0x00, 0x00, 0x0c, 0x02, 0xf6, 0x07, 
	0x00, 0x00, 0x04, 0x9e, 0x09, 0x5c, 0x00, 0x00, 
	0x00, 0x0e, 0x08, 0x5f, 0x62, 0x66, 0x00, 0x9f, 
	0x11, 0x1b, 0x02, 0x00, 0x00, 0x10, 0x02, 0x4a, 
	0x00, 0x00, 0x00, 0x04, 0xa0, 0x07, 0x39, 0x00, 
	0x00, 0x00, 0x18, 0x02, 0xa2, 0x00, 0x00, 0x00, 
	0x04, 0xa7, 0x0a, 0x09, 0x01, 0x00, 0x00, 0x1c, 
	0x02, 0x1e, 0x01, 0x00, 0x00, 0x04, 0xa9, 0x1d, 
	0x95, 0x04, 0x00, 0x00, 0x20, 0x02, 0x9c, 0x01, 
	0x00, 0x00, 0x04, 0xab, 0x1d, 0xbd, 0x04, 0x00, 
	0x00, 0x24, 0x02, 0x9a, 0x02, 0x00, 0x00, 0x04, 
	0xae, 0x0d, 0xe0, 0x04, 0x00, 0x00, 0x28, 0x02, 
	0xb1, 0x03, 0x00, 0x00, 0x04, 0xaf, 0x09, 0xf9, 
	0x04, 0x00, 0x00, 0x2c, 0x08, 0x5f, 0x75, 0x62, 
	0x00, 0xb2, 0x11, 0x1b, 0x02, 0x00, 0x00, 0x30, 
	0x08, 0x5f, 0x75, 0x70, 0x00, 0xb3, 0x12, 0x41, 
	0x02, 0x00, 0x00, 0x38, 0x08, 0x5f, 0x75, 0x72, 
	0x00, 0xb4, 0x07, 0x39, 0x00, 0x00, 0x00, 0x3c, 
	0x02, 0x92, 0x00, 0x00, 0x00, 0x04, 0xb7, 0x11, 
	0xfe, 0x04, 0x00, 0x00, 0x40, 0x02, 0x91, 0x03, 
	0x00, 0x00, 0x04, 0xb8, 0x11, 0x0e, 0x05, 0x00, 
	0x00, 0x43, 0x08, 0x5f, 0x6c, 0x62, 0x00, 0xbb, 
	0x11, 0x1b, 0x02, 0x00, 0x00, 0x44, 0x02, 0xb8, 
	0x00, 0x00, 0x00, 0x04, 0xbe, 0x07, 0x39, 0x00, 
	0x00, 0x00, 0x4c, 0x02, 0xc9, 0x00, 0x00, 0x00, 
	0x04, 0xbf, 0x0a, 0x85, 0x00, 0x00, 0x00, 0x50, 
	0x02, 0x3f, 0x04, 0x00, 0x00, 0x04, 0xc2, 0x12, 
	0x9d, 0x03, 0x00, 0x00, 0x54, 0x02, 0xb7, 0x04, 
	0x00, 0x00, 0x04, 0xc6, 0x0c, 0x23, 0x01, 0x00, 
	0x00, 0x58, 0x02, 0x44, 0x02, 0x00, 0x00, 0x04, 
	0xc8, 0x0e, 0xfd, 0x00, 0x00, 0x00, 0x5c, 0x02, 
	0x94, 0x01, 0x00, 0x00, 0x04, 0xc9, 0x09, 0x39, 
	0x00, 0x00, 0x00, 0x64, 0x00, 0x0a, 0x9d, 0x00, 
	0x00, 0x00, 0x9d, 0x03, 0x00, 0x00, 0x04, 0x9d, 
	0x03, 0x00, 0x00, 0x04, 0x09, 0x01, 0x00, 0x00, 
	0x04, 0x84, 0x04, 0x00, 0x00, 0x04, 0x39, 0x00, 
	0x00, 0x00, 0x00, 0x03, 0xa2, 0x03, 0x00, 0x00, 
	0x18, 0x14, 0x04, 0x00, 0x00, 0x40, 0x01, 0x04, 
	0x42, 0x02, 0x08, 0x84, 0x04, 0x00, 0x00, 0x01, 
	0x60, 0x0a, 0x00, 0x00, 0x44, 0x02, 0x07, 0x39, 
	0x00, 0x00, 0x00, 0x00, 0x01, 0xb1, 0x00, 0x00, 
	0x00, 0x49, 0x02, 0x0b, 0x64, 0x05, 0x00, 0x00, 
	0x04, 0x01, 0x3a, 0x01, 0x00, 0x00, 0x49, 0x02, 
	0x14, 0x64, 0x05, 0x00, 0x00, 0x08, 0x01, 0xff, 
	0x00, 0x00, 0x00, 0x49, 0x02, 0x1e, 0x64, 0x05, 
	0x00, 0x00, 0x0c, 0x01, 0x65, 0x02, 0x00, 0x00, 
	0x4b, 0x02, 0x08, 0x39, 0x00, 0x00, 0x00, 0x10, 
	0x01, 0x08, 0x00, 0x00, 0x00, 0x4c, 0x02, 0x08, 
	0x07, 0x07, 0x00, 0x00, 0x14, 0x01, 0x6a, 0x02, 
	0x00, 0x00, 0x51, 0x02, 0x16, 0x1c, 0x07, 0x00, 
	0x00, 0x30, 0x01, 0x72, 0x02, 0x00, 0x00, 0x57, 
	0x02, 0x0a, 0x2c, 0x07, 0x00, 0x00, 0x34, 0x01, 
	0x76, 0x01, 0x00, 0x00, 0x5a, 0x02, 0x13, 0x85, 
	0x01, 0x00, 0x00, 0x38, 0x01, 0x24, 0x01, 0x00, 
	0x00, 0x5b, 0x02, 0x07, 0x39, 0x00, 0x00, 0x00, 
	0x3c, 0x01, 0xcb, 0x03, 0x00, 0x00, 0x5c, 0x02, 
	0x13, 0x85, 0x01, 0x00, 0x00, 0x40, 0x01, 0xc2, 
	0x01, 0x00, 0x00, 0x5d, 0x02, 0x14, 0x31, 0x07, 
	0x00, 0x00, 0x44, 0x01, 0x42, 0x01, 0x00, 0x00, 
	0x60, 0x02, 0x07, 0x39, 0x00, 0x00, 0x00, 0x48, 
	0x01, 0xc1, 0x00, 0x00, 0x00, 0x61, 0x02, 0x09, 
	0x84, 0x04, 0x00, 0x00, 0x4c, 0x01, 0x01, 0x02, 
	0x00, 0x00, 0x90, 0x02, 0x07, 0xef, 0x06, 0x00, 
	0x00, 0x50, 0x19, 0x87, 0x03, 0x00, 0x00, 0x04, 
	0x98, 0x02, 0x0b, 0x41, 0x07, 0x00, 0x00, 0x38, 
	0x01, 0x00, 0x03, 0x89, 0x04, 0x00, 0x00, 0x05, 
	0x01, 0x08, 0xfc, 0x01, 0x00, 0x00, 0x1a, 0x89, 
	0x04, 0x00, 0x00, 0x03, 0x7f, 0x03, 0x00, 0x00, 
	0x0a, 0x9d, 0x00, 0x00, 0x00, 0xb8, 0x04, 0x00, 
	0x00, 0x04, 0x9d, 0x03, 0x00, 0x00, 0x04, 0x09, 
	0x01, 0x00, 0x00, 0x04, 0xb8, 0x04, 0x00, 0x00, 
	0x04, 0x39, 0x00, 0x00, 0x00, 0x00, 0x03, 0x90, 
	0x04, 0x00, 0x00, 0x03, 0x9a, 0x04, 0x00, 0x00, 
	0x0a, 0x91, 0x00, 0x00, 0x00, 0xe0, 0x04, 0x00, 
	0x00, 0x04, 0x9d, 0x03, 0x00, 0x00, 0x04, 0x09, 
	0x01, 0x00, 0x00, 0x04, 0x91, 0x00, 0x00, 0x00, 
	0x04, 0x39, 0x00, 0x00, 0x00, 0x00, 0x03, 0xc2, 
	0x04, 0x00, 0x00, 0x0a, 0x39, 0x00, 0x00, 0x00, 
	0xf9, 0x04, 0x00, 0x00, 0x04, 0x9d, 0x03, 0x00, 
	0x00, 0x04, 0x09, 0x01, 0x00, 0x00, 0x00, 0x03, 
	0xe5, 0x04, 0x00, 0x00, 0x06, 0x55, 0x00, 0x00, 
	0x00, 0x0e, 0x05, 0x00, 0x00, 0x07, 0x32, 0x00, 
	0x00, 0x00, 0x02, 0x00, 0x06, 0x55, 0x00, 0x00, 
	0x00, 0x1e, 0x05, 0x00, 0x00, 0x07, 0x32, 0x00, 
	0x00, 0x00, 0x00, 0x00, 0x0d, 0x2a, 0x02, 0x00, 
	0x00, 0x04, 0x0e, 0x01, 0x1a, 0x46, 0x02, 0x00, 
	0x00, 0x0f, 0x2c, 0x08, 0x00, 0x00, 0x0c, 0x14, 
	0x01, 0x5f, 0x05, 0x00, 0x00, 0x01, 0x52, 0x02, 
	0x00, 0x00, 0x16, 0x01, 0x11, 0x5f, 0x05, 0x00, 
	0x00, 0x00, 0x01, 0x1a, 0x08, 0x00, 0x00, 0x17, 
	0x01, 0x07, 0x39, 0x00, 0x00, 0x00, 0x04, 0x01, 
	0xe7, 0x07, 0x00, 0x00, 0x18, 0x01, 0x0b, 0x64, 
	0x05, 0x00, 0x00, 0x08, 0x00, 0x03, 0x2b, 0x05, 
	0x00, 0x00, 0x03, 0x1e, 0x05, 0x00, 0x00, 0x0f, 
	0x00, 0x00, 0x00, 0x00, 0x0e, 0x32, 0x01, 0x9d, 
	0x05, 0x00, 0x00, 0x01, 0x84, 0x02, 0x00, 0x00, 
	0x33, 0x01, 0x12, 0x9d, 0x05, 0x00, 0x00, 0x00, 
	0x01, 0xbd, 0x02, 0x00, 0x00, 0x34, 0x01, 0x12, 
	0x9d, 0x05, 0x00, 0x00, 0x06, 0x01, 0xd0, 0x02, 
	0x00, 0x00, 0x35, 0x01, 0x12, 0x63, 0x00, 0x00, 
	0x00, 0x0c, 0x00, 0x06, 0x63, 0x00, 0x00, 0x00, 
	0xad, 0x05, 0x00, 0x00, 0x07, 0x32, 0x00, 0x00, 
	0x00, 0x02, 0x00, 0x1b, 0xe8, 0x04, 0x65, 0x02, 
	0x07, 0xaf, 0x06, 0x00, 0x00, 0x01, 0xc3, 0x02, 
	0x00, 0x00, 0x6a, 0x02, 0x12, 0x84, 0x04, 0x00, 
	0x00, 0x00, 0x01, 0x69, 0x01, 0x00, 0x00, 0x6b, 
	0x02, 0x10, 0xaf, 0x06, 0x00, 0x00, 0x04, 0x01, 
	0xa2, 0x03, 0x00, 0x00, 0x6c, 0x02, 0x17, 0x9a, 
	0x01, 0x00, 0x00, 0x20, 0x01, 0x0f, 0x01, 0x00, 
	0x00, 0x6d, 0x02, 0x0f, 0x39, 0x00, 0x00, 0x00, 
	0x44, 0x01, 0x4d, 0x02, 0x00, 0x00, 0x6e, 0x02, 
	0x2c, 0x2b, 0x00, 0x00, 0x00, 0x48, 0x01, 0xb8, 
	0x03, 0x00, 0x00, 0x6f, 0x02, 0x1a, 0x69, 0x05, 
	0x00, 0x00, 0x50, 0x01, 0x58, 0x02, 0x00, 0x00, 
	0x70, 0x02, 0x16, 0xfd, 0x00, 0x00, 0x00, 0x60, 
	0x01, 0xbd, 0x03, 0x00, 0x00, 0x71, 0x02, 0x16, 
	0xfd, 0x00, 0x00, 0x00, 0x68, 0x01, 0x6d, 0x00, 
	0x00, 0x00, 0x72, 0x02, 0x16, 0xfd, 0x00, 0x00, 
	0x00, 0x70, 0x01, 0x02, 0x03, 0x00, 0x00, 0x73, 
	0x02, 0x10, 0xbf, 0x06, 0x00, 0x00, 0x78, 0x01, 
	0x5d, 0x01, 0x00, 0x00, 0x74, 0x02, 0x10, 0xcf, 
	0x06, 0x00, 0x00, 0x80, 0x01, 0xdd, 0x02, 0x00, 
	0x00, 0x75, 0x02, 0x0f, 0x39, 0x00, 0x00, 0x00, 
	0x98, 0x01, 0xe2, 0x00, 0x00, 0x00, 0x76, 0x02, 
	0x16, 0xfd, 0x00, 0x00, 0x00, 0x9c, 0x01, 0x5e, 
	0x00, 0x00, 0x00, 0x77, 0x02, 0x16, 0xfd, 0x00, 
	0x00, 0x00, 0xa4, 0x01, 0xd1, 0x00, 0x00, 0x00, 
	0x78, 0x02, 0x16, 0xfd, 0x00, 0x00, 0x00, 0xac, 
	0x01, 0x13, 0x00, 0x00, 0x00, 0x79, 0x02, 0x16, 
	0xfd, 0x00, 0x00, 0x00, 0xb4, 0x01, 0x22, 0x00, 
	0x00, 0x00, 0x7a, 0x02, 0x16, 0xfd, 0x00, 0x00, 
	0x00, 0xbc, 0x01, 0x06, 0x02, 0x00, 0x00, 0x7b, 
	0x02, 0x08, 0x39, 0x00, 0x00, 0x00, 0xc4, 0x01, 
	0xcc, 0x01, 0x00, 0x00, 0x87, 0x02, 0x09, 0xdf, 
	0x06, 0x00, 0x00, 0xc8, 0x00, 0x06, 0x89, 0x04, 
	0x00, 0x00, 0xbf, 0x06, 0x00, 0x00, 0x07, 0x32, 
	0x00, 0x00, 0x00, 0x19, 0x00, 0x06, 0x89, 0x04, 
	0x00, 0x00, 0xcf, 0x06, 0x00, 0x00, 0x07, 0x32, 
	0x00, 0x00, 0x00, 0x07, 0x00, 0x06, 0x89, 0x04, 
	0x00, 0x00, 0xdf, 0x06, 0x00, 0x00, 0x07, 0x32, 
	0x00, 0x00, 0x00, 0x17, 0x00, 0x06, 0x89, 0x04, 
	0x00, 0x00, 0xef, 0x06, 0x00, 0x00, 0x07, 0x32, 
	0x00, 0x00, 0x00, 0x1f, 0x00, 0x1c, 0xe8, 0x04, 
	0x63, 0x02, 0x03, 0x07, 0x07, 0x00, 0x00, 0x1d, 
	0x14, 0x04, 0x00, 0x00, 0x04, 0x88, 0x02, 0x0b, 
	0xad, 0x05, 0x00, 0x00, 0x00, 0x06, 0x89, 0x04, 
	0x00, 0x00, 0x17, 0x07, 0x00, 0x00, 0x07, 0x32, 
	0x00, 0x00, 0x00, 0x18, 0x00, 0x1e, 0x53, 0x00, 
	0x00, 0x00, 0x03, 0x17, 0x07, 0x00, 0x00, 0x10, 
	0x2c, 0x07, 0x00, 0x00, 0x04, 0x9d, 0x03, 0x00, 
	0x00, 0x00, 0x03, 0x21, 0x07, 0x00, 0x00, 0x03, 
	0x85, 0x01, 0x00, 0x00, 0x10, 0x41, 0x07, 0x00, 
	0x00, 0x04, 0x39, 0x00, 0x00, 0x00, 0x00, 0x03, 
	0x46, 0x07, 0x00, 0x00, 0x03, 0x36, 0x07, 0x00, 
	0x00, 0x09, 0x2c, 0x02, 0x00, 0x00, 0x06, 0x42, 
	0x10, 0x1e, 0x05, 0x00, 0x00, 0x1f, 0x21, 0x07, 
	0x00, 0x00, 0x04, 0x9c, 0x03, 0x0c, 0x39, 0x00, 
	0x00, 0x00, 0x04, 0x12, 0x01, 0x00, 0xa8, 0x00, 
	0x00, 0x00, 0x01, 0x9c, 0xf4, 0x07, 0x00, 0x00, 
	0x11, 0x70, 0x74, 0x72, 0x00, 0x1e, 0x1e, 0x9d, 
	0x03, 0x00, 0x00, 0x26, 0x10, 0x00, 0x00, 0x1e, 
	0x10, 0x00, 0x00, 0x20, 0x8c, 0x03, 0x00, 0x00, 
	0x01, 0x1e, 0x29, 0x0d, 0x08, 0x00, 0x00, 0x4d, 
	0x10, 0x00, 0x00, 0x45, 0x10, 0x00, 0x00, 0x11, 
	0x67, 0x00, 0x1f, 0x13, 0x5f, 0x05, 0x00, 0x00, 
	0x70, 0x10, 0x00, 0x00, 0x6c, 0x10, 0x00, 0x00, 
	0x0c, 0x66, 0x70, 0x00, 0x21, 0x09, 0x08, 0x08, 
	0x00, 0x00, 0x7f, 0x10, 0x00, 0x00, 0x7b, 0x10, 
	0x00, 0x00, 0x0c, 0x6e, 0x00, 0x22, 0x07, 0x39, 
	0x00, 0x00, 0x00, 0x92, 0x10, 0x00, 0x00, 0x8e, 
	0x10, 0x00, 0x00, 0x0c, 0x72, 0x65, 0x74, 0x00, 
	0x22, 0x0a, 0x39, 0x00, 0x00, 0x00, 0xa6, 0x10, 
	0x00, 0x00, 0x9e, 0x10, 0x00, 0x00, 0x21, 0x98, 
	0x12, 0x01, 0x00, 0x12, 0x01, 0x5a, 0x02, 0x84, 
	0x00, 0x12, 0x01, 0x5b, 0x03, 0x91, 0x58, 0x06, 
	0x00, 0x00, 0x0a, 0x39, 0x00, 0x00, 0x00, 0x08, 
	0x08, 0x00, 0x00, 0x04, 0x9d, 0x03, 0x00, 0x00, 
	0x04, 0x08, 0x08, 0x00, 0x00, 0x00, 0x03, 0x4b, 
	0x07, 0x00, 0x00, 0x03, 0xf4, 0x07, 0x00, 0x00, 
	0x00, 0xc2, 0x0a, 0x00, 0x00, 0x05, 0x00, 0x01, 
	0x04, 0xf4, 0x1c, 0x00, 0x00, 0x18, 0x0c, 0x03, 
	0x00, 0x00, 0x1d, 0x03, 0x47, 0x16, 0x03, 0x00, 
	0xa1, 0x07, 0x00, 0x00, 0xef, 0x00, 0x00, 0x00, 
	0xac, 0x12, 0x01, 0x00, 0x3c, 0x01, 0x00, 0x00, 
	0xc4, 0x23, 0x00, 0x00, 0x06, 0x08, 0x07, 0x33, 
	0x00, 0x00, 0x00, 0x06, 0x04, 0x07, 0x3d, 0x00, 
	0x00, 0x00, 0x19, 0x04, 0x05, 0x69, 0x6e, 0x74, 
	0x00, 0x07, 0xfb, 0x02, 0x00, 0x00, 0x02, 0xe5, 
	0x17, 0x32, 0x00, 0x00, 0x00, 0x06, 0x08, 0x05, 
	0x84, 0x00, 0x00, 0x00, 0x06, 0x10, 0x04, 0xad, 
	0x01, 0x00, 0x00, 0x06, 0x01, 0x06, 0xf5, 0x01, 
	0x00, 0x00, 0x06, 0x01, 0x08, 0xf3, 0x01, 0x00, 
	0x00, 0x06, 0x02, 0x05, 0x0f, 0x02, 0x00, 0x00, 
	0x06, 0x02, 0x07, 0x4a, 0x01, 0x00, 0x00, 0x06, 
	0x04, 0x05, 0x89, 0x00, 0x00, 0x00, 0x06, 0x04, 
	0x07, 0x38, 0x00, 0x00, 0x00, 0x12, 0x84, 0x01, 
	0x00, 0x00, 0x02, 0x76, 0x01, 0x17, 0x32, 0x00, 
	0x00, 0x00, 0x07, 0x68, 0x0a, 0x00, 0x00, 0x03, 
	0x2e, 0x0e, 0x76, 0x00, 0x00, 0x00, 0x07, 0xac, 
	0x02, 0x00, 0x00, 0x03, 0x74, 0x0e, 0x76, 0x00, 
	0x00, 0x00, 0x07, 0xf9, 0x02, 0x00, 0x00, 0x03, 
	0x93, 0x17, 0x39, 0x00, 0x00, 0x00, 0x1a, 0x04, 
	0x03, 0xa5, 0x03, 0xd5, 0x00, 0x00, 0x00, 0x13, 
	0x7e, 0x01, 0x00, 0x00, 0xa7, 0x0c, 0x84, 0x00, 
	0x00, 0x00, 0x13, 0x33, 0x01, 0x00, 0x00, 0xa8, 
	0x13, 0xd5, 0x00, 0x00, 0x00, 0x00, 0x08, 0x61, 
	0x00, 0x00, 0x00, 0xe5, 0x00, 0x00, 0x00, 0x09, 
	0x32, 0x00, 0x00, 0x00, 0x03, 0x00, 0x1b, 0x08, 
	0x03, 0xa2, 0x09, 0x09, 0x01, 0x00, 0x00, 0x02, 
	0x8a, 0x02, 0x00, 0x00, 0x03, 0xa4, 0x07, 0x39, 
	0x00, 0x00, 0x00, 0x00, 0x02, 0x92, 0x02, 0x00, 
	0x00, 0x03, 0xa9, 0x05, 0xb5, 0x00, 0x00, 0x00, 
	0x04, 0x00, 0x07, 0x31, 0x02, 0x00, 0x00, 0x03, 
	0xaa, 0x03, 0xe5, 0x00, 0x00, 0x00, 0x1c, 0x04, 
	0x07, 0xd5, 0x02, 0x00, 0x00, 0x04, 0x17, 0x19, 
	0x7d, 0x00, 0x00, 0x00, 0x07, 0xe1, 0x01, 0x00, 
	0x00, 0x05, 0x0c, 0x0d, 0x39, 0x00, 0x00, 0x00, 
	0x07, 0xf6, 0x00, 0x00, 0x00, 0x04, 0x24, 0x1b, 
	0x23, 0x01, 0x00, 0x00, 0x0e, 0x07, 0x01, 0x00, 
	0x00, 0x18, 0x35, 0x91, 0x01, 0x00, 0x00, 0x02, 
	0x52, 0x02, 0x00, 0x00, 0x04, 0x37, 0x13, 0x91, 
	0x01, 0x00, 0x00, 0x00, 0x0a, 0x5f, 0x6b, 0x00, 
	0x38, 0x07, 0x39, 0x00, 0x00, 0x00, 0x04, 0x02, 
	0x7c, 0x02, 0x00, 0x00, 0x04, 0x38, 0x0b, 0x39, 
	0x00, 0x00, 0x00, 0x08, 0x02, 0xf0, 0x00, 0x00, 
	0x00, 0x04, 0x38, 0x14, 0x39, 0x00, 0x00, 0x00, 
	0x0c, 0x02, 0xea, 0x02, 0x00, 0x00, 0x04, 0x38, 
	0x1b, 0x39, 0x00, 0x00, 0x00, 0x10, 0x0a, 0x5f, 
	0x78, 0x00, 0x39, 0x0b, 0x96, 0x01, 0x00, 0x00, 
	0x14, 0x00, 0x04, 0x3b, 0x01, 0x00, 0x00, 0x08, 
	0x17, 0x01, 0x00, 0x00, 0xa6, 0x01, 0x00, 0x00, 
	0x09, 0x32, 0x00, 0x00, 0x00, 0x00, 0x00, 0x0e, 
	0x2e, 0x01, 0x00, 0x00, 0x24, 0x3d, 0x27, 0x02, 
	0x00, 0x00, 0x02, 0x7b, 0x00, 0x00, 0x00, 0x04, 
	0x3f, 0x09, 0x39, 0x00, 0x00, 0x00, 0x00, 0x02, 
	0xb4, 0x02, 0x00, 0x00, 0x04, 0x40, 0x09, 0x39, 
	0x00, 0x00, 0x00, 0x04, 0x02, 0x98, 0x00, 0x00, 
	0x00, 0x04, 0x41, 0x09, 0x39, 0x00, 0x00, 0x00, 
	0x08, 0x02, 0xd0, 0x03, 0x00, 0x00, 0x04, 0x42, 
	0x09, 0x39, 0x00, 0x00, 0x00, 0x0c, 0x02, 0xb9, 
	0x01, 0x00, 0x00, 0x04, 0x43, 0x09, 0x39, 0x00, 
	0x00, 0x00, 0x10, 0x02, 0xa3, 0x01, 0x00, 0x00, 
	0x04, 0x44, 0x09, 0x39, 0x00, 0x00, 0x00, 0x14, 
	0x02, 0xef, 0x02, 0x00, 0x00, 0x04, 0x45, 0x09, 
	0x39, 0x00, 0x00, 0x00, 0x18, 0x02, 0x19, 0x02, 
	0x00, 0x00, 0x04, 0x46, 0x09, 0x39, 0x00, 0x00, 
	0x00, 0x1c, 0x02, 0x97, 0x03, 0x00, 0x00, 0x04, 
	0x47, 0x09, 0x39, 0x00, 0x00, 0x00, 0x20, 0x00, 
	0x0e, 0x23, 0x02, 0x00, 0x00, 0x08, 0x74, 0x4d, 
	0x02, 0x00, 0x00, 0x02, 0x80, 0x05, 0x00, 0x00, 
	0x04, 0x75, 0x11, 0x4d, 0x02, 0x00, 0x00, 0x00, 
	0x02, 0xdf, 0x05, 0x00, 0x00, 0x04, 0x76, 0x06, 
	0x39, 0x00, 0x00, 0x00, 0x04, 0x00, 0x04, 0x61, 
	0x00, 0x00, 0x00, 0x0e, 0x3c, 0x02, 0x00, 0x00, 
	0x68, 0x99, 0x8b, 0x03, 0x00, 0x00, 0x0a, 0x5f, 
	0x70, 0x00, 0x9a, 0x12, 0x4d, 0x02, 0x00, 0x00, 
	0x00, 0x0a, 0x5f, 0x72, 0x00, 0x9b, 0x07, 0x39, 
	0x00, 0x00, 0x00, 0x04, 0x0a, 0x5f, 0x77, 0x00, 
	0x9c, 0x07, 0x39, 0x00, 0x00, 0x00, 0x08, 0x02, 
	0xaa, 0x00, 0x00, 0x00, 0x04, 0x9d, 0x09, 0x68, 
	0x00, 0x00, 0x00, 0x0c, 0x02, 0xf6, 0x07, 0x00, 
	0x00, 0x04, 0x9e, 0x09, 0x68, 0x00, 0x00, 0x00, 
	0x0e, 0x0a, 0x5f, 0x62, 0x66, 0x00, 0x9f, 0x11, 
	0x27, 0x02, 0x00, 0x00, 0x10, 0x02, 0x4a, 0x00, 
	0x00, 0x00, 0x04, 0xa0, 0x07, 0x39, 0x00, 0x00, 
	0x00, 0x18, 0x02, 0xa2, 0x00, 0x00, 0x00, 0x04, 
	0xa7, 0x0a, 0x15, 0x01, 0x00, 0x00, 0x1c, 0x02, 
	0x1e, 0x01, 0x00, 0x00, 0x04, 0xa9, 0x1d, 0xa1, 
	0x04, 0x00, 0x00, 0x20, 0x02, 0x9c, 0x01, 0x00, 
	0x00, 0x04, 0xab, 0x1d, 0xc9, 0x04, 0x00, 0x00, 
	0x24, 0x02, 0x9a, 0x02, 0x00, 0x00, 0x04, 0xae, 
	0x0d, 0xec, 0x04, 0x00, 0x00, 0x28, 0x02, 0xb1, 
	0x03, 0x00, 0x00, 0x04, 0xaf, 0x09, 0x05, 0x05, 
	0x00, 0x00, 0x2c, 0x0a, 0x5f, 0x75, 0x62, 0x00, 
	0xb2, 0x11, 0x27, 0x02, 0x00, 0x00, 0x30, 0x0a, 
	0x5f, 0x75, 0x70, 0x00, 0xb3, 0x12, 0x4d, 0x02, 
	0x00, 0x00, 0x38, 0x0a, 0x5f, 0x75, 0x72, 0x00, 
	0xb4, 0x07, 0x39, 0x00, 0x00, 0x00, 0x3c, 0x02, 
	0x92, 0x00, 0x00, 0x00, 0x04, 0xb7, 0x11, 0x0a, 
	0x05, 0x00, 0x00, 0x40, 0x02, 0x91, 0x03, 0x00, 
	0x00, 0x04, 0xb8, 0x11, 0x1a, 0x05, 0x00, 0x00, 
	0x43, 0x0a, 0x5f, 0x6c, 0x62, 0x00, 0xbb, 0x11, 
	0x27, 0x02, 0x00, 0x00, 0x44, 0x02, 0xb8, 0x00, 
	0x00, 0x00, 0x04, 0xbe, 0x07, 0x39, 0x00, 0x00, 
	0x00, 0x4c, 0x02, 0xc9, 0x00, 0x00, 0x00, 0x04, 
	0xbf, 0x0a, 0x91, 0x00, 0x00, 0x00, 0x50, 0x02, 
	0x3f, 0x04, 0x00, 0x00, 0x04, 0xc2, 0x12, 0xa9, 
	0x03, 0x00, 0x00, 0x54, 0x02, 0xb7, 0x04, 0x00, 
	0x00, 0x04, 0xc6, 0x0c, 0x2f, 0x01, 0x00, 0x00, 
	0x58, 0x02, 0x44, 0x02, 0x00, 0x00, 0x04, 0xc8, 
	0x0e, 0x09, 0x01, 0x00, 0x00, 0x5c, 0x02, 0x94, 
	0x01, 0x00, 0x00, 0x04, 0xc9, 0x09, 0x39, 0x00, 
	0x00, 0x00, 0x64, 0x00, 0x0f, 0xa9, 0x00, 0x00, 
	0x00, 0xa9, 0x03, 0x00, 0x00, 0x03, 0xa9, 0x03, 
	0x00, 0x00, 0x03, 0x15, 0x01, 0x00, 0x00, 0x03, 
	0x90, 0x04, 0x00, 0x00, 0x03, 0x39, 0x00, 0x00, 
	0x00, 0x00, 0x04, 0xae, 0x03, 0x00, 0x00, 0x1d, 
	0x14, 0x04, 0x00, 0x00, 0x40, 0x01, 0x04, 0x42, 
	0x02, 0x08, 0x90, 0x04, 0x00, 0x00, 0x01, 0x60, 
	0x0a, 0x00, 0x00, 0x44, 0x02, 0x07, 0x39, 0x00, 
	0x00, 0x00, 0x00, 0x01, 0xb1, 0x00, 0x00, 0x00, 
	0x49, 0x02, 0x0b, 0x37, 0x05, 0x00, 0x00, 0x04, 
	0x01, 0x3a, 0x01, 0x00, 0x00, 0x49, 0x02, 0x14, 
	0x37, 0x05, 0x00, 0x00, 0x08, 0x01, 0xff, 0x00, 
	0x00, 0x00, 0x49, 0x02, 0x1e, 0x37, 0x05, 0x00, 
	0x00, 0x0c, 0x01, 0x65, 0x02, 0x00, 0x00, 0x4b, 
	0x02, 0x08, 0x39, 0x00, 0x00, 0x00, 0x10, 0x01, 
	0x08, 0x00, 0x00, 0x00, 0x4c, 0x02, 0x08, 0xdc, 
	0x06, 0x00, 0x00, 0x14, 0x01, 0x6a, 0x02, 0x00, 
	0x00, 0x51, 0x02, 0x16, 0xf1, 0x06, 0x00, 0x00, 
	0x30, 0x01, 0x72, 0x02, 0x00, 0x00, 0x57, 0x02, 
	0x0a, 0x01, 0x07, 0x00, 0x00, 0x34, 0x01, 0x76, 
	0x01, 0x00, 0x00, 0x5a, 0x02, 0x13, 0x91, 0x01, 
	0x00, 0x00, 0x38, 0x01, 0x24, 0x01, 0x00, 0x00, 
	0x5b, 0x02, 0x07, 0x39, 0x00, 0x00, 0x00, 0x3c, 
	0x01, 0xcb, 0x03, 0x00, 0x00, 0x5c, 0x02, 0x13, 
	0x91, 0x01, 0x00, 0x00, 0x40, 0x01, 0xc2, 0x01, 
	0x00, 0x00, 0x5d, 0x02, 0x14, 0x06, 0x07, 0x00, 
	0x00, 0x44, 0x01, 0x42, 0x01, 0x00, 0x00, 0x60, 
	0x02, 0x07, 0x39, 0x00, 0x00, 0x00, 0x48, 0x01, 
	0xc1, 0x00, 0x00, 0x00, 0x61, 0x02, 0x09, 0x90, 
	0x04, 0x00, 0x00, 0x4c, 0x01, 0x01, 0x02, 0x00, 
	0x00, 0x90, 0x02, 0x07, 0xc4, 0x06, 0x00, 0x00, 
	0x50, 0x1e, 0x87, 0x03, 0x00, 0x00, 0x04, 0x98, 
	0x02, 0x0b, 0x16, 0x07, 0x00, 0x00, 0x38, 0x01, 
	0x00, 0x04, 0x95, 0x04, 0x00, 0x00, 0x06, 0x01, 
	0x08, 0xfc, 0x01, 0x00, 0x00, 0x1f, 0x95, 0x04, 
	0x00, 0x00, 0x04, 0x8b, 0x03, 0x00, 0x00, 0x0f, 
	0xa9, 0x00, 0x00, 0x00, 0xc4, 0x04, 0x00, 0x00, 
	0x03, 0xa9, 0x03, 0x00, 0x00, 0x03, 0x15, 0x01, 
	0x00, 0x00, 0x03, 0xc4, 0x04, 0x00, 0x00, 0x03, 
	0x39, 0x00, 0x00, 0x00, 0x00, 0x04, 0x9c, 0x04, 
	0x00, 0x00, 0x04, 0xa6, 0x04, 0x00, 0x00, 0x0f, 
	0x9d, 0x00, 0x00, 0x00, 0xec, 0x04, 0x00, 0x00, 
	0x03, 0xa9, 0x03, 0x00, 0x00, 0x03, 0x15, 0x01, 
	0x00, 0x00, 0x03, 0x9d, 0x00, 0x00, 0x00, 0x03, 
	0x39, 0x00, 0x00, 0x00, 0x00, 0x04, 0xce, 0x04, 
	0x00, 0x00, 0x0f, 0x39, 0x00, 0x00, 0x00, 0x05, 
	0x05, 0x00, 0x00, 0x03, 0xa9, 0x03, 0x00, 0x00, 
	0x03, 0x15, 0x01, 0x00, 0x00, 0x00, 0x04, 0xf1, 
	0x04, 0x00, 0x00, 0x08, 0x61, 0x00, 0x00, 0x00, 
	0x1a, 0x05, 0x00, 0x00, 0x09, 0x32, 0x00, 0x00, 
	0x00, 0x02, 0x00, 0x08, 0x61, 0x00, 0x00, 0x00, 
	0x2a, 0x05, 0x00, 0x00, 0x09, 0x32, 0x00, 0x00, 
	0x00, 0x00, 0x00, 0x12, 0x2a, 0x02, 0x00, 0x00, 
	0x04, 0x0e, 0x01, 0x1a, 0x52, 0x02, 0x00, 0x00, 
	0x04, 0x2a, 0x05, 0x00, 0x00, 0x20, 0x00, 0x00, 
	0x00, 0x00, 0x0e, 0x04, 0x32, 0x01, 0x08, 0x72, 
	0x05, 0x00, 0x00, 0x01, 0x84, 0x02, 0x00, 0x00, 
	0x33, 0x01, 0x12, 0x72, 0x05, 0x00, 0x00, 0x00, 
	0x01, 0xbd, 0x02, 0x00, 0x00, 0x34, 0x01, 0x12, 
	0x72, 0x05, 0x00, 0x00, 0x06, 0x01, 0xd0, 0x02, 
	0x00, 0x00, 0x35, 0x01, 0x12, 0x6f, 0x00, 0x00, 
	0x00, 0x0c, 0x00, 0x08, 0x6f, 0x00, 0x00, 0x00, 
	0x82, 0x05, 0x00, 0x00, 0x09, 0x32, 0x00, 0x00, 
	0x00, 0x02, 0x00, 0x21, 0xe8, 0x04, 0x65, 0x02, 
	0x07, 0x84, 0x06, 0x00, 0x00, 0x01, 0xc3, 0x02, 
	0x00, 0x00, 0x6a, 0x02, 0x12, 0x90, 0x04, 0x00, 
	0x00, 0x00, 0x01, 0x69, 0x01, 0x00, 0x00, 0x6b, 
	0x02, 0x10, 0x84, 0x06, 0x00, 0x00, 0x04, 0x01, 
	0xa2, 0x03, 0x00, 0x00, 0x6c, 0x02, 0x17, 0xa6, 
	0x01, 0x00, 0x00, 0x20, 0x01, 0x0f, 0x01, 0x00, 
	0x00, 0x6d, 0x02, 0x0f, 0x39, 0x00, 0x00, 0x00, 
	0x44, 0x01, 0x4d, 0x02, 0x00, 0x00, 0x6e, 0x02, 
	0x2c, 0x2b, 0x00, 0x00, 0x00, 0x48, 0x01, 0xb8, 
	0x03, 0x00, 0x00, 0x6f, 0x02, 0x1a, 0x3c, 0x05, 
	0x00, 0x00, 0x50, 0x01, 0x58, 0x02, 0x00, 0x00, 
	0x70, 0x02, 0x16, 0x09, 0x01, 0x00, 0x00, 0x60, 
	0x01, 0xbd, 0x03, 0x00, 0x00, 0x71, 0x02, 0x16, 
	0x09, 0x01, 0x00, 0x00, 0x68, 0x01, 0x6d, 0x00, 
	0x00, 0x00, 0x72, 0x02, 0x16, 0x09, 0x01, 0x00, 
	0x00, 0x70, 0x01, 0x02, 0x03, 0x00, 0x00, 0x73, 
	0x02, 0x10, 0x94, 0x06, 0x00, 0x00, 0x78, 0x01, 
	0x5d, 0x01, 0x00, 0x00, 0x74, 0x02, 0x10, 0xa4, 
	0x06, 0x00, 0x00, 0x80, 0x01, 0xdd, 0x02, 0x00, 
	0x00, 0x75, 0x02, 0x0f, 0x39, 0x00, 0x00, 0x00, 
	0x98, 0x01, 0xe2, 0x00, 0x00, 0x00, 0x76, 0x02, 
	0x16, 0x09, 0x01, 0x00, 0x00, 0x9c, 0x01, 0x5e, 
	0x00, 0x00, 0x00, 0x77, 0x02, 0x16, 0x09, 0x01, 
	0x00, 0x00, 0xa4, 0x01, 0xd1, 0x00, 0x00, 0x00, 
	0x78, 0x02, 0x16, 0x09, 0x01, 0x00, 0x00, 0xac, 
	0x01, 0x13, 0x00, 0x00, 0x00, 0x79, 0x02, 0x16, 
	0x09, 0x01, 0x00, 0x00, 0xb4, 0x01, 0x22, 0x00, 
	0x00, 0x00, 0x7a, 0x02, 0x16, 0x09, 0x01, 0x00, 
	0x00, 0xbc, 0x01, 0x06, 0x02, 0x00, 0x00, 0x7b, 
	0x02, 0x08, 0x39, 0x00, 0x00, 0x00, 0xc4, 0x01, 
	0xcc, 0x01, 0x00, 0x00, 0x87, 0x02, 0x09, 0xb4, 
	0x06, 0x00, 0x00, 0xc8, 0x00, 0x08, 0x95, 0x04, 
	0x00, 0x00, 0x94, 0x06, 0x00, 0x00, 0x09, 0x32, 
	0x00, 0x00, 0x00, 0x19, 0x00, 0x08, 0x95, 0x04, 
	0x00, 0x00, 0xa4, 0x06, 0x00, 0x00, 0x09, 0x32, 
	0x00, 0x00, 0x00, 0x07, 0x00, 0x08, 0x95, 0x04, 
	0x00, 0x00, 0xb4, 0x06, 0x00, 0x00, 0x09, 0x32, 
	0x00, 0x00, 0x00, 0x17, 0x00, 0x08, 0x95, 0x04, 
	0x00, 0x00, 0xc4, 0x06, 0x00, 0x00, 0x09, 0x32, 
	0x00, 0x00, 0x00, 0x1f, 0x00, 0x22, 0xe8, 0x04, 
	0x63, 0x02, 0x03, 0xdc, 0x06, 0x00, 0x00, 0x23, 
	0x14, 0x04, 0x00, 0x00, 0x04, 0x88, 0x02, 0x0b, 
	0x82, 0x05, 0x00, 0x00, 0x00, 0x08, 0x95, 0x04, 
	0x00, 0x00, 0xec, 0x06, 0x00, 0x00, 0x09, 0x32, 
	0x00, 0x00, 0x00, 0x18, 0x00, 0x24, 0x53, 0x00, 
	0x00, 0x00, 0x04, 0xec, 0x06, 0x00, 0x00, 0x14, 
	0x01, 0x07, 0x00, 0x00, 0x03, 0xa9, 0x03, 0x00, 
	0x00, 0x00, 0x04, 0xf6, 0x06, 0x00, 0x00, 0x04, 
	0x91, 0x01, 0x00, 0x00, 0x14, 0x16, 0x07, 0x00, 
	0x00, 0x03, 0x39, 0x00, 0x00, 0x00, 0x00, 0x04, 
	0x1b, 0x07, 0x00, 0x00, 0x04, 0x0b, 0x07, 0x00, 
	0x00, 0x07, 0x2c, 0x02, 0x00, 0x00, 0x06, 0x42, 
	0x10, 0x2a, 0x05, 0x00, 0x00, 0x07, 0xfa, 0x02, 
	0x00, 0x00, 0x06, 0x51, 0x12, 0xa9, 0x00, 0x00, 
	0x00, 0x04, 0x3d, 0x07, 0x00, 0x00, 0x25, 0x10, 
	0x8b, 0x01, 0x00, 0x00, 0x8c, 0x0c, 0x39, 0x00, 
	0x00, 0x00, 0x58, 0x07, 0x00, 0x00, 0x03, 0xa9, 
	0x03, 0x00, 0x00, 0x03, 0x39, 0x00, 0x00, 0x00, 
	0x00, 0x10, 0x03, 0x04, 0x00, 0x00, 0x9f, 0x11, 
	0xa9, 0x00, 0x00, 0x00, 0x7c, 0x07, 0x00, 0x00, 
	0x03, 0xa9, 0x03, 0x00, 0x00, 0x03, 0x39, 0x00, 
	0x00, 0x00, 0x03, 0x38, 0x07, 0x00, 0x00, 0x03, 
	0x40, 0x00, 0x00, 0x00, 0x00, 0x10, 0x7e, 0x08, 
	0x00, 0x00, 0x95, 0x0f, 0x91, 0x00, 0x00, 0x00, 
	0xa0, 0x07, 0x00, 0x00, 0x03, 0xa9, 0x03, 0x00, 
	0x00, 0x03, 0x39, 0x00, 0x00, 0x00, 0x03, 0x91, 
	0x00, 0x00, 0x00, 0x03, 0x39, 0x00, 0x00, 0x00, 
	0x00, 0x10, 0x76, 0x08, 0x00, 0x00, 0x98, 0x11, 
	0xa9, 0x00, 0x00, 0x00, 0xc4, 0x07, 0x00, 0x00, 
	0x03, 0xa9, 0x03, 0x00, 0x00, 0x03, 0x39, 0x00, 
	0x00, 0x00, 0x03, 0x15, 0x01, 0x00, 0x00, 0x03, 
	0x40, 0x00, 0x00, 0x00, 0x00, 0x11, 0xa5, 0x06, 
	0x00, 0x00, 0x7d, 0x39, 0x00, 0x00, 0x00, 0xe0, 
	0x13, 0x01, 0x00, 0x08, 0x00, 0x00, 0x00, 0x01, 
	0x9c, 0x2c, 0x08, 0x00, 0x00, 0x0b, 0x70, 0x74, 
	0x72, 0x00, 0x7d, 0x1a, 0xa9, 0x03, 0x00, 0x00, 
	0xcd, 0x10, 0x00, 0x00, 0xc9, 0x10, 0x00, 0x00, 
	0x0c, 0xa3, 0x00, 0x00, 0x00, 0x7e, 0x0e, 0x15, 
	0x01, 0x00, 0x00, 0xe9, 0x10, 0x00, 0x00, 0xe5, 
	0x10, 0x00, 0x00, 0x0d, 0x66, 0x70, 0x00, 0x80, 
	0x09, 0x2c, 0x08, 0x00, 0x00, 0x05, 0x11, 0x00, 
	0x00, 0x01, 0x11, 0x00, 0x00, 0x15, 0xe8, 0x13, 
	0x01, 0x00, 0x3e, 0x07, 0x00, 0x00, 0x05, 0x01, 
	0x5a, 0x09, 0xa3, 0x03, 0xa5, 0x0a, 0x2b, 0xa8, 
	0x32, 0xa8, 0x00, 0x00, 0x00, 0x04, 0x20, 0x07, 
	0x00, 0x00, 0x11, 0x63, 0x08, 0x00, 0x00, 0x69, 
	0x9d, 0x00, 0x00, 0x00, 0x88, 0x13, 0x01, 0x00, 
	0x58, 0x00, 0x00, 0x00, 0x01, 0x9c, 0xec, 0x08, 
	0x00, 0x00, 0x0b, 0x70, 0x74, 0x72, 0x00, 0x69, 
	0x19, 0xa9, 0x03, 0x00, 0x00, 0x21, 0x11, 0x00, 
	0x00, 0x1d, 0x11, 0x00, 0x00, 0x0c, 0xa3, 0x00, 
	0x00, 0x00, 0x6a, 0x0e, 0x15, 0x01, 0x00, 0x00, 
	0x41, 0x11, 0x00, 0x00, 0x39, 0x11, 0x00, 0x00, 
	0x0c, 0xca, 0x00, 0x00, 0x00, 0x6b, 0x10, 0x9d, 
	0x00, 0x00, 0x00, 0x6b, 0x11, 0x00, 0x00, 0x67, 
	0x11, 0x00, 0x00, 0x0c, 0x87, 0x08, 0x00, 0x00, 
	0x6c, 0x0c, 0x39, 0x00, 0x00, 0x00, 0x87, 0x11, 
	0x00, 0x00, 0x83, 0x11, 0x00, 0x00, 0x0d, 0x66, 
	0x70, 0x00, 0x6e, 0x12, 0x2c, 0x08, 0x00, 0x00, 
	0xa7, 0x11, 0x00, 0x00, 0x9f, 0x11, 0x00, 0x00, 
	0x0d, 0x72, 0x65, 0x74, 0x00, 0x6f, 0x13, 0x91, 
	0x00, 0x00, 0x00, 0xcf, 0x11, 0x00, 0x00, 0xcd, 
	0x11, 0x00, 0x00, 0x16, 0xa0, 0x13, 0x01, 0x00, 
	0x7c, 0x07, 0x00, 0x00, 0x05, 0x01, 0x5a, 0x09, 
	0xa3, 0x03, 0xa5, 0x0a, 0x2b, 0xa8, 0x32, 0xa8, 
	0x00, 0x05, 0x01, 0x5c, 0x09, 0xa3, 0x03, 0xa5, 
	0x0c, 0x2b, 0xa8, 0x32, 0xa8, 0x00, 0x05, 0x01, 
	0x5d, 0x09, 0xa3, 0x03, 0xa5, 0x0d, 0x2b, 0xa8, 
	0x32, 0xa8, 0x00, 0x00, 0x00, 0x11, 0x18, 0x07, 
	0x00, 0x00, 0x4a, 0xa9, 0x00, 0x00, 0x00, 0x04, 
	0x13, 0x01, 0x00, 0x84, 0x00, 0x00, 0x00, 0x01, 
	0x9c, 0xba, 0x09, 0x00, 0x00, 0x0b, 0x70, 0x74, 
	0x72, 0x00, 0x4a, 0x1a, 0xa9, 0x03, 0x00, 0x00, 
	0xdf, 0x11, 0x00, 0x00, 0xd7, 0x11, 0x00, 0x00, 
	0x0c, 0xa3, 0x00, 0x00, 0x00, 0x4b, 0x0e, 0x15, 
	0x01, 0x00, 0x00, 0x0a, 0x12, 0x00, 0x00, 0x04, 
	0x12, 0x00, 0x00, 0x0b, 0x62, 0x75, 0x66, 0x00, 
	0x4c, 0x14, 0xc4, 0x04, 0x00, 0x00, 0x30, 0x12, 
	0x00, 0x00, 0x28, 0x12, 0x00, 0x00, 0x0b, 0x6e, 
	0x00, 0x4d, 0x21, 0x39, 0x00, 0x00, 0x00, 0x5d, 
	0x12, 0x00, 0x00, 0x55, 0x12, 0x00, 0x00, 0x0d, 
	0x66, 0x70, 0x00, 0x4f, 0x12, 0x2c, 0x08, 0x00, 
	0x00, 0x88, 0x12, 0x00, 0x00, 0x82, 0x12, 0x00, 
	0x00, 0x26, 0x77, 0x00, 0x01, 0x50, 0x0b, 0x2c, 
	0x07, 0x00, 0x00, 0x27, 0x48, 0x13, 0x01, 0x00, 
	0x7c, 0x07, 0x00, 0x00, 0x88, 0x09, 0x00, 0x00, 
	0x05, 0x01, 0x5a, 0x02, 0x79, 0x00, 0x05, 0x01, 
	0x5c, 0x01, 0x30, 0x05, 0x01, 0x5d, 0x01, 0x32, 
	0x00, 0x15, 0x88, 0x13, 0x01, 0x00, 0x58, 0x07, 
	0x00, 0x00, 0x05, 0x01, 0x5a, 0x09, 0xa3, 0x03, 
	0xa5, 0x0a, 0x2b, 0xa8, 0x32, 0xa8, 0x00, 0x05, 
	0x01, 0x5c, 0x09, 0xa3, 0x03, 0xa5, 0x0c, 0x2b, 
	0xa8, 0x32, 0xa8, 0x00, 0x05, 0x01, 0x5d, 0x09, 
	0xa3, 0x03, 0xa5, 0x0d, 0x2b, 0xa8, 0x32, 0xa8, 
	0x00, 0x00, 0x00, 0x11, 0x6b, 0x08, 0x00, 0x00, 
	0x41, 0xa9, 0x00, 0x00, 0x00, 0xfc, 0x12, 0x01, 
	0x00, 0x08, 0x00, 0x00, 0x00, 0x01, 0x9c, 0x0e, 
	0x0a, 0x00, 0x00, 0x0c, 0xa7, 0x02, 0x00, 0x00, 
	0x41, 0x1c, 0xa9, 0x03, 0x00, 0x00, 0xaa, 0x12, 
	0x00, 0x00, 0xa6, 0x12, 0x00, 0x00, 0x28, 0xa3, 
	0x00, 0x00, 0x00, 0x01, 0x42, 0x0e, 0x15, 0x01, 
	0x00, 0x00, 0x01, 0x5b, 0x17, 0x62, 0x75, 0x66, 
	0x00, 0x43, 0x0e, 0x90, 0x04, 0x00, 0x00, 0x01, 
	0x5c, 0x17, 0x6c, 0x65, 0x6e, 0x00, 0x44, 0x21, 
	0x39, 0x00, 0x00, 0x00, 0x01, 0x5d, 0x00, 0x29, 
	0xfa, 0x06, 0x00, 0x00, 0x01, 0x21, 0x01, 0xa9, 
	0x00, 0x00, 0x00, 0xac, 0x12, 0x01, 0x00, 0x50, 
	0x00, 0x00, 0x00, 0x01, 0x9c, 0x0b, 0x70, 0x74, 
	0x72, 0x00, 0x21, 0x19, 0xa9, 0x03, 0x00, 0x00, 
	0xc2, 0x12, 0x00, 0x00, 0xbe, 0x12, 0x00, 0x00, 
	0x0c, 0xa3, 0x00, 0x00, 0x00, 0x22, 0x0e, 0x15, 
	0x01, 0x00, 0x00, 0xde, 0x12, 0x00, 0x00, 0xd6, 
	0x12, 0x00, 0x00, 0x0b, 0x62, 0x75, 0x66, 0x00, 
	0x23, 0x0e, 0x90, 0x04, 0x00, 0x00, 0x00, 0x13, 
	0x00, 0x00, 0xfc, 0x12, 0x00, 0x00, 0x0b, 0x6e, 
	0x00, 0x24, 0x21, 0x39, 0x00, 0x00, 0x00, 0x18, 
	0x13, 0x00, 0x00, 0x14, 0x13, 0x00, 0x00, 0x0d, 
	0x66, 0x70, 0x00, 0x26, 0x12, 0x2c, 0x08, 0x00, 
	0x00, 0x34, 0x13, 0x00, 0x00, 0x2c, 0x13, 0x00, 
	0x00, 0x0d, 0x72, 0x65, 0x74, 0x00, 0x27, 0x14, 
	0x2c, 0x07, 0x00, 0x00, 0x54, 0x13, 0x00, 0x00, 
	0x52, 0x13, 0x00, 0x00, 0x16, 0xc4, 0x12, 0x01, 
	0x00, 0xa0, 0x07, 0x00, 0x00, 0x05, 0x01, 0x5a, 
	0x09, 0xa3, 0x03, 0xa5, 0x0a, 0x2b, 0xa8, 0x32, 
	0xa8, 0x00, 0x05, 0x01, 0x5c, 0x09, 0xa3, 0x03, 
	0xa5, 0x0c, 0x2b, 0xa8, 0x32, 0xa8, 0x00, 0x05, 
	0x01, 0x5d, 0x09, 0xa3, 0x03, 0xa5, 0x0d, 0x2b, 
	0xa8, 0x32, 0xa8, 0x00, 0x00, 0x00, 0x00, 0xe6, 
	0x07, 0x00, 0x00, 0x05, 0x00, 0x01, 0x04, 0x57, 
	0x1f, 0x00, 0x00, 0x11, 0x0c, 0x03, 0x00, 0x00, 
	0x1d, 0x03, 0x47, 0x16, 0x03, 0x00, 0xf8, 0x07, 
	0x00, 0x00, 0xef, 0x00, 0x00, 0x00, 0xe8, 0x13, 
	0x01, 0x00, 0x50, 0x00, 0x00, 0x00, 0x3b, 0x26, 
	0x00, 0x00, 0x05, 0x08, 0x07, 0x33, 0x00, 0x00, 
	0x00, 0x05, 0x04, 0x07, 0x3d, 0x00, 0x00, 0x00, 
	0x12, 0x04, 0x05, 0x69, 0x6e, 0x74, 0x00, 0x05, 
	0x08, 0x05, 0x84, 0x00, 0x00, 0x00, 0x05, 0x10, 
	0x04, 0xad, 0x01, 0x00, 0x00, 0x05, 0x01, 0x06, 
	0xf5, 0x01, 0x00, 0x00, 0x05, 0x01, 0x08, 0xf3, 
	0x01, 0x00, 0x00, 0x05, 0x02, 0x05, 0x0f, 0x02, 
	0x00, 0x00, 0x05, 0x02, 0x07, 0x4a, 0x01, 0x00, 
	0x00, 0x05, 0x04, 0x05, 0x89, 0x00, 0x00, 0x00, 
	0x05, 0x04, 0x07, 0x38, 0x00, 0x00, 0x00, 0x0e, 
	0x84, 0x01, 0x00, 0x00, 0x02, 0x76, 0x01, 0x17, 
	0x32, 0x00, 0x00, 0x00, 0x09, 0x68, 0x0a, 0x00, 
	0x00, 0x03, 0x2e, 0x0e, 0x6a, 0x00, 0x00, 0x00, 
	0x09, 0xac, 0x02, 0x00, 0x00, 0x03, 0x74, 0x0e, 
	0x6a, 0x00, 0x00, 0x00, 0x09, 0xf9, 0x02, 0x00, 
	0x00, 0x03, 0x93, 0x17, 0x39, 0x00, 0x00, 0x00, 
	0x13, 0x04, 0x03, 0xa5, 0x03, 0xc9, 0x00, 0x00, 
	0x00, 0x0f, 0x7e, 0x01, 0x00, 0x00, 0xa7, 0x0c, 
	0x78, 0x00, 0x00, 0x00, 0x0f, 0x33, 0x01, 0x00, 
	0x00, 0xa8, 0x13, 0xc9, 0x00, 0x00, 0x00, 0x00, 
	0x06, 0x55, 0x00, 0x00, 0x00, 0xd9, 0x00, 0x00, 
	0x00, 0x07, 0x32, 0x00, 0x00, 0x00, 0x03, 0x00, 
	0x14, 0x08, 0x03, 0xa2, 0x09, 0xfd, 0x00, 0x00, 
	0x00, 0x02, 0x8a, 0x02, 0x00, 0x00, 0x03, 0xa4, 
	0x07, 0x39, 0x00, 0x00, 0x00, 0x00, 0x02, 0x92, 
	0x02, 0x00, 0x00, 0x03, 0xa9, 0x05, 0xa9, 0x00, 
	0x00, 0x00, 0x04, 0x00, 0x09, 0x31, 0x02, 0x00, 
	0x00, 0x03, 0xaa, 0x03, 0xd9, 0x00, 0x00, 0x00, 
	0x15, 0x04, 0x09, 0xd5, 0x02, 0x00, 0x00, 0x04, 
	0x17, 0x19, 0x71, 0x00, 0x00, 0x00, 0x09, 0xe1, 
	0x01, 0x00, 0x00, 0x05, 0x0c, 0x0d, 0x39, 0x00, 
	0x00, 0x00, 0x09, 0xf6, 0x00, 0x00, 0x00, 0x04, 
	0x24, 0x1b, 0x17, 0x01, 0x00, 0x00, 0x0a, 0x07, 
	0x01, 0x00, 0x00, 0x18, 0x35, 0x85, 0x01, 0x00, 
	0x00, 0x02, 0x52, 0x02, 0x00, 0x00, 0x04, 0x37, 
	0x13, 0x85, 0x01, 0x00, 0x00, 0x00, 0x08, 0x5f, 
	0x6b, 0x00, 0x38, 0x07, 0x39, 0x00, 0x00, 0x00, 
	0x04, 0x02, 0x7c, 0x02, 0x00, 0x00, 0x04, 0x38, 
	0x0b, 0x39, 0x00, 0x00, 0x00, 0x08, 0x02, 0xf0, 
	0x00, 0x00, 0x00, 0x04, 0x38, 0x14, 0x39, 0x00, 
	0x00, 0x00, 0x0c, 0x02, 0xea, 0x02, 0x00, 0x00, 
	0x04, 0x38, 0x1b, 0x39, 0x00, 0x00, 0x00, 0x10, 
	0x08, 0x5f, 0x78, 0x00, 0x39, 0x0b, 0x8a, 0x01, 
	0x00, 0x00, 0x14, 0x00, 0x04, 0x2f, 0x01, 0x00, 
	0x00, 0x06, 0x0b, 0x01, 0x00, 0x00, 0x9a, 0x01, 
	0x00, 0x00, 0x07, 0x32, 0x00, 0x00, 0x00, 0x00, 
	0x00, 0x0a, 0x2e, 0x01, 0x00, 0x00, 0x24, 0x3d, 
	0x1b, 0x02, 0x00, 0x00, 0x02, 0x7b, 0x00, 0x00, 
	0x00, 0x04, 0x3f, 0x09, 0x39, 0x00, 0x00, 0x00, 
	0x00, 0x02, 0xb4, 0x02, 0x00, 0x00, 0x04, 0x40, 
	0x09, 0x39, 0x00, 0x00, 0x00, 0x04, 0x02, 0x98, 
	0x00, 0x00, 0x00, 0x04, 0x41, 0x09, 0x39, 0x00, 
	0x00, 0x00, 0x08, 0x02, 0xd0, 0x03, 0x00, 0x00, 
	0x04, 0x42, 0x09, 0x39, 0x00, 0x00, 0x00, 0x0c, 
	0x02, 0xb9, 0x01, 0x00, 0x00, 0x04, 0x43, 0x09, 
	0x39, 0x00, 0x00, 0x00, 0x10, 0x02, 0xa3, 0x01, 
	0x00, 0x00, 0x04, 0x44, 0x09, 0x39, 0x00, 0x00, 
	0x00, 0x14, 0x02, 0xef, 0x02, 0x00, 0x00, 0x04, 
	0x45, 0x09, 0x39, 0x00, 0x00, 0x00, 0x18, 0x02, 
	0x19, 0x02, 0x00, 0x00, 0x04, 0x46, 0x09, 0x39, 
	0x00, 0x00, 0x00, 0x1c, 0x02, 0x97, 0x03, 0x00, 
	0x00, 0x04, 0x47, 0x09, 0x39, 0x00, 0x00, 0x00, 
	0x20, 0x00, 0x0a, 0x23, 0x02, 0x00, 0x00, 0x08, 
	0x74, 0x41, 0x02, 0x00, 0x00, 0x02, 0x80, 0x05, 
	0x00, 0x00, 0x04, 0x75, 0x11, 0x41, 0x02, 0x00, 
	0x00, 0x00, 0x02, 0xdf, 0x05, 0x00, 0x00, 0x04, 
	0x76, 0x06, 0x39, 0x00, 0x00, 0x00, 0x04, 0x00, 
	0x04, 0x55, 0x00, 0x00, 0x00, 0x0a, 0x3c, 0x02, 
	0x00, 0x00, 0x68, 0x99, 0x7f, 0x03, 0x00, 0x00, 
	0x08, 0x5f, 0x70, 0x00, 0x9a, 0x12, 0x41, 0x02, 
	0x00, 0x00, 0x00, 0x08, 0x5f, 0x72, 0x00, 0x9b, 
	0x07, 0x39, 0x00, 0x00, 0x00, 0x04, 0x08, 0x5f, 
	0x77, 0x00, 0x9c, 0x07, 0x39, 0x00, 0x00, 0x00, 
	0x08, 0x02, 0xaa, 0x00, 0x00, 0x00, 0x04, 0x9d, 
	0x09, 0x5c, 0x00, 0x00, 0x00, 0x0c, 0x02, 0xf6, 
	0x07, 0x00, 0x00, 0x04, 0x9e, 0x09, 0x5c, 0x00, 
	0x00, 0x00, 0x0e, 0x08, 0x5f, 0x62, 0x66, 0x00, 
	0x9f, 0x11, 0x1b, 0x02, 0x00, 0x00, 0x10, 0x02, 
	0x4a, 0x00, 0x00, 0x00, 0x04, 0xa0, 0x07, 0x39, 
	0x00, 0x00, 0x00, 0x18, 0x02, 0xa2, 0x00, 0x00, 
	0x00, 0x04, 0xa7, 0x0a, 0x09, 0x01, 0x00, 0x00, 
	0x1c, 0x02, 0x1e, 0x01, 0x00, 0x00, 0x04, 0xa9, 
	0x1d, 0x95, 0x04, 0x00, 0x00, 0x20, 0x02, 0x9c, 
	0x01, 0x00, 0x00, 0x04, 0xab, 0x1d, 0xbd, 0x04, 
	0x00, 0x00, 0x24, 0x02, 0x9a, 0x02, 0x00, 0x00, 
	0x04, 0xae, 0x0d, 0xe0, 0x04, 0x00, 0x00, 0x28, 
	0x02, 0xb1, 0x03, 0x00, 0x00, 0x04, 0xaf, 0x09, 
	0xf9, 0x04, 0x00, 0x00, 0x2c, 0x08, 0x5f, 0x75, 
	0x62, 0x00, 0xb2, 0x11, 0x1b, 0x02, 0x00, 0x00, 
	0x30, 0x08, 0x5f, 0x75, 0x70, 0x00, 0xb3, 0x12, 
	0x41, 0x02, 0x00, 0x00, 0x38, 0x08, 0x5f, 0x75, 
	0x72, 0x00, 0xb4, 0x07, 0x39, 0x00, 0x00, 0x00, 
	0x3c, 0x02, 0x92, 0x00, 0x00, 0x00, 0x04, 0xb7, 
	0x11, 0xfe, 0x04, 0x00, 0x00, 0x40, 0x02, 0x91, 
	0x03, 0x00, 0x00, 0x04, 0xb8, 0x11, 0x0e, 0x05, 
	0x00, 0x00, 0x43, 0x08, 0x5f, 0x6c, 0x62, 0x00, 
	0xbb, 0x11, 0x1b, 0x02, 0x00, 0x00, 0x44, 0x02, 
	0xb8, 0x00, 0x00, 0x00, 0x04, 0xbe, 0x07, 0x39, 
	0x00, 0x00, 0x00, 0x4c, 0x02, 0xc9, 0x00, 0x00, 
	0x00, 0x04, 0xbf, 0x0a, 0x85, 0x00, 0x00, 0x00, 
	0x50, 0x02, 0x3f, 0x04, 0x00, 0x00, 0x04, 0xc2, 
	0x12, 0x9d, 0x03, 0x00, 0x00, 0x54, 0x02, 0xb7, 
	0x04, 0x00, 0x00, 0x04, 0xc6, 0x0c, 0x23, 0x01, 
	0x00, 0x00, 0x58, 0x02, 0x44, 0x02, 0x00, 0x00, 
	0x04, 0xc8, 0x0e, 0xfd, 0x00, 0x00, 0x00, 0x5c, 
	0x02, 0x94, 0x01, 0x00, 0x00, 0x04, 0xc9, 0x09, 
	0x39, 0x00, 0x00, 0x00, 0x64, 0x00, 0x0b, 0x9d, 
	0x00, 0x00, 0x00, 0x9d, 0x03, 0x00, 0x00, 0x03, 
	0x9d, 0x03, 0x00, 0x00, 0x03, 0x09, 0x01, 0x00, 
	0x00, 0x03, 0x84, 0x04, 0x00, 0x00, 0x03, 0x39, 
	0x00, 0x00, 0x00, 0x00, 0x04, 0xa2, 0x03, 0x00, 
	0x00, 0x16, 0x14, 0x04, 0x00, 0x00, 0x40, 0x01, 
	0x04, 0x42, 0x02, 0x08, 0x84, 0x04, 0x00, 0x00, 
	0x01, 0x60, 0x0a, 0x00, 0x00, 0x44, 0x02, 0x07, 
	0x39, 0x00, 0x00, 0x00, 0x00, 0x01, 0xb1, 0x00, 
	0x00, 0x00, 0x49, 0x02, 0x0b, 0x2b, 0x05, 0x00, 
	0x00, 0x04, 0x01, 0x3a, 0x01, 0x00, 0x00, 0x49, 
	0x02, 0x14, 0x2b, 0x05, 0x00, 0x00, 0x08, 0x01, 
	0xff, 0x00, 0x00, 0x00, 0x49, 0x02, 0x1e, 0x2b, 
	0x05, 0x00, 0x00, 0x0c, 0x01, 0x65, 0x02, 0x00, 
	0x00, 0x4b, 0x02, 0x08, 0x39, 0x00, 0x00, 0x00, 
	0x10, 0x01, 0x08, 0x00, 0x00, 0x00, 0x4c, 0x02, 
	0x08, 0xd0, 0x06, 0x00, 0x00, 0x14, 0x01, 0x6a, 
	0x02, 0x00, 0x00, 0x51, 0x02, 0x16, 0xe5, 0x06, 
	0x00, 0x00, 0x30, 0x01, 0x72, 0x02, 0x00, 0x00, 
	0x57, 0x02, 0x0a, 0xf5, 0x06, 0x00, 0x00, 0x34, 
	0x01, 0x76, 0x01, 0x00, 0x00, 0x5a, 0x02, 0x13, 
	0x85, 0x01, 0x00, 0x00, 0x38, 0x01, 0x24, 0x01, 
	0x00, 0x00, 0x5b, 0x02, 0x07, 0x39, 0x00, 0x00, 
	0x00, 0x3c, 0x01, 0xcb, 0x03, 0x00, 0x00, 0x5c, 
	0x02, 0x13, 0x85, 0x01, 0x00, 0x00, 0x40, 0x01, 
	0xc2, 0x01, 0x00, 0x00, 0x5d, 0x02, 0x14, 0xfa, 
	0x06, 0x00, 0x00, 0x44, 0x01, 0x42, 0x01, 0x00, 
	0x00, 0x60, 0x02, 0x07, 0x39, 0x00, 0x00, 0x00, 
	0x48, 0x01, 0xc1, 0x00, 0x00, 0x00, 0x61, 0x02, 
	0x09, 0x84, 0x04, 0x00, 0x00, 0x4c, 0x01, 0x01, 
	0x02, 0x00, 0x00, 0x90, 0x02, 0x07, 0xb8, 0x06, 
	0x00, 0x00, 0x50, 0x17, 0x87, 0x03, 0x00, 0x00, 
	0x04, 0x98, 0x02, 0x0b, 0x0a, 0x07, 0x00, 0x00, 
	0x38, 0x01, 0x00, 0x04, 0x89, 0x04, 0x00, 0x00, 
	0x05, 0x01, 0x08, 0xfc, 0x01, 0x00, 0x00, 0x18, 
	0x89, 0x04, 0x00, 0x00, 0x04, 0x7f, 0x03, 0x00, 
	0x00, 0x0b, 0x9d, 0x00, 0x00, 0x00, 0xb8, 0x04, 
	0x00, 0x00, 0x03, 0x9d, 0x03, 0x00, 0x00, 0x03, 
	0x09, 0x01, 0x00, 0x00, 0x03, 0xb8, 0x04, 0x00, 
	0x00, 0x03, 0x39, 0x00, 0x00, 0x00, 0x00, 0x04, 
	0x90, 0x04, 0x00, 0x00, 0x04, 0x9a, 0x04, 0x00, 
	0x00, 0x0b, 0x91, 0x00, 0x00, 0x00, 0xe0, 0x04, 
	0x00, 0x00, 0x03, 0x9d, 0x03, 0x00, 0x00, 0x03, 
	0x09, 0x01, 0x00, 0x00, 0x03, 0x91, 0x00, 0x00, 
	0x00, 0x03, 0x39, 0x00, 0x00, 0x00, 0x00, 0x04, 
	0xc2, 0x04, 0x00, 0x00, 0x0b, 0x39, 0x00, 0x00, 
	0x00, 0xf9, 0x04, 0x00, 0x00, 0x03, 0x9d, 0x03, 
	0x00, 0x00, 0x03, 0x09, 0x01, 0x00, 0x00, 0x00, 
	0x04, 0xe5, 0x04, 0x00, 0x00, 0x06, 0x55, 0x00, 
	0x00, 0x00, 0x0e, 0x05, 0x00, 0x00, 0x07, 0x32, 
	0x00, 0x00, 0x00, 0x02, 0x00, 0x06, 0x55, 0x00, 
	0x00, 0x00, 0x1e, 0x05, 0x00, 0x00, 0x07, 0x32, 
	0x00, 0x00, 0x00, 0x00, 0x00, 0x0e, 0x2a, 0x02, 
	0x00, 0x00, 0x04, 0x0e, 0x01, 0x1a, 0x46, 0x02, 
	0x00, 0x00, 0x04, 0x1e, 0x05, 0x00, 0x00, 0x19, 
	0x00, 0x00, 0x00, 0x00, 0x0e, 0x04, 0x32, 0x01, 
	0x08, 0x66, 0x05, 0x00, 0x00, 0x01, 0x84, 0x02, 
	0x00, 0x00, 0x33, 0x01, 0x12, 0x66, 0x05, 0x00, 
	0x00, 0x00, 0x01, 0xbd, 0x02, 0x00, 0x00, 0x34, 
	0x01, 0x12, 0x66, 0x05, 0x00, 0x00, 0x06, 0x01, 
	0xd0, 0x02, 0x00, 0x00, 0x35, 0x01, 0x12, 0x63, 
	0x00, 0x00, 0x00, 0x0c, 0x00, 0x06, 0x63, 0x00, 
	0x00, 0x00, 0x76, 0x05, 0x00, 0x00, 0x07, 0x32, 
	0x00, 0x00, 0x00, 0x02, 0x00, 0x1a, 0xe8, 0x04, 
	0x65, 0x02, 0x07, 0x78, 0x06, 0x00, 0x00, 0x01, 
	0xc3, 0x02, 0x00, 0x00, 0x6a, 0x02, 0x12, 0x84, 
	0x04, 0x00, 0x00, 0x00, 0x01, 0x69, 0x01, 0x00, 
	0x00, 0x6b, 0x02, 0x10, 0x78, 0x06, 0x00, 0x00, 
	0x04, 0x01, 0xa2, 0x03, 0x00, 0x00, 0x6c, 0x02, 
	0x17, 0x9a, 0x01, 0x00, 0x00, 0x20, 0x01, 0x0f, 
	0x01, 0x00, 0x00, 0x6d, 0x02, 0x0f, 0x39, 0x00, 
	0x00, 0x00, 0x44, 0x01, 0x4d, 0x02, 0x00, 0x00, 
	0x6e, 0x02, 0x2c, 0x2b, 0x00, 0x00, 0x00, 0x48, 
	0x01, 0xb8, 0x03, 0x00, 0x00, 0x6f, 0x02, 0x1a, 
	0x30, 0x05, 0x00, 0x00, 0x50, 0x01, 0x58, 0x02, 
	0x00, 0x00, 0x70, 0x02, 0x16, 0xfd, 0x00, 0x00, 
	0x00, 0x60, 0x01, 0xbd, 0x03, 0x00, 0x00, 0x71, 
	0x02, 0x16, 0xfd, 0x00, 0x00, 0x00, 0x68, 0x01, 
	0x6d, 0x00, 0x00, 0x00, 0x72, 0x02, 0x16, 0xfd, 
	0x00, 0x00, 0x00, 0x70, 0x01, 0x02, 0x03, 0x00, 
	0x00, 0x73, 0x02, 0x10, 0x88, 0x06, 0x00, 0x00, 
	0x78, 0x01, 0x5d, 0x01, 0x00, 0x00, 0x74, 0x02, 
	0x10, 0x98, 0x06, 0x00, 0x00, 0x80, 0x01, 0xdd, 
	0x02, 0x00, 0x00, 0x75, 0x02, 0x0f, 0x39, 0x00, 
	0x00, 0x00, 0x98, 0x01, 0xe2, 0x00, 0x00, 0x00, 
	0x76, 0x02, 0x16, 0xfd, 0x00, 0x00, 0x00, 0x9c, 
	0x01, 0x5e, 0x00, 0x00, 0x00, 0x77, 0x02, 0x16, 
	0xfd, 0x00, 0x00, 0x00, 0xa4, 0x01, 0xd1, 0x00, 
	0x00, 0x00, 0x78, 0x02, 0x16, 0xfd, 0x00, 0x00, 
	0x00, 0xac, 0x01, 0x13, 0x00, 0x00, 0x00, 0x79, 
	0x02, 0x16, 0xfd, 0x00, 0x00, 0x00, 0xb4, 0x01, 
	0x22, 0x00, 0x00, 0x00, 0x7a, 0x02, 0x16, 0xfd, 
	0x00, 0x00, 0x00, 0xbc, 0x01, 0x06, 0x02, 0x00, 
	0x00, 0x7b, 0x02, 0x08, 0x39, 0x00, 0x00, 0x00, 
	0xc4, 0x01, 0xcc, 0x01, 0x00, 0x00, 0x87, 0x02, 
	0x09, 0xa8, 0x06, 0x00, 0x00, 0xc8, 0x00, 0x06, 
	0x89, 0x04, 0x00, 0x00, 0x88, 0x06, 0x00, 0x00, 
	0x07, 0x32, 0x00, 0x00, 0x00, 0x19, 0x00, 0x06, 
	0x89, 0x04, 0x00, 0x00, 0x98, 0x06, 0x00, 0x00, 
	0x07, 0x32, 0x00, 0x00, 0x00, 0x07, 0x00, 0x06, 
	0x89, 0x04, 0x00, 0x00, 0xa8, 0x06, 0x00, 0x00, 
	0x07, 0x32, 0x00, 0x00, 0x00, 0x17, 0x00, 0x06, 
	0x89, 0x04, 0x00, 0x00, 0xb8, 0x06, 0x00, 0x00, 
	0x07, 0x32, 0x00, 0x00, 0x00, 0x1f, 0x00, 0x1b, 
	0xe8, 0x04, 0x63, 0x02, 0x03, 0xd0, 0x06, 0x00, 
	0x00, 0x1c, 0x14, 0x04, 0x00, 0x00, 0x04, 0x88, 
	0x02, 0x0b, 0x76, 0x05, 0x00, 0x00, 0x00, 0x06, 
	0x89, 0x04, 0x00, 0x00, 0xe0, 0x06, 0x00, 0x00, 
	0x07, 0x32, 0x00, 0x00, 0x00, 0x18, 0x00, 0x1d, 
	0x53, 0x00, 0x00, 0x00, 0x04, 0xe0, 0x06, 0x00, 
	0x00, 0x10, 0xf5, 0x06, 0x00, 0x00, 0x03, 0x9d, 
	0x03, 0x00, 0x00, 0x00, 0x04, 0xea, 0x06, 0x00, 
	0x00, 0x04, 0x85, 0x01, 0x00, 0x00, 0x10, 0x0a, 
	0x07, 0x00, 0x00, 0x03, 0x39, 0x00, 0x00, 0x00, 
	0x00, 0x04, 0x0f, 0x07, 0x00, 0x00, 0x04, 0xff, 
	0x06, 0x00, 0x00, 0x1e, 0x61, 0x0a, 0x00, 0x00, 
	0x01, 0x14, 0x0c, 0x39, 0x00, 0x00, 0x00, 0x1f, 
	0x8e, 0x08, 0x00, 0x00, 0x06, 0x0e, 0x01, 0x0a, 
	0x85, 0x00, 0x00, 0x00, 0x41, 0x07, 0x00, 0x00, 
	0x03, 0x39, 0x00, 0x00, 0x00, 0x03, 0x85, 0x00, 
	0x00, 0x00, 0x03, 0x39, 0x00, 0x00, 0x00, 0x00, 
	0x20, 0x7e, 0x08, 0x00, 0x00, 0x07, 0x95, 0x0f, 
	0x85, 0x00, 0x00, 0x00, 0xe8, 0x13, 0x01, 0x00, 
	0x50, 0x00, 0x00, 0x00, 0x01, 0x9c, 0x0c, 0x70, 
	0x74, 0x72, 0x00, 0x29, 0x1a, 0x9d, 0x03, 0x00, 
	0x00, 0x6c, 0x13, 0x00, 0x00, 0x66, 0x13, 0x00, 
	0x00, 0x0c, 0x66, 0x64, 0x00, 0x2a, 0x0a, 0x39, 
	0x00, 0x00, 0x00, 0x8b, 0x13, 0x00, 0x00, 0x85, 
	0x13, 0x00, 0x00, 0x0c, 0x70, 0x6f, 0x73, 0x00, 
	0x2b, 0x0d, 0x85, 0x00, 0x00, 0x00, 0xaa, 0x13, 
	0x00, 0x00, 0xa4, 0x13, 0x00, 0x00, 0x21, 0x87, 
	0x08, 0x00, 0x00, 0x01, 0x2c, 0x0a, 0x39, 0x00, 
	0x00, 0x00, 0xc7, 0x13, 0x00, 0x00, 0xc3, 0x13, 
	0x00, 0x00, 0x22, 0x72, 0x65, 0x74, 0x00, 0x01, 
	0x2e, 0x0a, 0x85, 0x00, 0x00, 0x00, 0xdd, 0x13, 
	0x00, 0x00, 0xdb, 0x13, 0x00, 0x00, 0x23, 0x10, 
	0x14, 0x01, 0x00, 0x20, 0x07, 0x00, 0x00, 0x0d, 
	0x01, 0x5a, 0x09, 0xa3, 0x03, 0xa5, 0x0b, 0x2b, 
	0xa8, 0x32, 0xa8, 0x00, 0x0d, 0x01, 0x5b, 0x09, 
	0xa3, 0x03, 0xa5, 0x0c, 0x2b, 0xa8, 0x32, 0xa8, 
	0x00, 0x0d, 0x01, 0x5c, 0x09, 0xa3, 0x03, 0xa5, 
	0x0d, 0x2b, 0xa8, 0x32, 0xa8, 0x00, 0x00, 0x00, 
	0x00, 0xf1, 0x07, 0x00, 0x00, 0x05, 0x00, 0x01, 
	0x04, 0x5d, 0x21, 0x00, 0x00, 0x11, 0x0c, 0x03, 
	0x00, 0x00, 0x1d, 0x03, 0x47, 0x16, 0x03, 0x00, 
	0x50, 0x08, 0x00, 0x00, 0xef, 0x00, 0x00, 0x00, 
	0x38, 0x14, 0x01, 0x00, 0x50, 0x00, 0x00, 0x00, 
	0x38, 0x27, 0x00, 0x00, 0x05, 0x08, 0x07, 0x33, 
	0x00, 0x00, 0x00, 0x05, 0x04, 0x07, 0x3d, 0x00, 
	0x00, 0x00, 0x12, 0x04, 0x05, 0x69, 0x6e, 0x74, 
	0x00, 0x09, 0xfb, 0x02, 0x00, 0x00, 0x02, 0xe5, 
	0x17, 0x32, 0x00, 0x00, 0x00, 0x05, 0x08, 0x05, 
	0x84, 0x00, 0x00, 0x00, 0x05, 0x10, 0x04, 0xad, 
	0x01, 0x00, 0x00, 0x05, 0x01, 0x06, 0xf5, 0x01, 
	0x00, 0x00, 0x05, 0x01, 0x08, 0xf3, 0x01, 0x00, 
	0x00, 0x05, 0x02, 0x05, 0x0f, 0x02, 0x00, 0x00, 
	0x05, 0x02, 0x07, 0x4a, 0x01, 0x00, 0x00, 0x05, 
	0x04, 0x05, 0x89, 0x00, 0x00, 0x00, 0x05, 0x04, 
	0x07, 0x38, 0x00, 0x00, 0x00, 0x0e, 0x84, 0x01, 
	0x00, 0x00, 0x02, 0x76, 0x01, 0x17, 0x32, 0x00, 
	0x00, 0x00, 0x09, 0x68, 0x0a, 0x00, 0x00, 0x03, 
	0x2e, 0x0e, 0x76, 0x00, 0x00, 0x00, 0x09, 0xac, 
	0x02, 0x00, 0x00, 0x03, 0x74, 0x0e, 0x76, 0x00, 
	0x00, 0x00, 0x09, 0xf9, 0x02, 0x00, 0x00, 0x03, 
	0x93, 0x17, 0x39, 0x00, 0x00, 0x00, 0x13, 0x04, 
	0x03, 0xa5, 0x03, 0xd5, 0x00, 0x00, 0x00, 0x0f, 
	0x7e, 0x01, 0x00, 0x00, 0xa7, 0x0c, 0x84, 0x00, 
	0x00, 0x00, 0x0f, 0x33, 0x01, 0x00, 0x00, 0xa8, 
	0x13, 0xd5, 0x00, 0x00, 0x00, 0x00, 0x06, 0x61, 
	0x00, 0x00, 0x00, 0xe5, 0x00, 0x00, 0x00, 0x07, 
	0x32, 0x00, 0x00, 0x00, 0x03, 0x00, 0x14, 0x08, 
	0x03, 0xa2, 0x09, 0x09, 0x01, 0x00, 0x00, 0x02, 
	0x8a, 0x02, 0x00, 0x00, 0x03, 0xa4, 0x07, 0x39, 
	0x00, 0x00, 0x00, 0x00, 0x02, 0x92, 0x02, 0x00, 
	0x00, 0x03, 0xa9, 0x05, 0xb5, 0x00, 0x00, 0x00, 
	0x04, 0x00, 0x09, 0x31, 0x02, 0x00, 0x00, 0x03, 
	0xaa, 0x03, 0xe5, 0x00, 0x00, 0x00, 0x15, 0x04, 
	0x09, 0xd5, 0x02, 0x00, 0x00, 0x04, 0x17, 0x19, 
	0x7d, 0x00, 0x00, 0x00, 0x09, 0xe1, 0x01, 0x00, 
	0x00, 0x05, 0x0c, 0x0d, 0x39, 0x00, 0x00, 0x00, 
	0x09, 0xf6, 0x00, 0x00, 0x00, 0x04, 0x24, 0x1b, 
	0x23, 0x01, 0x00, 0x00, 0x0a, 0x07, 0x01, 0x00, 
	0x00, 0x18, 0x35, 0x91, 0x01, 0x00, 0x00, 0x02, 
	0x52, 0x02, 0x00, 0x00, 0x04, 0x37, 0x13, 0x91, 
	0x01, 0x00, 0x00, 0x00, 0x08, 0x5f, 0x6b, 0x00, 
	0x38, 0x07, 0x39, 0x00, 0x00, 0x00, 0x04, 0x02, 
	0x7c, 0x02, 0x00, 0x00, 0x04, 0x38, 0x0b, 0x39, 
	0x00, 0x00, 0x00, 0x08, 0x02, 0xf0, 0x00, 0x00, 
	0x00, 0x04, 0x38, 0x14, 0x39, 0x00, 0x00, 0x00, 
	0x0c, 0x02, 0xea, 0x02, 0x00, 0x00, 0x04, 0x38, 
	0x1b, 0x39, 0x00, 0x00, 0x00, 0x10, 0x08, 0x5f, 
	0x78, 0x00, 0x39, 0x0b, 0x96, 0x01, 0x00, 0x00, 
	0x14, 0x00, 0x04, 0x3b, 0x01, 0x00, 0x00, 0x06, 
	0x17, 0x01, 0x00, 0x00, 0xa6, 0x01, 0x00, 0x00, 
	0x07, 0x32, 0x00, 0x00, 0x00, 0x00, 0x00, 0x0a, 
	0x2e, 0x01, 0x00, 0x00, 0x24, 0x3d, 0x27, 0x02, 
	0x00, 0x00, 0x02, 0x7b, 0x00, 0x00, 0x00, 0x04, 
	0x3f, 0x09, 0x39, 0x00, 0x00, 0x00, 0x00, 0x02, 
	0xb4, 0x02, 0x00, 0x00, 0x04, 0x40, 0x09, 0x39, 
	0x00, 0x00, 0x00, 0x04, 0x02, 0x98, 0x00, 0x00, 
	0x00, 0x04, 0x41, 0x09, 0x39, 0x00, 0x00, 0x00, 
	0x08, 0x02, 0xd0, 0x03, 0x00, 0x00, 0x04, 0x42, 
	0x09, 0x39, 0x00, 0x00, 0x00, 0x0c, 0x02, 0xb9, 
	0x01, 0x00, 0x00, 0x04, 0x43, 0x09, 0x39, 0x00, 
	0x00, 0x00, 0x10, 0x02, 0xa3, 0x01, 0x00, 0x00, 
	0x04, 0x44, 0x09, 0x39, 0x00, 0x00, 0x00, 0x14, 
	0x02, 0xef, 0x02, 0x00, 0x00, 0x04, 0x45, 0x09, 
	0x39, 0x00, 0x00, 0x00, 0x18, 0x02, 0x19, 0x02, 
	0x00, 0x00, 0x04, 0x46, 0x09, 0x39, 0x00, 0x00, 
	0x00, 0x1c, 0x02, 0x97, 0x03, 0x00, 0x00, 0x04, 
	0x47, 0x09, 0x39, 0x00, 0x00, 0x00, 0x20, 0x00, 
	0x0a, 0x23, 0x02, 0x00, 0x00, 0x08, 0x74, 0x4d, 
	0x02, 0x00, 0x00, 0x02, 0x80, 0x05, 0x00, 0x00, 
	0x04, 0x75, 0x11, 0x4d, 0x02, 0x00, 0x00, 0x00, 
	0x02, 0xdf, 0x05, 0x00, 0x00, 0x04, 0x76, 0x06, 
	0x39, 0x00, 0x00, 0x00, 0x04, 0x00, 0x04, 0x61, 
	0x00, 0x00, 0x00, 0x0a, 0x3c, 0x02, 0x00, 0x00, 
	0x68, 0x99, 0x8b, 0x03, 0x00, 0x00, 0x08, 0x5f, 
	0x70, 0x00, 0x9a, 0x12, 0x4d, 0x02, 0x00, 0x00, 
	0x00, 0x08, 0x5f, 0x72, 0x00, 0x9b, 0x07, 0x39, 
	0x00, 0x00, 0x00, 0x04, 0x08, 0x5f, 0x77, 0x00, 
	0x9c, 0x07, 0x39, 0x00, 0x00, 0x00, 0x08, 0x02, 
	0xaa, 0x00, 0x00, 0x00, 0x04, 0x9d, 0x09, 0x68, 
	0x00, 0x00, 0x00, 0x0c, 0x02, 0xf6, 0x07, 0x00, 
	0x00, 0x04, 0x9e, 0x09, 0x68, 0x00, 0x00, 0x00, 
	0x0e, 0x08, 0x5f, 0x62, 0x66, 0x00, 0x9f, 0x11, 
	0x27, 0x02, 0x00, 0x00, 0x10, 0x02, 0x4a, 0x00, 
	0x00, 0x00, 0x04, 0xa0, 0x07, 0x39, 0x00, 0x00, 
	0x00, 0x18, 0x02, 0xa2, 0x00, 0x00, 0x00, 0x04, 
	0xa7, 0x0a, 0x15, 0x01, 0x00, 0x00, 0x1c, 0x02, 
	0x1e, 0x01, 0x00, 0x00, 0x04, 0xa9, 0x1d, 0xa1, 
	0x04, 0x00, 0x00, 0x20, 0x02, 0x9c, 0x01, 0x00, 
	0x00, 0x04, 0xab, 0x1d, 0xc9, 0x04, 0x00, 0x00, 
	0x24, 0x02, 0x9a, 0x02, 0x00, 0x00, 0x04, 0xae, 
	0x0d, 0xec, 0x04, 0x00, 0x00, 0x28, 0x02, 0xb1, 
	0x03, 0x00, 0x00, 0x04, 0xaf, 0x09, 0x05, 0x05, 
	0x00, 0x00, 0x2c, 0x08, 0x5f, 0x75, 0x62, 0x00, 
	0xb2, 0x11, 0x27, 0x02, 0x00, 0x00, 0x30, 0x08, 
	0x5f, 0x75, 0x70, 0x00, 0xb3, 0x12, 0x4d, 0x02, 
	0x00, 0x00, 0x38, 0x08, 0x5f, 0x75, 0x72, 0x00, 
	0xb4, 0x07, 0x39, 0x00, 0x00, 0x00, 0x3c, 0x02, 
	0x92, 0x00, 0x00, 0x00, 0x04, 0xb7, 0x11, 0x0a, 
	0x05, 0x00, 0x00, 0x40, 0x02, 0x91, 0x03, 0x00, 
	0x00, 0x04, 0xb8, 0x11, 0x1a, 0x05, 0x00, 0x00, 
	0x43, 0x08, 0x5f, 0x6c, 0x62, 0x00, 0xbb, 0x11, 
	0x27, 0x02, 0x00, 0x00, 0x44, 0x02, 0xb8, 0x00, 
	0x00, 0x00, 0x04, 0xbe, 0x07, 0x39, 0x00, 0x00, 
	0x00, 0x4c, 0x02, 0xc9, 0x00, 0x00, 0x00, 0x04, 
	0xbf, 0x0a, 0x91, 0x00, 0x00, 0x00, 0x50, 0x02, 
	0x3f, 0x04, 0x00, 0x00, 0x04, 0xc2, 0x12, 0xa9, 
	0x03, 0x00, 0x00, 0x54, 0x02, 0xb7, 0x04, 0x00, 
	0x00, 0x04, 0xc6, 0x0c, 0x2f, 0x01, 0x00, 0x00, 
	0x58, 0x02, 0x44, 0x02, 0x00, 0x00, 0x04, 0xc8, 
	0x0e, 0x09, 0x01, 0x00, 0x00, 0x5c, 0x02, 0x94, 
	0x01, 0x00, 0x00, 0x04, 0xc9, 0x09, 0x39, 0x00, 
	0x00, 0x00, 0x64, 0x00, 0x0b, 0xa9, 0x00, 0x00, 
	0x00, 0xa9, 0x03, 0x00, 0x00, 0x03, 0xa9, 0x03, 
	0x00, 0x00, 0x03, 0x15, 0x01, 0x00, 0x00, 0x03, 
	0x90, 0x04, 0x00, 0x00, 0x03, 0x39, 0x00, 0x00, 
	0x00, 0x00, 0x04, 0xae, 0x03, 0x00, 0x00, 0x16, 
	0x14, 0x04, 0x00, 0x00, 0x40, 0x01, 0x04, 0x42, 
	0x02, 0x08, 0x90, 0x04, 0x00, 0x00, 0x01, 0x60, 
	0x0a, 0x00, 0x00, 0x44, 0x02, 0x07, 0x39, 0x00, 
	0x00, 0x00, 0x00, 0x01, 0xb1, 0x00, 0x00, 0x00, 
	0x49, 0x02, 0x0b, 0x37, 0x05, 0x00, 0x00, 0x04, 
	0x01, 0x3a, 0x01, 0x00, 0x00, 0x49, 0x02, 0x14, 
	0x37, 0x05, 0x00, 0x00, 0x08, 0x01, 0xff, 0x00, 
	0x00, 0x00, 0x49, 0x02, 0x1e, 0x37, 0x05, 0x00, 
	0x00, 0x0c, 0x01, 0x65, 0x02, 0x00, 0x00, 0x4b, 
	0x02, 0x08, 0x39, 0x00, 0x00, 0x00, 0x10, 0x01, 
	0x08, 0x00, 0x00, 0x00, 0x4c, 0x02, 0x08, 0xdc, 
	0x06, 0x00, 0x00, 0x14, 0x01, 0x6a, 0x02, 0x00, 
	0x00, 0x51, 0x02, 0x16, 0xf1, 0x06, 0x00, 0x00, 
	0x30, 0x01, 0x72, 0x02, 0x00, 0x00, 0x57, 0x02, 
	0x0a, 0x01, 0x07, 0x00, 0x00, 0x34, 0x01, 0x76, 
	0x01, 0x00, 0x00, 0x5a, 0x02, 0x13, 0x91, 0x01, 
	0x00, 0x00, 0x38, 0x01, 0x24, 0x01, 0x00, 0x00, 
	0x5b, 0x02, 0x07, 0x39, 0x00, 0x00, 0x00, 0x3c, 
	0x01, 0xcb, 0x03, 0x00, 0x00, 0x5c, 0x02, 0x13, 
	0x91, 0x01, 0x00, 0x00, 0x40, 0x01, 0xc2, 0x01, 
	0x00, 0x00, 0x5d, 0x02, 0x14, 0x06, 0x07, 0x00, 
	0x00, 0x44, 0x01, 0x42, 0x01, 0x00, 0x00, 0x60, 
	0x02, 0x07, 0x39, 0x00, 0x00, 0x00, 0x48, 0x01, 
	0xc1, 0x00, 0x00, 0x00, 0x61, 0x02, 0x09, 0x90, 
	0x04, 0x00, 0x00, 0x4c, 0x01, 0x01, 0x02, 0x00, 
	0x00, 0x90, 0x02, 0x07, 0xc4, 0x06, 0x00, 0x00, 
	0x50, 0x17, 0x87, 0x03, 0x00, 0x00, 0x04, 0x98, 
	0x02, 0x0b, 0x16, 0x07, 0x00, 0x00, 0x38, 0x01, 
	0x00, 0x04, 0x95, 0x04, 0x00, 0x00, 0x05, 0x01, 
	0x08, 0xfc, 0x01, 0x00, 0x00, 0x18, 0x95, 0x04, 
	0x00, 0x00, 0x04, 0x8b, 0x03, 0x00, 0x00, 0x0b, 
	0xa9, 0x00, 0x00, 0x00, 0xc4, 0x04, 0x00, 0x00, 
	0x03, 0xa9, 0x03, 0x00, 0x00, 0x03, 0x15, 0x01, 
	0x00, 0x00, 0x03, 0xc4, 0x04, 0x00, 0x00, 0x03, 
	0x39, 0x00, 0x00, 0x00, 0x00, 0x04, 0x9c, 0x04, 
	0x00, 0x00, 0x04, 0xa6, 0x04, 0x00, 0x00, 0x0b, 
	0x9d, 0x00, 0x00, 0x00, 0xec, 0x04, 0x00, 0x00, 
	0x03, 0xa9, 0x03, 0x00, 0x00, 0x03, 0x15, 0x01, 
	0x00, 0x00, 0x03, 0x9d, 0x00, 0x00, 0x00, 0x03, 
	0x39, 0x00, 0x00, 0x00, 0x00, 0x04, 0xce, 0x04, 
	0x00, 0x00, 0x0b, 0x39, 0x00, 0x00, 0x00, 0x05, 
	0x05, 0x00, 0x00, 0x03, 0xa9, 0x03, 0x00, 0x00, 
	0x03, 0x15, 0x01, 0x00, 0x00, 0x00, 0x04, 0xf1, 
	0x04, 0x00, 0x00, 0x06, 0x61, 0x00, 0x00, 0x00, 
	0x1a, 0x05, 0x00, 0x00, 0x07, 0x32, 0x00, 0x00, 
	0x00, 0x02, 0x00, 0x06, 0x61, 0x00, 0x00, 0x00, 
	0x2a, 0x05, 0x00, 0x00, 0x07, 0x32, 0x00, 0x00, 
	0x00, 0x00, 0x00, 0x0e, 0x2a, 0x02, 0x00, 0x00, 
	0x04, 0x0e, 0x01, 0x1a, 0x52, 0x02, 0x00, 0x00, 
	0x04, 0x2a, 0x05, 0x00, 0x00, 0x19, 0x00, 0x00, 
	0x00, 0x00, 0x0e, 0x04, 0x32, 0x01, 0x08, 0x72, 
	0x05, 0x00, 0x00, 0x01, 0x84, 0x02, 0x00, 0x00, 
	0x33, 0x01, 0x12, 0x72, 0x05, 0x00, 0x00, 0x00, 
	0x01, 0xbd, 0x02, 0x00, 0x00, 0x34, 0x01, 0x12, 
	0x72, 0x05, 0x00, 0x00, 0x06, 0x01, 0xd0, 0x02, 
	0x00, 0x00, 0x35, 0x01, 0x12, 0x6f, 0x00, 0x00, 
	0x00, 0x0c, 0x00, 0x06, 0x6f, 0x00, 0x00, 0x00, 
	0x82, 0x05, 0x00, 0x00, 0x07, 0x32, 0x00, 0x00, 
	0x00, 0x02, 0x00, 0x1a, 0xe8, 0x04, 0x65, 0x02, 
	0x07, 0x84, 0x06, 0x00, 0x00, 0x01, 0xc3, 0x02, 
	0x00, 0x00, 0x6a, 0x02, 0x12, 0x90, 0x04, 0x00, 
	0x00, 0x00, 0x01, 0x69, 0x01, 0x00, 0x00, 0x6b, 
	0x02, 0x10, 0x84, 0x06, 0x00, 0x00, 0x04, 0x01, 
	0xa2, 0x03, 0x00, 0x00, 0x6c, 0x02, 0x17, 0xa6, 
	0x01, 0x00, 0x00, 0x20, 0x01, 0x0f, 0x01, 0x00, 
	0x00, 0x6d, 0x02, 0x0f, 0x39, 0x00, 0x00, 0x00, 
	0x44, 0x01, 0x4d, 0x02, 0x00, 0x00, 0x6e, 0x02, 
	0x2c, 0x2b, 0x00, 0x00, 0x00, 0x48, 0x01, 0xb8, 
	0x03, 0x00, 0x00, 0x6f, 0x02, 0x1a, 0x3c, 0x05, 
	0x00, 0x00, 0x50, 0x01, 0x58, 0x02, 0x00, 0x00, 
	0x70, 0x02, 0x16, 0x09, 0x01, 0x00, 0x00, 0x60, 
	0x01, 0xbd, 0x03, 0x00, 0x00, 0x71, 0x02, 0x16, 
	0x09, 0x01, 0x00, 0x00, 0x68, 0x01, 0x6d, 0x00, 
	0x00, 0x00, 0x72, 0x02, 0x16, 0x09, 0x01, 0x00, 
	0x00, 0x70, 0x01, 0x02, 0x03, 0x00, 0x00, 0x73, 
	0x02, 0x10, 0x94, 0x06, 0x00, 0x00, 0x78, 0x01, 
	0x5d, 0x01, 0x00, 0x00, 0x74, 0x02, 0x10, 0xa4, 
	0x06, 0x00, 0x00, 0x80, 0x01, 0xdd, 0x02, 0x00, 
	0x00, 0x75, 0x02, 0x0f, 0x39, 0x00, 0x00, 0x00, 
	0x98, 0x01, 0xe2, 0x00, 0x00, 0x00, 0x76, 0x02, 
	0x16, 0x09, 0x01, 0x00, 0x00, 0x9c, 0x01, 0x5e, 
	0x00, 0x00, 0x00, 0x77, 0x02, 0x16, 0x09, 0x01, 
	0x00, 0x00, 0xa4, 0x01, 0xd1, 0x00, 0x00, 0x00, 
	0x78, 0x02, 0x16, 0x09, 0x01, 0x00, 0x00, 0xac, 
	0x01, 0x13, 0x00, 0x00, 0x00, 0x79, 0x02, 0x16, 
	0x09, 0x01, 0x00, 0x00, 0xb4, 0x01, 0x22, 0x00, 
	0x00, 0x00, 0x7a, 0x02, 0x16, 0x09, 0x01, 0x00, 
	0x00, 0xbc, 0x01, 0x06, 0x02, 0x00, 0x00, 0x7b, 
	0x02, 0x08, 0x39, 0x00, 0x00, 0x00, 0xc4, 0x01, 
	0xcc, 0x01, 0x00, 0x00, 0x87, 0x02, 0x09, 0xb4, 
	0x06, 0x00, 0x00, 0xc8, 0x00, 0x06, 0x95, 0x04, 
	0x00, 0x00, 0x94, 0x06, 0x00, 0x00, 0x07, 0x32, 
	0x00, 0x00, 0x00, 0x19, 0x00, 0x06, 0x95, 0x04, 
	0x00, 0x00, 0xa4, 0x06, 0x00, 0x00, 0x07, 0x32, 
	0x00, 0x00, 0x00, 0x07, 0x00, 0x06, 0x95, 0x04, 
	0x00, 0x00, 0xb4, 0x06, 0x00, 0x00, 0x07, 0x32, 
	0x00, 0x00, 0x00, 0x17, 0x00, 0x06, 0x95, 0x04, 
	0x00, 0x00, 0xc4, 0x06, 0x00, 0x00, 0x07, 0x32, 
	0x00, 0x00, 0x00, 0x1f, 0x00, 0x1b, 0xe8, 0x04, 
	0x63, 0x02, 0x03, 0xdc, 0x06, 0x00, 0x00, 0x1c, 
	0x14, 0x04, 0x00, 0x00, 0x04, 0x88, 0x02, 0x0b, 
	0x82, 0x05, 0x00, 0x00, 0x00, 0x06, 0x95, 0x04, 
	0x00, 0x00, 0xec, 0x06, 0x00, 0x00, 0x07, 0x32, 
	0x00, 0x00, 0x00, 0x18, 0x00, 0x1d, 0x53, 0x00, 
	0x00, 0x00, 0x04, 0xec, 0x06, 0x00, 0x00, 0x10, 
	0x01, 0x07, 0x00, 0x00, 0x03, 0xa9, 0x03, 0x00, 
	0x00, 0x00, 0x04, 0xf6, 0x06, 0x00, 0x00, 0x04, 
	0x91, 0x01, 0x00, 0x00, 0x10, 0x16, 0x07, 0x00, 
	0x00, 0x03, 0x39, 0x00, 0x00, 0x00, 0x00, 0x04, 
	0x1b, 0x07, 0x00, 0x00, 0x04, 0x0b, 0x07, 0x00, 
	0x00, 0x1e, 0x61, 0x0a, 0x00, 0x00, 0x01, 0x14, 
	0x0c, 0x39, 0x00, 0x00, 0x00, 0x1f, 0x1e, 0x01, 
	0x00, 0x00, 0x06, 0x12, 0x01, 0x19, 0xa9, 0x00, 
	0x00, 0x00, 0x4d, 0x07, 0x00, 0x00, 0x03, 0x39, 
	0x00, 0x00, 0x00, 0x03, 0x15, 0x01, 0x00, 0x00, 
	0x03, 0x40, 0x00, 0x00, 0x00, 0x00, 0x20, 0x76, 
	0x08, 0x00, 0x00, 0x07, 0x98, 0x11, 0xa9, 0x00, 
	0x00, 0x00, 0x38, 0x14, 0x01, 0x00, 0x50, 0x00, 
	0x00, 0x00, 0x01, 0x9c, 0x0c, 0x70, 0x74, 0x72, 
	0x00, 0x29, 0x19, 0xa9, 0x03, 0x00, 0x00, 0xf5, 
	0x13, 0x00, 0x00, 0xef, 0x13, 0x00, 0x00, 0x0c, 
	0x66, 0x64, 0x00, 0x2a, 0x0a, 0x39, 0x00, 0x00, 
	0x00, 0x14, 0x14, 0x00, 0x00, 0x0e, 0x14, 0x00, 
	0x00, 0x0c, 0x62, 0x75, 0x66, 0x00, 0x2b, 0x0c, 
	0x15, 0x01, 0x00, 0x00, 0x33, 0x14, 0x00, 0x00, 
	0x2d, 0x14, 0x00, 0x00, 0x0c, 0x63, 0x6e, 0x74, 
	0x00, 0x2c, 0x0d, 0x40, 0x00, 0x00, 0x00, 0x50, 
	0x14, 0x00, 0x00, 0x4c, 0x14, 0x00, 0x00, 0x21, 
	0x72, 0x65, 0x74, 0x00, 0x01, 0x2e, 0x0c, 0xa9, 
	0x00, 0x00, 0x00, 0x66, 0x14, 0x00, 0x00, 0x64, 
	0x14, 0x00, 0x00, 0x22, 0x60, 0x14, 0x01, 0x00, 
	0x2c, 0x07, 0x00, 0x00, 0x0d, 0x01, 0x5a, 0x09, 
	0xa3, 0x03, 0xa5, 0x0b, 0x2b, 0xa8, 0x32, 0xa8, 
	0x00, 0x0d, 0x01, 0x5b, 0x09, 0xa3, 0x03, 0xa5, 
	0x0c, 0x2b, 0xa8, 0x32, 0xa8, 0x00, 0x0d, 0x01, 
	0x5c, 0x09, 0xa3, 0x03, 0xa5, 0x0d, 0x2b, 0xa8, 
	0x32, 0xa8, 0x00, 0x00, 0x00, 0x00, 0xc0, 0x07, 
	0x00, 0x00, 0x05, 0x00, 0x01, 0x04, 0x4f, 0x23, 
	0x00, 0x00, 0x0f, 0x0c, 0x03, 0x00, 0x00, 0x1d, 
	0x03, 0x47, 0x16, 0x03, 0x00, 0xa7, 0x08, 0x00, 
	0x00, 0xef, 0x00, 0x00, 0x00, 0x88, 0x14, 0x01, 
	0x00, 0x48, 0x00, 0x00, 0x00, 0x35, 0x28, 0x00, 
	0x00, 0x05, 0x08, 0x07, 0x33, 0x00, 0x00, 0x00, 
	0x05, 0x04, 0x07, 0x3d, 0x00, 0x00, 0x00, 0x09, 
	0xbd, 0x04, 0x00, 0x00, 0x02, 0xa0, 0x1a, 0x45, 
	0x00, 0x00, 0x00, 0x10, 0x04, 0x05, 0x69, 0x6e, 
	0x74, 0x00, 0x05, 0x08, 0x05, 0x84, 0x00, 0x00, 
	0x00, 0x05, 0x10, 0x04, 0xad, 0x01, 0x00, 0x00, 
	0x05, 0x01, 0x06, 0xf5, 0x01, 0x00, 0x00, 0x05, 
	0x01, 0x08, 0xf3, 0x01, 0x00, 0x00, 0x05, 0x02, 
	0x05, 0x0f, 0x02, 0x00, 0x00, 0x05, 0x02, 0x07, 
	0x4a, 0x01, 0x00, 0x00, 0x05, 0x04, 0x05, 0x89, 
	0x00, 0x00, 0x00, 0x05, 0x04, 0x07, 0x38, 0x00, 
	0x00, 0x00, 0x0c, 0x84, 0x01, 0x00, 0x00, 0x02, 
	0x76, 0x01, 0x17, 0x32, 0x00, 0x00, 0x00, 0x09, 
	0x68, 0x0a, 0x00, 0x00, 0x03, 0x2e, 0x0e, 0x76, 
	0x00, 0x00, 0x00, 0x09, 0xac, 0x02, 0x00, 0x00, 
	0x03, 0x74, 0x0e, 0x76, 0x00, 0x00, 0x00, 0x09, 
	0xf9, 0x02, 0x00, 0x00, 0x03, 0x93, 0x17, 0x45, 
	0x00, 0x00, 0x00, 0x11, 0x04, 0x03, 0xa5, 0x03, 
	0xd5, 0x00, 0x00, 0x00, 0x0d, 0x7e, 0x01, 0x00, 
	0x00, 0xa7, 0x0c, 0x84, 0x00, 0x00, 0x00, 0x0d, 
	0x33, 0x01, 0x00, 0x00, 0xa8, 0x13, 0xd5, 0x00, 
	0x00, 0x00, 0x00, 0x06, 0x61, 0x00, 0x00, 0x00, 
	0xe5, 0x00, 0x00, 0x00, 0x07, 0x32, 0x00, 0x00, 
	0x00, 0x03, 0x00, 0x12, 0x08, 0x03, 0xa2, 0x09, 
	0x09, 0x01, 0x00, 0x00, 0x02, 0x8a, 0x02, 0x00, 
	0x00, 0x03, 0xa4, 0x07, 0x45, 0x00, 0x00, 0x00, 
	0x00, 0x02, 0x92, 0x02, 0x00, 0x00, 0x03, 0xa9, 
	0x05, 0xb5, 0x00, 0x00, 0x00, 0x04, 0x00, 0x09, 
	0x31, 0x02, 0x00, 0x00, 0x03, 0xaa, 0x03, 0xe5, 
	0x00, 0x00, 0x00, 0x13, 0x04, 0x09, 0xd5, 0x02, 
	0x00, 0x00, 0x04, 0x17, 0x19, 0x7d, 0x00, 0x00, 
	0x00, 0x09, 0xe1, 0x01, 0x00, 0x00, 0x05, 0x0c, 
	0x0d, 0x45, 0x00, 0x00, 0x00, 0x09, 0xf6, 0x00, 
	0x00, 0x00, 0x04, 0x24, 0x1b, 0x23, 0x01, 0x00, 
	0x00, 0x0a, 0x07, 0x01, 0x00, 0x00, 0x18, 0x35, 
	0x91, 0x01, 0x00, 0x00, 0x02, 0x52, 0x02, 0x00, 
	0x00, 0x04, 0x37, 0x13, 0x91, 0x01, 0x00, 0x00, 
	0x00, 0x08, 0x5f, 0x6b, 0x00, 0x38, 0x07, 0x45, 
	0x00, 0x00, 0x00, 0x04, 0x02, 0x7c, 0x02, 0x00, 
	0x00, 0x04, 0x38, 0x0b, 0x45, 0x00, 0x00, 0x00, 
	0x08, 0x02, 0xf0, 0x00, 0x00, 0x00, 0x04, 0x38, 
	0x14, 0x45, 0x00, 0x00, 0x00, 0x0c, 0x02, 0xea, 
	0x02, 0x00, 0x00, 0x04, 0x38, 0x1b, 0x45, 0x00, 
	0x00, 0x00, 0x10, 0x08, 0x5f, 0x78, 0x00, 0x39, 
	0x0b, 0x96, 0x01, 0x00, 0x00, 0x14, 0x00, 0x04, 
	0x3b, 0x01, 0x00, 0x00, 0x06, 0x17, 0x01, 0x00, 
	0x00, 0xa6, 0x01, 0x00, 0x00, 0x07, 0x32, 0x00, 
	0x00, 0x00, 0x00, 0x00, 0x0a, 0x2e, 0x01, 0x00, 
	0x00, 0x24, 0x3d, 0x27, 0x02, 0x00, 0x00, 0x02, 
	0x7b, 0x00, 0x00, 0x00, 0x04, 0x3f, 0x09, 0x45, 
	0x00, 0x00, 0x00, 0x00, 0x02, 0xb4, 0x02, 0x00, 
	0x00, 0x04, 0x40, 0x09, 0x45, 0x00, 0x00, 0x00, 
	0x04, 0x02, 0x98, 0x00, 0x00, 0x00, 0x04, 0x41, 
	0x09, 0x45, 0x00, 0x00, 0x00, 0x08, 0x02, 0xd0, 
	0x03, 0x00, 0x00, 0x04, 0x42, 0x09, 0x45, 0x00, 
	0x00, 0x00, 0x0c, 0x02, 0xb9, 0x01, 0x00, 0x00, 
	0x04, 0x43, 0x09, 0x45, 0x00, 0x00, 0x00, 0x10, 
	0x02, 0xa3, 0x01, 0x00, 0x00, 0x04, 0x44, 0x09, 
	0x45, 0x00, 0x00, 0x00, 0x14, 0x02, 0xef, 0x02, 
	0x00, 0x00, 0x04, 0x45, 0x09, 0x45, 0x00, 0x00, 
	0x00, 0x18, 0x02, 0x19, 0x02, 0x00, 0x00, 0x04, 
	0x46, 0x09, 0x45, 0x00, 0x00, 0x00, 0x1c, 0x02, 
	0x97, 0x03, 0x00, 0x00, 0x04, 0x47, 0x09, 0x45, 
	0x00, 0x00, 0x00, 0x20, 0x00, 0x0a, 0x23, 0x02, 
	0x00, 0x00, 0x08, 0x74, 0x4d, 0x02, 0x00, 0x00, 
	0x02, 0x80, 0x05, 0x00, 0x00, 0x04, 0x75, 0x11, 
	0x4d, 0x02, 0x00, 0x00, 0x00, 0x02, 0xdf, 0x05, 
	0x00, 0x00, 0x04, 0x76, 0x06, 0x45, 0x00, 0x00, 
	0x00, 0x04, 0x00, 0x04, 0x61, 0x00, 0x00, 0x00, 
	0x0a, 0x3c, 0x02, 0x00, 0x00, 0x68, 0x99, 0x8b, 
	0x03, 0x00, 0x00, 0x08, 0x5f, 0x70, 0x00, 0x9a, 
	0x12, 0x4d, 0x02, 0x00, 0x00, 0x00, 0x08, 0x5f, 
	0x72, 0x00, 0x9b, 0x07, 0x45, 0x00, 0x00, 0x00, 
	0x04, 0x08, 0x5f, 0x77, 0x00, 0x9c, 0x07, 0x45, 
	0x00, 0x00, 0x00, 0x08, 0x02, 0xaa, 0x00, 0x00, 
	0x00, 0x04, 0x9d, 0x09, 0x68, 0x00, 0x00, 0x00, 
	0x0c, 0x02, 0xf6, 0x07, 0x00, 0x00, 0x04, 0x9e, 
	0x09, 0x68, 0x00, 0x00, 0x00, 0x0e, 0x08, 0x5f, 
	0x62, 0x66, 0x00, 0x9f, 0x11, 0x27, 0x02, 0x00, 
	0x00, 0x10, 0x02, 0x4a, 0x00, 0x00, 0x00, 0x04, 
	0xa0, 0x07, 0x45, 0x00, 0x00, 0x00, 0x18, 0x02, 
	0xa2, 0x00, 0x00, 0x00, 0x04, 0xa7, 0x0a, 0x15, 
	0x01, 0x00, 0x00, 0x1c, 0x02, 0x1e, 0x01, 0x00, 
	0x00, 0x04, 0xa9, 0x1d, 0xa1, 0x04, 0x00, 0x00, 
	0x20, 0x02, 0x9c, 0x01, 0x00, 0x00, 0x04, 0xab, 
	0x1d, 0xc9, 0x04, 0x00, 0x00, 0x24, 0x02, 0x9a, 
	0x02, 0x00, 0x00, 0x04, 0xae, 0x0d, 0xec, 0x04, 
	0x00, 0x00, 0x28, 0x02, 0xb1, 0x03, 0x00, 0x00, 
	0x04, 0xaf, 0x09, 0x05, 0x05, 0x00, 0x00, 0x2c, 
	0x08, 0x5f, 0x75, 0x62, 0x00, 0xb2, 0x11, 0x27, 
	0x02, 0x00, 0x00, 0x30, 0x08, 0x5f, 0x75, 0x70, 
	0x00, 0xb3, 0x12, 0x4d, 0x02, 0x00, 0x00, 0x38, 
	0x08, 0x5f, 0x75, 0x72, 0x00, 0xb4, 0x07, 0x45, 
	0x00, 0x00, 0x00, 0x3c, 0x02, 0x92, 0x00, 0x00, 
	0x00, 0x04, 0xb7, 0x11, 0x0a, 0x05, 0x00, 0x00, 
	0x40, 0x02, 0x91, 0x03, 0x00, 0x00, 0x04, 0xb8, 
	0x11, 0x1a, 0x05, 0x00, 0x00, 0x43, 0x08, 0x5f, 
	0x6c, 0x62, 0x00, 0xbb, 0x11, 0x27, 0x02, 0x00, 
	0x00, 0x44, 0x02, 0xb8, 0x00, 0x00, 0x00, 0x04, 
	0xbe, 0x07, 0x45, 0x00, 0x00, 0x00, 0x4c, 0x02, 
	0xc9, 0x00, 0x00, 0x00, 0x04, 0xbf, 0x0a, 0x91, 
	0x00, 0x00, 0x00, 0x50, 0x02, 0x3f, 0x04, 0x00, 
	0x00, 0x04, 0xc2, 0x12, 0xa9, 0x03, 0x00, 0x00, 
	0x54, 0x02, 0xb7, 0x04, 0x00, 0x00, 0x04, 0xc6, 
	0x0c, 0x2f, 0x01, 0x00, 0x00, 0x58, 0x02, 0x44, 
	0x02, 0x00, 0x00, 0x04, 0xc8, 0x0e, 0x09, 0x01, 
	0x00, 0x00, 0x5c, 0x02, 0x94, 0x01, 0x00, 0x00, 
	0x04, 0xc9, 0x09, 0x45, 0x00, 0x00, 0x00, 0x64, 
	0x00, 0x0b, 0xa9, 0x00, 0x00, 0x00, 0xa9, 0x03, 
	0x00, 0x00, 0x03, 0xa9, 0x03, 0x00, 0x00, 0x03, 
	0x15, 0x01, 0x00, 0x00, 0x03, 0x90, 0x04, 0x00, 
	0x00, 0x03, 0x45, 0x00, 0x00, 0x00, 0x00, 0x04, 
	0xae, 0x03, 0x00, 0x00, 0x14, 0x14, 0x04, 0x00, 
	0x00, 0x40, 0x01, 0x04, 0x42, 0x02, 0x08, 0x90, 
	0x04, 0x00, 0x00, 0x01, 0x60, 0x0a, 0x00, 0x00, 
	0x44, 0x02, 0x07, 0x45, 0x00, 0x00, 0x00, 0x00, 
	0x01, 0xb1, 0x00, 0x00, 0x00, 0x49, 0x02, 0x0b, 
	0x37, 0x05, 0x00, 0x00, 0x04, 0x01, 0x3a, 0x01, 
	0x00, 0x00, 0x49, 0x02, 0x14, 0x37, 0x05, 0x00, 
	0x00, 0x08, 0x01, 0xff, 0x00, 0x00, 0x00, 0x49, 
	0x02, 0x1e, 0x37, 0x05, 0x00, 0x00, 0x0c, 0x01, 
	0x65, 0x02, 0x00, 0x00, 0x4b, 0x02, 0x08, 0x45, 
	0x00, 0x00, 0x00, 0x10, 0x01, 0x08, 0x00, 0x00, 
	0x00, 0x4c, 0x02, 0x08, 0xdc, 0x06, 0x00, 0x00, 
	0x14, 0x01, 0x6a, 0x02, 0x00, 0x00, 0x51, 0x02, 
	0x16, 0xf1, 0x06, 0x00, 0x00, 0x30, 0x01, 0x72, 
	0x02, 0x00, 0x00, 0x57, 0x02, 0x0a, 0x01, 0x07, 
	0x00, 0x00, 0x34, 0x01, 0x76, 0x01, 0x00, 0x00, 
	0x5a, 0x02, 0x13, 0x91, 0x01, 0x00, 0x00, 0x38, 
	0x01, 0x24, 0x01, 0x00, 0x00, 0x5b, 0x02, 0x07, 
	0x45, 0x00, 0x00, 0x00, 0x3c, 0x01, 0xcb, 0x03, 
	0x00, 0x00, 0x5c, 0x02, 0x13, 0x91, 0x01, 0x00, 
	0x00, 0x40, 0x01, 0xc2, 0x01, 0x00, 0x00, 0x5d, 
	0x02, 0x14, 0x06, 0x07, 0x00, 0x00, 0x44, 0x01, 
	0x42, 0x01, 0x00, 0x00, 0x60, 0x02, 0x07, 0x45, 
	0x00, 0x00, 0x00, 0x48, 0x01, 0xc1, 0x00, 0x00, 
	0x00, 0x61, 0x02, 0x09, 0x90, 0x04, 0x00, 0x00, 
	0x4c, 0x01, 0x01, 0x02, 0x00, 0x00, 0x90, 0x02, 
	0x07, 0xc4, 0x06, 0x00, 0x00, 0x50, 0x15, 0x87, 
	0x03, 0x00, 0x00, 0x04, 0x98, 0x02, 0x0b, 0x16, 
	0x07, 0x00, 0x00, 0x38, 0x01, 0x00, 0x04, 0x95, 
	0x04, 0x00, 0x00, 0x05, 0x01, 0x08, 0xfc, 0x01, 
	0x00, 0x00, 0x16, 0x95, 0x04, 0x00, 0x00, 0x04, 
	0x8b, 0x03, 0x00, 0x00, 0x0b, 0xa9, 0x00, 0x00, 
	0x00, 0xc4, 0x04, 0x00, 0x00, 0x03, 0xa9, 0x03, 
	0x00, 0x00, 0x03, 0x15, 0x01, 0x00, 0x00, 0x03, 
	0xc4, 0x04, 0x00, 0x00, 0x03, 0x45, 0x00, 0x00, 
	0x00, 0x00, 0x04, 0x9c, 0x04, 0x00, 0x00, 0x04, 
	0xa6, 0x04, 0x00, 0x00, 0x0b, 0x9d, 0x00, 0x00, 
	0x00, 0xec, 0x04, 0x00, 0x00, 0x03, 0xa9, 0x03, 
	0x00, 0x00, 0x03, 0x15, 0x01, 0x00, 0x00, 0x03, 
	0x9d, 0x00, 0x00, 0x00, 0x03, 0x45, 0x00, 0x00, 
	0x00, 0x00, 0x04, 0xce, 0x04, 0x00, 0x00, 0x0b, 
	0x45, 0x00, 0x00, 0x00, 0x05, 0x05, 0x00, 0x00, 
	0x03, 0xa9, 0x03, 0x00, 0x00, 0x03, 0x15, 0x01, 
	0x00, 0x00, 0x00, 0x04, 0xf1, 0x04, 0x00, 0x00, 
	0x06, 0x61, 0x00, 0x00, 0x00, 0x1a, 0x05, 0x00, 
	0x00, 0x07, 0x32, 0x00, 0x00, 0x00, 0x02, 0x00, 
	0x06, 0x61, 0x00, 0x00, 0x00, 0x2a, 0x05, 0x00, 
	0x00, 0x07, 0x32, 0x00, 0x00, 0x00, 0x00, 0x00, 
	0x0c, 0x2a, 0x02, 0x00, 0x00, 0x04, 0x0e, 0x01, 
	0x1a, 0x52, 0x02, 0x00, 0x00, 0x04, 0x2a, 0x05, 
	0x00, 0x00, 0x17, 0x00, 0x00, 0x00, 0x00, 0x0e, 
	0x04, 0x32, 0x01, 0x08, 0x72, 0x05, 0x00, 0x00, 
	0x01, 0x84, 0x02, 0x00, 0x00, 0x33, 0x01, 0x12, 
	0x72, 0x05, 0x00, 0x00, 0x00, 0x01, 0xbd, 0x02, 
	0x00, 0x00, 0x34, 0x01, 0x12, 0x72, 0x05, 0x00, 
	0x00, 0x06, 0x01, 0xd0, 0x02, 0x00, 0x00, 0x35, 
	0x01, 0x12, 0x6f, 0x00, 0x00, 0x00, 0x0c, 0x00, 
	0x06, 0x6f, 0x00, 0x00, 0x00, 0x82, 0x05, 0x00, 
	0x00, 0x07, 0x32, 0x00, 0x00, 0x00, 0x02, 0x00, 
	0x18, 0xe8, 0x04, 0x65, 0x02, 0x07, 0x84, 0x06, 
	0x00, 0x00, 0x01, 0xc3, 0x02, 0x00, 0x00, 0x6a, 
	0x02, 0x12, 0x90, 0x04, 0x00, 0x00, 0x00, 0x01, 
	0x69, 0x01, 0x00, 0x00, 0x6b, 0x02, 0x10, 0x84, 
	0x06, 0x00, 0x00, 0x04, 0x01, 0xa2, 0x03, 0x00, 
	0x00, 0x6c, 0x02, 0x17, 0xa6, 0x01, 0x00, 0x00, 
	0x20, 0x01, 0x0f, 0x01, 0x00, 0x00, 0x6d, 0x02, 
	0x0f, 0x45, 0x00, 0x00, 0x00, 0x44, 0x01, 0x4d, 
	0x02, 0x00, 0x00, 0x6e, 0x02, 0x2c, 0x2b, 0x00, 
	0x00, 0x00, 0x48, 0x01, 0xb8, 0x03, 0x00, 0x00, 
	0x6f, 0x02, 0x1a, 0x3c, 0x05, 0x00, 0x00, 0x50, 
	0x01, 0x58, 0x02, 0x00, 0x00, 0x70, 0x02, 0x16, 
	0x09, 0x01, 0x00, 0x00, 0x60, 0x01, 0xbd, 0x03, 
	0x00, 0x00, 0x71, 0x02, 0x16, 0x09, 0x01, 0x00, 
	0x00, 0x68, 0x01, 0x6d, 0x00, 0x00, 0x00, 0x72, 
	0x02, 0x16, 0x09, 0x01, 0x00, 0x00, 0x70, 0x01, 
	0x02, 0x03, 0x00, 0x00, 0x73, 0x02, 0x10, 0x94, 
	0x06, 0x00, 0x00, 0x78, 0x01, 0x5d, 0x01, 0x00, 
	0x00, 0x74, 0x02, 0x10, 0xa4, 0x06, 0x00, 0x00, 
	0x80, 0x01, 0xdd, 0x02, 0x00, 0x00, 0x75, 0x02, 
	0x0f, 0x45, 0x00, 0x00, 0x00, 0x98, 0x01, 0xe2, 
	0x00, 0x00, 0x00, 0x76, 0x02, 0x16, 0x09, 0x01, 
	0x00, 0x00, 0x9c, 0x01, 0x5e, 0x00, 0x00, 0x00, 
	0x77, 0x02, 0x16, 0x09, 0x01, 0x00, 0x00, 0xa4, 
	0x01, 0xd1, 0x00, 0x00, 0x00, 0x78, 0x02, 0x16, 
	0x09, 0x01, 0x00, 0x00, 0xac, 0x01, 0x13, 0x00, 
	0x00, 0x00, 0x79, 0x02, 0x16, 0x09, 0x01, 0x00, 
	0x00, 0xb4, 0x01, 0x22, 0x00, 0x00, 0x00, 0x7a, 
	0x02, 0x16, 0x09, 0x01, 0x00, 0x00, 0xbc, 0x01, 
	0x06, 0x02, 0x00, 0x00, 0x7b, 0x02, 0x08, 0x45, 
	0x00, 0x00, 0x00, 0xc4, 0x01, 0xcc, 0x01, 0x00, 
	0x00, 0x87, 0x02, 0x09, 0xb4, 0x06, 0x00, 0x00, 
	0xc8, 0x00, 0x06, 0x95, 0x04, 0x00, 0x00, 0x94, 
	0x06, 0x00, 0x00, 0x07, 0x32, 0x00, 0x00, 0x00, 
	0x19, 0x00, 0x06, 0x95, 0x04, 0x00, 0x00, 0xa4, 
	0x06, 0x00, 0x00, 0x07, 0x32, 0x00, 0x00, 0x00, 
	0x07, 0x00, 0x06, 0x95, 0x04, 0x00, 0x00, 0xb4, 
	0x06, 0x00, 0x00, 0x07, 0x32, 0x00, 0x00, 0x00, 
	0x17, 0x00, 0x06, 0x95, 0x04, 0x00, 0x00, 0xc4, 
	0x06, 0x00, 0x00, 0x07, 0x32, 0x00, 0x00, 0x00, 
	0x1f, 0x00, 0x19, 0xe8, 0x04, 0x63, 0x02, 0x03, 
	0xdc, 0x06, 0x00, 0x00, 0x1a, 0x14, 0x04, 0x00, 
	0x00, 0x04, 0x88, 0x02, 0x0b, 0x82, 0x05, 0x00, 
	0x00, 0x00, 0x06, 0x95, 0x04, 0x00, 0x00, 0xec, 
	0x06, 0x00, 0x00, 0x07, 0x32, 0x00, 0x00, 0x00, 
	0x18, 0x00, 0x1b, 0x53, 0x00, 0x00, 0x00, 0x04, 
	0xec, 0x06, 0x00, 0x00, 0x0e, 0x01, 0x07, 0x00, 
	0x00, 0x03, 0xa9, 0x03, 0x00, 0x00, 0x00, 0x04, 
	0xf6, 0x06, 0x00, 0x00, 0x04, 0x91, 0x01, 0x00, 
	0x00, 0x0e, 0x16, 0x07, 0x00, 0x00, 0x03, 0x45, 
	0x00, 0x00, 0x00, 0x00, 0x04, 0x1b, 0x07, 0x00, 
	0x00, 0x04, 0x0b, 0x07, 0x00, 0x00, 0x1c, 0x61, 
	0x0a, 0x00, 0x00, 0x01, 0x18, 0x0c, 0x45, 0x00, 
	0x00, 0x00, 0x1d, 0x9a, 0x08, 0x00, 0x00, 0x06, 
	0x13, 0x01, 0x09, 0x15, 0x01, 0x00, 0x00, 0x43, 
	0x07, 0x00, 0x00, 0x03, 0x39, 0x00, 0x00, 0x00, 
	0x00, 0x1e, 0x6b, 0x05, 0x00, 0x00, 0x07, 0x9a, 
	0x0e, 0x15, 0x01, 0x00, 0x00, 0x88, 0x14, 0x01, 
	0x00, 0x48, 0x00, 0x00, 0x00, 0x01, 0x9c, 0x1f, 
	0x70, 0x74, 0x72, 0x00, 0x01, 0x2c, 0x19, 0xa9, 
	0x03, 0x00, 0x00, 0x7e, 0x14, 0x00, 0x00, 0x78, 
	0x14, 0x00, 0x00, 0x20, 0x95, 0x08, 0x00, 0x00, 
	0x01, 0x2d, 0x10, 0x39, 0x00, 0x00, 0x00, 0x9b, 
	0x14, 0x00, 0x00, 0x97, 0x14, 0x00, 0x00, 0x21, 
	0x72, 0x65, 0x74, 0x00, 0x01, 0x2f, 0x09, 0x90, 
	0x04, 0x00, 0x00, 0xb1, 0x14, 0x00, 0x00, 0xaf, 
	0x14, 0x00, 0x00, 0x22, 0x9a, 0x08, 0x00, 0x00, 
	0x01, 0x30, 0x09, 0x15, 0x01, 0x00, 0x00, 0xab, 
	0x07, 0x00, 0x00, 0x03, 0x39, 0x00, 0x00, 0x00, 
	0x00, 0x23, 0xa8, 0x14, 0x01, 0x00, 0x2c, 0x07, 
	0x00, 0x00, 0x24, 0x01, 0x5a, 0x09, 0xa3, 0x03, 
	0xa5, 0x0b, 0x2b, 0xa8, 0x32, 0xa8, 0x00, 0x00, 
	0x00, 0x00, 0x2d, 0x00, 0x00, 0x00, 0x05, 0x00, 
	0x01, 0x04, 0x6b, 0x25, 0x00, 0x00, 0x01, 0x32, 
	0x29, 0x00, 0x00, 0xd0, 0x14, 0x01, 0x00, 0x1c, 
	0xa0, 0x08, 0x00, 0x00, 0x00, 0x09, 0x00, 0x00, 
	0x5e, 0x09, 0x00, 0x00, 0x01, 0x80, 0x02, 0x03, 
	0x08, 0x00, 0x00, 0x2f, 0xd0, 0x14, 0x01, 0x00, 
	0x1c, 0x03, 0x00, 0x1d, 0x09, 0x00, 0x00, 0x05, 
	0x00, 0x01, 0x04, 0x93, 0x25, 0x00, 0x00, 0x15, 
	0x0c, 0x03, 0x00, 0x00, 0x1d, 0x03, 0x47, 0x16, 
	0x03, 0x00, 0x5e, 0x09, 0x00, 0x00, 0xef, 0x00, 
	0x00, 0x00, 0xec, 0x14, 0x01, 0x00, 0xe8, 0x00, 
	0x00, 0x00, 0xa0, 0x29, 0x00, 0x00, 0x05, 0x08, 
	0x07, 0x33, 0x00, 0x00, 0x00, 0x05, 0x04, 0x07, 
	0x3d, 0x00, 0x00, 0x00, 0x16, 0x04, 0x05, 0x69, 
	0x6e, 0x74, 0x00, 0x05, 0x08, 0x05, 0x84, 0x00, 
	0x00, 0x00, 0x05, 0x10, 0x04, 0xad, 0x01, 0x00, 
	0x00, 0x05, 0x01, 0x06, 0xf5, 0x01, 0x00, 0x00, 
	0x05, 0x01, 0x08, 0xf3, 0x01, 0x00, 0x00, 0x05, 
	0x02, 0x05, 0x0f, 0x02, 0x00, 0x00, 0x05, 0x02, 
	0x07, 0x4a, 0x01, 0x00, 0x00, 0x05, 0x04, 0x05, 
	0x89, 0x00, 0x00, 0x00, 0x05, 0x04, 0x07, 0x38, 
	0x00, 0x00, 0x00, 0x0f, 0x84, 0x01, 0x00, 0x00, 
	0x03, 0x76, 0x01, 0x17, 0x32, 0x00, 0x00, 0x00, 
	0x09, 0x68, 0x0a, 0x00, 0x00, 0x04, 0x2e, 0x0e, 
	0x6a, 0x00, 0x00, 0x00, 0x09, 0xac, 0x02, 0x00, 
	0x00, 0x04, 0x74, 0x0e, 0x6a, 0x00, 0x00, 0x00, 
	0x09, 0xf9, 0x02, 0x00, 0x00, 0x04, 0x93, 0x17, 
	0x39, 0x00, 0x00, 0x00, 0x17, 0x04, 0x04, 0xa5, 
	0x03, 0xc9, 0x00, 0x00, 0x00, 0x10, 0x7e, 0x01, 
	0x00, 0x00, 0xa7, 0x0c, 0x78, 0x00, 0x00, 0x00, 
	0x10, 0x33, 0x01, 0x00, 0x00, 0xa8, 0x13, 0xc9, 
	0x00, 0x00, 0x00, 0x00, 0x06, 0x55, 0x00, 0x00, 
	0x00, 0xd9, 0x00, 0x00, 0x00, 0x07, 0x32, 0x00, 
	0x00, 0x00, 0x03, 0x00, 0x18, 0x08, 0x04, 0xa2, 
	0x09, 0xfd, 0x00, 0x00, 0x00, 0x02, 0x8a, 0x02, 
	0x00, 0x00, 0x04, 0xa4, 0x07, 0x39, 0x00, 0x00, 
	0x00, 0x00, 0x02, 0x92, 0x02, 0x00, 0x00, 0x04, 
	0xa9, 0x05, 0xa9, 0x00, 0x00, 0x00, 0x04, 0x00, 
	0x09, 0x31, 0x02, 0x00, 0x00, 0x04, 0xaa, 0x03, 
	0xd9, 0x00, 0x00, 0x00, 0x19, 0x04, 0x09, 0xd5, 
	0x02, 0x00, 0x00, 0x05, 0x17, 0x19, 0x71, 0x00, 
	0x00, 0x00, 0x09, 0xe1, 0x01, 0x00, 0x00, 0x06, 
	0x0c, 0x0d, 0x39, 0x00, 0x00, 0x00, 0x09, 0xf6, 
	0x00, 0x00, 0x00, 0x05, 0x24, 0x1b, 0x17, 0x01, 
	0x00, 0x00, 0x0b, 0x07, 0x01, 0x00, 0x00, 0x18, 
	0x35, 0x85, 0x01, 0x00, 0x00, 0x02, 0x52, 0x02, 
	0x00, 0x00, 0x05, 0x37, 0x13, 0x85, 0x01, 0x00, 
	0x00, 0x00, 0x08, 0x5f, 0x6b, 0x00, 0x38, 0x07, 
	0x39, 0x00, 0x00, 0x00, 0x04, 0x02, 0x7c, 0x02, 
	0x00, 0x00, 0x05, 0x38, 0x0b, 0x39, 0x00, 0x00, 
	0x00, 0x08, 0x02, 0xf0, 0x00, 0x00, 0x00, 0x05, 
	0x38, 0x14, 0x39, 0x00, 0x00, 0x00, 0x0c, 0x02, 
	0xea, 0x02, 0x00, 0x00, 0x05, 0x38, 0x1b, 0x39, 
	0x00, 0x00, 0x00, 0x10, 0x08, 0x5f, 0x78, 0x00, 
	0x39, 0x0b, 0x8a, 0x01, 0x00, 0x00, 0x14, 0x00, 
	0x04, 0x2f, 0x01, 0x00, 0x00, 0x06, 0x0b, 0x01, 
	0x00, 0x00, 0x9a, 0x01, 0x00, 0x00, 0x07, 0x32, 
	0x00, 0x00, 0x00, 0x00, 0x00, 0x0b, 0x2e, 0x01, 
	0x00, 0x00, 0x24, 0x3d, 0x1b, 0x02, 0x00, 0x00, 
	0x02, 0x7b, 0x00, 0x00, 0x00, 0x05, 0x3f, 0x09, 
	0x39, 0x00, 0x00, 0x00, 0x00, 0x02, 0xb4, 0x02, 
	0x00, 0x00, 0x05, 0x40, 0x09, 0x39, 0x00, 0x00, 
	0x00, 0x04, 0x02, 0x98, 0x00, 0x00, 0x00, 0x05, 
	0x41, 0x09, 0x39, 0x00, 0x00, 0x00, 0x08, 0x02, 
	0xd0, 0x03, 0x00, 0x00, 0x05, 0x42, 0x09, 0x39, 
	0x00, 0x00, 0x00, 0x0c, 0x02, 0xb9, 0x01, 0x00, 
	0x00, 0x05, 0x43, 0x09, 0x39, 0x00, 0x00, 0x00, 
	0x10, 0x02, 0xa3, 0x01, 0x00, 0x00, 0x05, 0x44, 
	0x09, 0x39, 0x00, 0x00, 0x00, 0x14, 0x02, 0xef, 
	0x02, 0x00, 0x00, 0x05, 0x45, 0x09, 0x39, 0x00, 
	0x00, 0x00, 0x18, 0x02, 0x19, 0x02, 0x00, 0x00, 
	0x05, 0x46, 0x09, 0x39, 0x00, 0x00, 0x00, 0x1c, 
	0x02, 0x97, 0x03, 0x00, 0x00, 0x05, 0x47, 0x09, 
	0x39, 0x00, 0x00, 0x00, 0x20, 0x00, 0x0b, 0x23, 
	0x02, 0x00, 0x00, 0x08, 0x74, 0x41, 0x02, 0x00, 
	0x00, 0x02, 0x80, 0x05, 0x00, 0x00, 0x05, 0x75, 
	0x11, 0x41, 0x02, 0x00, 0x00, 0x00, 0x02, 0xdf, 
	0x05, 0x00, 0x00, 0x05, 0x76, 0x06, 0x39, 0x00, 
	0x00, 0x00, 0x04, 0x00, 0x04, 0x55, 0x00, 0x00, 
	0x00, 0x0b, 0x3c, 0x02, 0x00, 0x00, 0x68, 0x99, 
	0x7f, 0x03, 0x00, 0x00, 0x08, 0x5f, 0x70, 0x00, 
	0x9a, 0x12, 0x41, 0x02, 0x00, 0x00, 0x00, 0x08, 
	0x5f, 0x72, 0x00, 0x9b, 0x07, 0x39, 0x00, 0x00, 
	0x00, 0x04, 0x08, 0x5f, 0x77, 0x00, 0x9c, 0x07, 
	0x39, 0x00, 0x00, 0x00, 0x08, 0x02, 0xaa, 0x00, 
	0x00, 0x00, 0x05, 0x9d, 0x09, 0x5c, 0x00, 0x00, 
	0x00, 0x0c, 0x02, 0xf6, 0x07, 0x00, 0x00, 0x05, 
	0x9e, 0x09, 0x5c, 0x00, 0x00, 0x00, 0x0e, 0x08, 
	0x5f, 0x62, 0x66, 0x00, 0x9f, 0x11, 0x1b, 0x02, 
	0x00, 0x00, 0x10, 0x02, 0x4a, 0x00, 0x00, 0x00, 
	0x05, 0xa0, 0x07, 0x39, 0x00, 0x00, 0x00, 0x18, 
	0x02, 0xa2, 0x00, 0x00, 0x00, 0x05, 0xa7, 0x0a, 
	0x09, 0x01, 0x00, 0x00, 0x1c, 0x02, 0x1e, 0x01, 
	0x00, 0x00, 0x05, 0xa9, 0x1d, 0x95, 0x04, 0x00, 
	0x00, 0x20, 0x02, 0x9c, 0x01, 0x00, 0x00, 0x05, 
	0xab, 0x1d, 0xbd, 0x04, 0x00, 0x00, 0x24, 0x02, 
	0x9a, 0x02, 0x00, 0x00, 0x05, 0xae, 0x0d, 0xe0, 
	0x04, 0x00, 0x00, 0x28, 0x02, 0xb1, 0x03, 0x00, 
	0x00, 0x05, 0xaf, 0x09, 0xf9, 0x04, 0x00, 0x00, 
	0x2c, 0x08, 0x5f, 0x75, 0x62, 0x00, 0xb2, 0x11, 
	0x1b, 0x02, 0x00, 0x00, 0x30, 0x08, 0x5f, 0x75, 
	0x70, 0x00, 0xb3, 0x12, 0x41, 0x02, 0x00, 0x00, 
	0x38, 0x08, 0x5f, 0x75, 0x72, 0x00, 0xb4, 0x07, 
	0x39, 0x00, 0x00, 0x00, 0x3c, 0x02, 0x92, 0x00, 
	0x00, 0x00, 0x05, 0xb7, 0x11, 0xfe, 0x04, 0x00, 
	0x00, 0x40, 0x02, 0x91, 0x03, 0x00, 0x00, 0x05, 
	0xb8, 0x11, 0x0e, 0x05, 0x00, 0x00, 0x43, 0x08, 
	0x5f, 0x6c, 0x62, 0x00, 0xbb, 0x11, 0x1b, 0x02, 
	0x00, 0x00, 0x44, 0x02, 0xb8, 0x00, 0x00, 0x00, 
	0x05, 0xbe, 0x07, 0x39, 0x00, 0x00, 0x00, 0x4c, 
	0x02, 0xc9, 0x00, 0x00, 0x00, 0x05, 0xbf, 0x0a, 
	0x85, 0x00, 0x00, 0x00, 0x50, 0x02, 0x3f, 0x04, 
	0x00, 0x00, 0x05, 0xc2, 0x12, 0x9d, 0x03, 0x00, 
	0x00, 0x54, 0x02, 0xb7, 0x04, 0x00, 0x00, 0x05, 
	0xc6, 0x0c, 0x23, 0x01, 0x00, 0x00, 0x58, 0x02, 
	0x44, 0x02, 0x00, 0x00, 0x05, 0xc8, 0x0e, 0xfd, 
	0x00, 0x00, 0x00, 0x5c, 0x02, 0x94, 0x01, 0x00, 
	0x00, 0x05, 0xc9, 0x09, 0x39, 0x00, 0x00, 0x00, 
	0x64, 0x00, 0x0c, 0x9d, 0x00, 0x00, 0x00, 0x9d, 
	0x03, 0x00, 0x00, 0x03, 0x9d, 0x03, 0x00, 0x00, 
	0x03, 0x09, 0x01, 0x00, 0x00, 0x03, 0x84, 0x04, 
	0x00, 0x00, 0x03, 0x39, 0x00, 0x00, 0x00, 0x00, 
	0x04, 0xa2, 0x03, 0x00, 0x00, 0x1a, 0x14, 0x04, 
	0x00, 0x00, 0x40, 0x01, 0x05, 0x42, 0x02, 0x08, 
	0x84, 0x04, 0x00, 0x00, 0x01, 0x60, 0x0a, 0x00, 
	0x00, 0x44, 0x02, 0x07, 0x39, 0x00, 0x00, 0x00, 
	0x00, 0x01, 0xb1, 0x00, 0x00, 0x00, 0x49, 0x02, 
	0x0b, 0x2b, 0x05, 0x00, 0x00, 0x04, 0x01, 0x3a, 
	0x01, 0x00, 0x00, 0x49, 0x02, 0x14, 0x2b, 0x05, 
	0x00, 0x00, 0x08, 0x01, 0xff, 0x00, 0x00, 0x00, 
	0x49, 0x02, 0x1e, 0x2b, 0x05, 0x00, 0x00, 0x0c, 
	0x01, 0x65, 0x02, 0x00, 0x00, 0x4b, 0x02, 0x08, 
	0x39, 0x00, 0x00, 0x00, 0x10, 0x01, 0x08, 0x00, 
	0x00, 0x00, 0x4c, 0x02, 0x08, 0xd0, 0x06, 0x00, 
	0x00, 0x14, 0x01, 0x6a, 0x02, 0x00, 0x00, 0x51, 
	0x02, 0x16, 0xe5, 0x06, 0x00, 0x00, 0x30, 0x01, 
	0x72, 0x02, 0x00, 0x00, 0x57, 0x02, 0x0a, 0xf5, 
	0x06, 0x00, 0x00, 0x34, 0x01, 0x76, 0x01, 0x00, 
	0x00, 0x5a, 0x02, 0x13, 0x85, 0x01, 0x00, 0x00, 
	0x38, 0x01, 0x24, 0x01, 0x00, 0x00, 0x5b, 0x02, 
	0x07, 0x39, 0x00, 0x00, 0x00, 0x3c, 0x01, 0xcb, 
	0x03, 0x00, 0x00, 0x5c, 0x02, 0x13, 0x85, 0x01, 
	0x00, 0x00, 0x40, 0x01, 0xc2, 0x01, 0x00, 0x00, 
	0x5d, 0x02, 0x14, 0xfa, 0x06, 0x00, 0x00, 0x44, 
	0x01, 0x42, 0x01, 0x00, 0x00, 0x60, 0x02, 0x07, 
	0x39, 0x00, 0x00, 0x00, 0x48, 0x01, 0xc1, 0x00, 
	0x00, 0x00, 0x61, 0x02, 0x09, 0x84, 0x04, 0x00, 
	0x00, 0x4c, 0x01, 0x01, 0x02, 0x00, 0x00, 0x90, 
	0x02, 0x07, 0xb8, 0x06, 0x00, 0x00, 0x50, 0x1b, 
	0x87, 0x03, 0x00, 0x00, 0x05, 0x98, 0x02, 0x0b, 
	0x0a, 0x07, 0x00, 0x00, 0x38, 0x01, 0x00, 0x04, 
	0x89, 0x04, 0x00, 0x00, 0x05, 0x01, 0x08, 0xfc, 
	0x01, 0x00, 0x00, 0x1c, 0x89, 0x04, 0x00, 0x00, 
	0x04, 0x7f, 0x03, 0x00, 0x00, 0x0c, 0x9d, 0x00, 
	0x00, 0x00, 0xb8, 0x04, 0x00, 0x00, 0x03, 0x9d, 
	0x03, 0x00, 0x00, 0x03, 0x09, 0x01, 0x00, 0x00, 
	0x03, 0xb8, 0x04, 0x00, 0x00, 0x03, 0x39, 0x00, 
	0x00, 0x00, 0x00, 0x04, 0x90, 0x04, 0x00, 0x00, 
	0x04, 0x9a, 0x04, 0x00, 0x00, 0x0c, 0x91, 0x00, 
	0x00, 0x00, 0xe0, 0x04, 0x00, 0x00, 0x03, 0x9d, 
	0x03, 0x00, 0x00, 0x03, 0x09, 0x01, 0x00, 0x00, 
	0x03, 0x91, 0x00, 0x00, 0x00, 0x03, 0x39, 0x00, 
	0x00, 0x00, 0x00, 0x04, 0xc2, 0x04, 0x00, 0x00, 
	0x0c, 0x39, 0x00, 0x00, 0x00, 0xf9, 0x04, 0x00, 
	0x00, 0x03, 0x9d, 0x03, 0x00, 0x00, 0x03, 0x09, 
	0x01, 0x00, 0x00, 0x00, 0x04, 0xe5, 0x04, 0x00, 
	0x00, 0x06, 0x55, 0x00, 0x00, 0x00, 0x0e, 0x05, 
	0x00, 0x00, 0x07, 0x32, 0x00, 0x00, 0x00, 0x02, 
	0x00, 0x06, 0x55, 0x00, 0x00, 0x00, 0x1e, 0x05, 
	0x00, 0x00, 0x07, 0x32, 0x00, 0x00, 0x00, 0x00, 
	0x00, 0x0f, 0x2a, 0x02, 0x00, 0x00, 0x05, 0x0e, 
	0x01, 0x1a, 0x46, 0x02, 0x00, 0x00, 0x04, 0x1e, 
	0x05, 0x00, 0x00, 0x1d, 0x00, 0x00, 0x00, 0x00, 
	0x0e, 0x05, 0x32, 0x01, 0x08, 0x66, 0x05, 0x00, 
	0x00, 0x01, 0x84, 0x02, 0x00, 0x00, 0x33, 0x01, 
	0x12, 0x66, 0x05, 0x00, 0x00, 0x00, 0x01, 0xbd, 
	0x02, 0x00, 0x00, 0x34, 0x01, 0x12, 0x66, 0x05, 
	0x00, 0x00, 0x06, 0x01, 0xd0, 0x02, 0x00, 0x00, 
	0x35, 0x01, 0x12, 0x63, 0x00, 0x00, 0x00, 0x0c, 
	0x00, 0x06, 0x63, 0x00, 0x00, 0x00, 0x76, 0x05, 
	0x00, 0x00, 0x07, 0x32, 0x00, 0x00, 0x00, 0x02, 
	0x00, 0x1e, 0xe8, 0x05, 0x65, 0x02, 0x07, 0x78, 
	0x06, 0x00, 0x00, 0x01, 0xc3, 0x02, 0x00, 0x00, 
	0x6a, 0x02, 0x12, 0x84, 0x04, 0x00, 0x00, 0x00, 
	0x01, 0x69, 0x01, 0x00, 0x00, 0x6b, 0x02, 0x10, 
	0x78, 0x06, 0x00, 0x00, 0x04, 0x01, 0xa2, 0x03, 
	0x00, 0x00, 0x6c, 0x02, 0x17, 0x9a, 0x01, 0x00, 
	0x00, 0x20, 0x01, 0x0f, 0x01, 0x00, 0x00, 0x6d, 
	0x02, 0x0f, 0x39, 0x00, 0x00, 0x00, 0x44, 0x01, 
	0x4d, 0x02, 0x00, 0x00, 0x6e, 0x02, 0x2c, 0x2b, 
	0x00, 0x00, 0x00, 0x48, 0x01, 0xb8, 0x03, 0x00, 
	0x00, 0x6f, 0x02, 0x1a, 0x30, 0x05, 0x00, 0x00, 
	0x50, 0x01, 0x58, 0x02, 0x00, 0x00, 0x70, 0x02, 
	0x16, 0xfd, 0x00, 0x00, 0x00, 0x60, 0x01, 0xbd, 
	0x03, 0x00, 0x00, 0x71, 0x02, 0x16, 0xfd, 0x00, 
	0x00, 0x00, 0x68, 0x01, 0x6d, 0x00, 0x00, 0x00, 
	0x72, 0x02, 0x16, 0xfd, 0x00, 0x00, 0x00, 0x70, 
	0x01, 0x02, 0x03, 0x00, 0x00, 0x73, 0x02, 0x10, 
	0x88, 0x06, 0x00, 0x00, 0x78, 0x01, 0x5d, 0x01, 
	0x00, 0x00, 0x74, 0x02, 0x10, 0x98, 0x06, 0x00, 
	0x00, 0x80, 0x01, 0xdd, 0x02, 0x00, 0x00, 0x75, 
	0x02, 0x0f, 0x39, 0x00, 0x00, 0x00, 0x98, 0x01, 
	0xe2, 0x00, 0x00, 0x00, 0x76, 0x02, 0x16, 0xfd, 
	0x00, 0x00, 0x00, 0x9c, 0x01, 0x5e, 0x00, 0x00, 
	0x00, 0x77, 0x02, 0x16, 0xfd, 0x00, 0x00, 0x00, 
	0xa4, 0x01, 0xd1, 0x00, 0x00, 0x00, 0x78, 0x02, 
	0x16, 0xfd, 0x00, 0x00, 0x00, 0xac, 0x01, 0x13, 
	0x00, 0x00, 0x00, 0x79, 0x02, 0x16, 0xfd, 0x00, 
	0x00, 0x00, 0xb4, 0x01, 0x22, 0x00, 0x00, 0x00, 
	0x7a, 0x02, 0x16, 0xfd, 0x00, 0x00, 0x00, 0xbc, 
	0x01, 0x06, 0x02, 0x00, 0x00, 0x7b, 0x02, 0x08, 
	0x39, 0x00, 0x00, 0x00, 0xc4, 0x01, 0xcc, 0x01, 
	0x00, 0x00, 0x87, 0x02, 0x09, 0xa8, 0x06, 0x00, 
	0x00, 0xc8, 0x00, 0x06, 0x89, 0x04, 0x00, 0x00, 
	0x88, 0x06, 0x00, 0x00, 0x07, 0x32, 0x00, 0x00, 
	0x00, 0x19, 0x00, 0x06, 0x89, 0x04, 0x00, 0x00, 
	0x98, 0x06, 0x00, 0x00, 0x07, 0x32, 0x00, 0x00, 
	0x00, 0x07, 0x00, 0x06, 0x89, 0x04, 0x00, 0x00, 
	0xa8, 0x06, 0x00, 0x00, 0x07, 0x32, 0x00, 0x00, 
	0x00, 0x17, 0x00, 0x06, 0x89, 0x04, 0x00, 0x00, 
	0xb8, 0x06, 0x00, 0x00, 0x07, 0x32, 0x00, 0x00, 
	0x00, 0x1f, 0x00, 0x1f, 0xe8, 0x05, 0x63, 0x02, 
	0x03, 0xd0, 0x06, 0x00, 0x00, 0x20, 0x14, 0x04, 
	0x00, 0x00, 0x05, 0x88, 0x02, 0x0b, 0x76, 0x05, 
	0x00, 0x00, 0x00, 0x06, 0x89, 0x04, 0x00, 0x00, 
	0xe0, 0x06, 0x00, 0x00, 0x07, 0x32, 0x00, 0x00, 
	0x00, 0x18, 0x00, 0x21, 0x53, 0x00, 0x00, 0x00, 
	0x04, 0xe0, 0x06, 0x00, 0x00, 0x11, 0xf5, 0x06, 
	0x00, 0x00, 0x03, 0x9d, 0x03, 0x00, 0x00, 0x00, 
	0x04, 0xea, 0x06, 0x00, 0x00, 0x04, 0x85, 0x01, 
	0x00, 0x00, 0x11, 0x0a, 0x07, 0x00, 0x00, 0x03, 
	0x39, 0x00, 0x00, 0x00, 0x00, 0x04, 0x0f, 0x07, 
	0x00, 0x00, 0x04, 0xff, 0x06, 0x00, 0x00, 0x22, 
	0xa0, 0x02, 0x00, 0x00, 0x05, 0x1d, 0x03, 0x17, 
	0x9d, 0x03, 0x00, 0x00, 0x09, 0x2c, 0x02, 0x00, 
	0x00, 0x02, 0x42, 0x10, 0x1e, 0x05, 0x00, 0x00, 
	0x12, 0xe7, 0x06, 0x00, 0x00, 0x34, 0x01, 0x12, 
	0x67, 0x07, 0x00, 0x00, 0x33, 0x01, 0x23, 0x23, 
	0x04, 0x00, 0x00, 0x08, 0x2a, 0x01, 0x06, 0x53, 
	0x07, 0x00, 0x00, 0x03, 0x9d, 0x03, 0x00, 0x00, 
	0x03, 0x09, 0x01, 0x00, 0x00, 0x00, 0x24, 0x86, 
	0x09, 0x00, 0x00, 0x07, 0xa6, 0x0f, 0x39, 0x00, 
	0x00, 0x00, 0x6e, 0x07, 0x00, 0x00, 0x03, 0x9d, 
	0x03, 0x00, 0x00, 0x03, 0x6e, 0x07, 0x00, 0x00, 
	0x00, 0x04, 0x21, 0x07, 0x00, 0x00, 0x25, 0xc2, 
	0x06, 0x00, 0x00, 0x07, 0xb6, 0x0f, 0x85, 0x07, 
	0x00, 0x00, 0x03, 0x9d, 0x03, 0x00, 0x00, 0x00, 
	0x26, 0x7a, 0x09, 0x00, 0x00, 0x02, 0xc5, 0x05, 
	0x39, 0x00, 0x00, 0x00, 0xc8, 0x15, 0x01, 0x00, 
	0x0c, 0x00, 0x00, 0x00, 0x01, 0x9c, 0xca, 0x07, 
	0x00, 0x00, 0x27, 0x66, 0x70, 0x00, 0x01, 0x7b, 
	0x19, 0x6e, 0x07, 0x00, 0x00, 0xc9, 0x14, 0x00, 
	0x00, 0xc3, 0x14, 0x00, 0x00, 0x28, 0xd4, 0x15, 
	0x01, 0x00, 0xca, 0x07, 0x00, 0x00, 0x0a, 0x01, 
	0x5b, 0x09, 0xa3, 0x03, 0xa5, 0x0a, 0x2b, 0xa8, 
	0x32, 0xa8, 0x00, 0x00, 0x00, 0x29, 0x46, 0x08, 
	0x00, 0x00, 0x02, 0x9e, 0x01, 0x05, 0x39, 0x00, 
	0x00, 0x00, 0x01, 0x1c, 0x08, 0x00, 0x00, 0x2a, 
	0x81, 0x09, 0x00, 0x00, 0x01, 0x3b, 0x1b, 0x9d, 
	0x03, 0x00, 0x00, 0x2b, 0x66, 0x70, 0x00, 0x01, 
	0x3c, 0x17, 0x6e, 0x07, 0x00, 0x00, 0x2c, 0x72, 
	0x00, 0x01, 0x3e, 0x07, 0x39, 0x00, 0x00, 0x00, 
	0x2d, 0x2e, 0x6a, 0x09, 0x00, 0x00, 0x01, 0x43, 
	0x03, 0x9d, 0x03, 0x00, 0x00, 0x2f, 0x3c, 0x15, 
	0x01, 0x00, 0x73, 0x07, 0x00, 0x00, 0x0a, 0x01, 
	0x5a, 0x02, 0x79, 0x00, 0x00, 0x00, 0x00, 0x30, 
	0xca, 0x07, 0x00, 0x00, 0xec, 0x14, 0x01, 0x00, 
	0xdc, 0x00, 0x00, 0x00, 0x01, 0x9c, 0x0d, 0xdc, 
	0x07, 0x00, 0x00, 0xf0, 0x14, 0x00, 0x00, 0xe8, 
	0x14, 0x00, 0x00, 0x0d, 0xe8, 0x07, 0x00, 0x00, 
	0x17, 0x15, 0x00, 0x00, 0x0f, 0x15, 0x00, 0x00, 
	0x31, 0xf3, 0x07, 0x00, 0x00, 0x32, 0xfd, 0x07, 
	0x00, 0x00, 0x2c, 0x15, 0x01, 0x00, 0x10, 0x00, 
	0x00, 0x00, 0x69, 0x08, 0x00, 0x00, 0x13, 0xfe, 
	0x07, 0x00, 0x00, 0x38, 0x15, 0x00, 0x00, 0x36, 
	0x15, 0x00, 0x00, 0x00, 0x33, 0xca, 0x07, 0x00, 
	0x00, 0x44, 0x15, 0x01, 0x00, 0x13, 0x44, 0x15, 
	0x01, 0x00, 0x84, 0x00, 0x00, 0x00, 0x02, 0x9e, 
	0x01, 0x05, 0x0d, 0xdc, 0x07, 0x00, 0x00, 0x41, 
	0x15, 0x00, 0x00, 0x3f, 0x15, 0x00, 0x00, 0x0d, 
	0xe8, 0x07, 0x00, 0x00, 0x4a, 0x15, 0x00, 0x00, 
	0x48, 0x15, 0x00, 0x00, 0x13, 0xf3, 0x07, 0x00, 
	0x00, 0x55, 0x15, 0x00, 0x00, 0x51, 0x15, 0x00, 
	0x00, 0x0e, 0x50, 0x15, 0x01, 0x00, 0x53, 0x07, 
	0x00, 0x00, 0xc0, 0x08, 0x00, 0x00, 0x0a, 0x01, 
	0x5a, 0x02, 0x79, 0x00, 0x0a, 0x01, 0x5b, 0x02, 
	0x78, 0x00, 0x00, 0x34, 0x68, 0x15, 0x01, 0x00, 
	0xd0, 0x08, 0x00, 0x00, 0x0a, 0x01, 0x5a, 0x02, 
	0x79, 0x00, 0x00, 0x0e, 0x88, 0x15, 0x01, 0x00, 
	0x3b, 0x07, 0x00, 0x00, 0xe4, 0x08, 0x00, 0x00, 
	0x0a, 0x01, 0x5a, 0x02, 0x79, 0x00, 0x00, 0x0e, 
	0xa0, 0x15, 0x01, 0x00, 0x3b, 0x07, 0x00, 0x00, 
	0xf8, 0x08, 0x00, 0x00, 0x0a, 0x01, 0x5a, 0x02, 
	0x79, 0x00, 0x00, 0x0e, 0xb4, 0x15, 0x01, 0x00, 
	0x3b, 0x07, 0x00, 0x00, 0x0c, 0x09, 0x00, 0x00, 
	0x0a, 0x01, 0x5a, 0x02, 0x79, 0x00, 0x00, 0x14, 
	0xbc, 0x15, 0x01, 0x00, 0x34, 0x07, 0x00, 0x00, 
	0x14, 0xc4, 0x15, 0x01, 0x00, 0x2d, 0x07, 0x00, 
	0x00, 0x00, 0x00, 0x00, 0xea, 0x09, 0x00, 0x00, 
	0x05, 0x00, 0x01, 0x04, 0x83, 0x28, 0x00, 0x00, 
	0x17, 0x0c, 0x03, 0x00, 0x00, 0x1d, 0x03, 0x47, 
	0x16, 0x03, 0x00, 0xb6, 0x09, 0x00, 0x00, 0xef, 
	0x00, 0x00, 0x00, 0xd4, 0x15, 0x01, 0x00, 0x68, 
	0x02, 0x00, 0x00, 0xde, 0x2b, 0x00, 0x00, 0x06, 
	0x08, 0x07, 0x33, 0x00, 0x00, 0x00, 0x06, 0x04, 
	0x07, 0x3d, 0x00, 0x00, 0x00, 0x06, 0x01, 0x06, 
	0xf5, 0x01, 0x00, 0x00, 0x06, 0x01, 0x08, 0xf3, 
	0x01, 0x00, 0x00, 0x06, 0x02, 0x05, 0x0f, 0x02, 
	0x00, 0x00, 0x06, 0x02, 0x07, 0x4a, 0x01, 0x00, 
	0x00, 0x06, 0x04, 0x05, 0x89, 0x00, 0x00, 0x00, 
	0x06, 0x04, 0x07, 0x38, 0x00, 0x00, 0x00, 0x06, 
	0x08, 0x05, 0x84, 0x00, 0x00, 0x00, 0x18, 0x04, 
	0x05, 0x69, 0x6e, 0x74, 0x00, 0x06, 0x10, 0x04, 
	0xad, 0x01, 0x00, 0x00, 0x12, 0x84, 0x01, 0x00, 
	0x00, 0x02, 0x76, 0x01, 0x17, 0x32, 0x00, 0x00, 
	0x00, 0x0a, 0x68, 0x0a, 0x00, 0x00, 0x03, 0x2e, 
	0x0e, 0x55, 0x00, 0x00, 0x00, 0x0a, 0xac, 0x02, 
	0x00, 0x00, 0x03, 0x74, 0x0e, 0x55, 0x00, 0x00, 
	0x00, 0x0a, 0xf9, 0x02, 0x00, 0x00, 0x03, 0x93, 
	0x17, 0x6a, 0x00, 0x00, 0x00, 0x19, 0x04, 0x03, 
	0xa5, 0x03, 0xc9, 0x00, 0x00, 0x00, 0x13, 0x7e, 
	0x01, 0x00, 0x00, 0xa7, 0x0c, 0x78, 0x00, 0x00, 
	0x00, 0x13, 0x33, 0x01, 0x00, 0x00, 0xa8, 0x13, 
	0xc9, 0x00, 0x00, 0x00, 0x00, 0x07, 0x40, 0x00, 
	0x00, 0x00, 0xd9, 0x00, 0x00, 0x00, 0x08, 0x32, 
	0x00, 0x00, 0x00, 0x03, 0x00, 0x1a, 0x08, 0x03, 
	0xa2, 0x09, 0xfd, 0x00, 0x00, 0x00, 0x02, 0x8a, 
	0x02, 0x00, 0x00, 0x03, 0xa4, 0x07, 0x6a, 0x00, 
	0x00, 0x00, 0x00, 0x02, 0x92, 0x02, 0x00, 0x00, 
	0x03, 0xa9, 0x05, 0xa9, 0x00, 0x00, 0x00, 0x04, 
	0x00, 0x0a, 0x31, 0x02, 0x00, 0x00, 0x03, 0xaa, 
	0x03, 0xd9, 0x00, 0x00, 0x00, 0x1b, 0x04, 0x0a, 
	0xd5, 0x02, 0x00, 0x00, 0x04, 0x17, 0x19, 0x5c, 
	0x00, 0x00, 0x00, 0x0a, 0xe1, 0x01, 0x00, 0x00, 
	0x05, 0x0c, 0x0d, 0x6a, 0x00, 0x00, 0x00, 0x0a, 
	0xf6, 0x00, 0x00, 0x00, 0x04, 0x24, 0x1b, 0x17, 
	0x01, 0x00, 0x00, 0x0c, 0x07, 0x01, 0x00, 0x00, 
	0x18, 0x35, 0x85, 0x01, 0x00, 0x00, 0x02, 0x52, 
	0x02, 0x00, 0x00, 0x04, 0x37, 0x13, 0x85, 0x01, 
	0x00, 0x00, 0x00, 0x09, 0x5f, 0x6b, 0x00, 0x38, 
	0x07, 0x6a, 0x00, 0x00, 0x00, 0x04, 0x02, 0x7c, 
	0x02, 0x00, 0x00, 0x04, 0x38, 0x0b, 0x6a, 0x00, 
	0x00, 0x00, 0x08, 0x02, 0xf0, 0x00, 0x00, 0x00, 
	0x04, 0x38, 0x14, 0x6a, 0x00, 0x00, 0x00, 0x0c, 
	0x02, 0xea, 0x02, 0x00, 0x00, 0x04, 0x38, 0x1b, 
	0x6a, 0x00, 0x00, 0x00, 0x10, 0x09, 0x5f, 0x78, 
	0x00, 0x39, 0x0b, 0x8a, 0x01, 0x00, 0x00, 0x14, 
	0x00, 0x04, 0x2f, 0x01, 0x00, 0x00, 0x07, 0x0b, 
	0x01, 0x00, 0x00, 0x9a, 0x01, 0x00, 0x00, 0x08, 
	0x32, 0x00, 0x00, 0x00, 0x00, 0x00, 0x0c, 0x2e, 
	0x01, 0x00, 0x00, 0x24, 0x3d, 0x1b, 0x02, 0x00, 
	0x00, 0x02, 0x7b, 0x00, 0x00, 0x00, 0x04, 0x3f, 
	0x09, 0x6a, 0x00, 0x00, 0x00, 0x00, 0x02, 0xb4, 
	0x02, 0x00, 0x00, 0x04, 0x40, 0x09, 0x6a, 0x00, 
	0x00, 0x00, 0x04, 0x02, 0x98, 0x00, 0x00, 0x00, 
	0x04, 0x41, 0x09, 0x6a, 0x00, 0x00, 0x00, 0x08, 
	0x02, 0xd0, 0x03, 0x00, 0x00, 0x04, 0x42, 0x09, 
	0x6a, 0x00, 0x00, 0x00, 0x0c, 0x02, 0xb9, 0x01, 
	0x00, 0x00, 0x04, 0x43, 0x09, 0x6a, 0x00, 0x00, 
	0x00, 0x10, 0x02, 0xa3, 0x01, 0x00, 0x00, 0x04, 
	0x44, 0x09, 0x6a, 0x00, 0x00, 0x00, 0x14, 0x02, 
	0xef, 0x02, 0x00, 0x00, 0x04, 0x45, 0x09, 0x6a, 
	0x00, 0x00, 0x00, 0x18, 0x02, 0x19, 0x02, 0x00, 
	0x00, 0x04, 0x46, 0x09, 0x6a, 0x00, 0x00, 0x00, 
	0x1c, 0x02, 0x97, 0x03, 0x00, 0x00, 0x04, 0x47, 
	0x09, 0x6a, 0x00, 0x00, 0x00, 0x20, 0x00, 0x0c, 
	0x23, 0x02, 0x00, 0x00, 0x08, 0x74, 0x41, 0x02, 
	0x00, 0x00, 0x02, 0x80, 0x05, 0x00, 0x00, 0x04, 
	0x75, 0x11, 0x41, 0x02, 0x00, 0x00, 0x00, 0x02, 
	0xdf, 0x05, 0x00, 0x00, 0x04, 0x76, 0x06, 0x6a, 
	0x00, 0x00, 0x00, 0x04, 0x00, 0x04, 0x40, 0x00, 
	0x00, 0x00, 0x0c, 0x3c, 0x02, 0x00, 0x00, 0x68, 
	0x99, 0x7f, 0x03, 0x00, 0x00, 0x09, 0x5f, 0x70, 
	0x00, 0x9a, 0x12, 0x41, 0x02, 0x00, 0x00, 0x00, 
	0x09, 0x5f, 0x72, 0x00, 0x9b, 0x07, 0x6a, 0x00, 
	0x00, 0x00, 0x04, 0x09, 0x5f, 0x77, 0x00, 0x9c, 
	0x07, 0x6a, 0x00, 0x00, 0x00, 0x08, 0x02, 0xaa, 
	0x00, 0x00, 0x00, 0x04, 0x9d, 0x09, 0x47, 0x00, 
	0x00, 0x00, 0x0c, 0x02, 0xf6, 0x07, 0x00, 0x00, 
	0x04, 0x9e, 0x09, 0x47, 0x00, 0x00, 0x00, 0x0e, 
	0x09, 0x5f, 0x62, 0x66, 0x00, 0x9f, 0x11, 0x1b, 
	0x02, 0x00, 0x00, 0x10, 0x02, 0x4a, 0x00, 0x00, 
	0x00, 0x04, 0xa0, 0x07, 0x6a, 0x00, 0x00, 0x00, 
	0x18, 0x02, 0xa2, 0x00, 0x00, 0x00, 0x04, 0xa7, 
	0x0a, 0x09, 0x01, 0x00, 0x00, 0x1c, 0x02, 0x1e, 
	0x01, 0x00, 0x00, 0x04, 0xa9, 0x1d, 0x95, 0x04, 
	0x00, 0x00, 0x20, 0x02, 0x9c, 0x01, 0x00, 0x00, 
	0x04, 0xab, 0x1d, 0xbd, 0x04, 0x00, 0x00, 0x24, 
	0x02, 0x9a, 0x02, 0x00, 0x00, 0x04, 0xae, 0x0d, 
	0xe0, 0x04, 0x00, 0x00, 0x28, 0x02, 0xb1, 0x03, 
	0x00, 0x00, 0x04, 0xaf, 0x09, 0xf9, 0x04, 0x00, 
	0x00, 0x2c, 0x09, 0x5f, 0x75, 0x62, 0x00, 0xb2, 
	0x11, 0x1b, 0x02, 0x00, 0x00, 0x30, 0x09, 0x5f, 
	0x75, 0x70, 0x00, 0xb3, 0x12, 0x41, 0x02, 0x00, 
	0x00, 0x38, 0x09, 0x5f, 0x75, 0x72, 0x00, 0xb4, 
	0x07, 0x6a, 0x00, 0x00, 0x00, 0x3c, 0x02, 0x92, 
	0x00, 0x00, 0x00, 0x04, 0xb7, 0x11, 0xfe, 0x04, 
	0x00, 0x00, 0x40, 0x02, 0x91, 0x03, 0x00, 0x00, 
	0x04, 0xb8, 0x11, 0x0e, 0x05, 0x00, 0x00, 0x43, 
	0x09, 0x5f, 0x6c, 0x62, 0x00, 0xbb, 0x11, 0x1b, 
	0x02, 0x00, 0x00, 0x44, 0x02, 0xb8, 0x00, 0x00, 
	0x00, 0x04, 0xbe, 0x07, 0x6a, 0x00, 0x00, 0x00, 
	0x4c, 0x02, 0xc9, 0x00, 0x00, 0x00, 0x04, 0xbf, 
	0x0a, 0x85, 0x00, 0x00, 0x00, 0x50, 0x02, 0x3f, 
	0x04, 0x00, 0x00, 0x04, 0xc2, 0x12, 0x9d, 0x03, 
	0x00, 0x00, 0x54, 0x02, 0xb7, 0x04, 0x00, 0x00, 
	0x04, 0xc6, 0x0c, 0x23, 0x01, 0x00, 0x00, 0x58, 
	0x02, 0x44, 0x02, 0x00, 0x00, 0x04, 0xc8, 0x0e, 
	0xfd, 0x00, 0x00, 0x00, 0x5c, 0x02, 0x94, 0x01, 
	0x00, 0x00, 0x04, 0xc9, 0x09, 0x6a, 0x00, 0x00, 
	0x00, 0x64, 0x00, 0x0b, 0x9d, 0x00, 0x00, 0x00, 
	0x9d, 0x03, 0x00, 0x00, 0x03, 0x9d, 0x03, 0x00, 
	0x00, 0x03, 0x09, 0x01, 0x00, 0x00, 0x03, 0x84, 
	0x04, 0x00, 0x00, 0x03, 0x6a, 0x00, 0x00, 0x00, 
	0x00, 0x04, 0xa2, 0x03, 0x00, 0x00, 0x1c, 0x14, 
	0x04, 0x00, 0x00, 0x40, 0x01, 0x04, 0x42, 0x02, 
	0x08, 0x84, 0x04, 0x00, 0x00, 0x01, 0x60, 0x0a, 
	0x00, 0x00, 0x44, 0x02, 0x07, 0x6a, 0x00, 0x00, 
	0x00, 0x00, 0x01, 0xb1, 0x00, 0x00, 0x00, 0x49, 
	0x02, 0x0b, 0x64, 0x05, 0x00, 0x00, 0x04, 0x01, 
	0x3a, 0x01, 0x00, 0x00, 0x49, 0x02, 0x14, 0x64, 
	0x05, 0x00, 0x00, 0x08, 0x01, 0xff, 0x00, 0x00, 
	0x00, 0x49, 0x02, 0x1e, 0x64, 0x05, 0x00, 0x00, 
	0x0c, 0x01, 0x65, 0x02, 0x00, 0x00, 0x4b, 0x02, 
	0x08, 0x6a, 0x00, 0x00, 0x00, 0x10, 0x01, 0x08, 
	0x00, 0x00, 0x00, 0x4c, 0x02, 0x08, 0x13, 0x07, 
	0x00, 0x00, 0x14, 0x01, 0x6a, 0x02, 0x00, 0x00, 
	0x51, 0x02, 0x16, 0x28, 0x07, 0x00, 0x00, 0x30, 
	0x01, 0x72, 0x02, 0x00, 0x00, 0x57, 0x02, 0x0a, 
	0x38, 0x07, 0x00, 0x00, 0x34, 0x01, 0x76, 0x01, 
	0x00, 0x00, 0x5a, 0x02, 0x13, 0x85, 0x01, 0x00, 
	0x00, 0x38, 0x01, 0x24, 0x01, 0x00, 0x00, 0x5b, 
	0x02, 0x07, 0x6a, 0x00, 0x00, 0x00, 0x3c, 0x01, 
	0xcb, 0x03, 0x00, 0x00, 0x5c, 0x02, 0x13, 0x85, 
	0x01, 0x00, 0x00, 0x40, 0x01, 0xc2, 0x01, 0x00, 
	0x00, 0x5d, 0x02, 0x14, 0x3d, 0x07, 0x00, 0x00, 
	0x44, 0x01, 0x42, 0x01, 0x00, 0x00, 0x60, 0x02, 
	0x07, 0x6a, 0x00, 0x00, 0x00, 0x48, 0x01, 0xc1, 
	0x00, 0x00, 0x00, 0x61, 0x02, 0x09, 0x84, 0x04, 
	0x00, 0x00, 0x4c, 0x01, 0x01, 0x02, 0x00, 0x00, 
	0x90, 0x02, 0x07, 0xfb, 0x06, 0x00, 0x00, 0x50, 
	0x1d, 0x87, 0x03, 0x00, 0x00, 0x04, 0x98, 0x02, 
	0x0b, 0x4d, 0x07, 0x00, 0x00, 0x38, 0x01, 0x00, 
	0x04, 0x89, 0x04, 0x00, 0x00, 0x06, 0x01, 0x08, 
	0xfc, 0x01, 0x00, 0x00, 0x1e, 0x89, 0x04, 0x00, 
	0x00, 0x04, 0x7f, 0x03, 0x00, 0x00, 0x0b, 0x9d, 
	0x00, 0x00, 0x00, 0xb8, 0x04, 0x00, 0x00, 0x03, 
	0x9d, 0x03, 0x00, 0x00, 0x03, 0x09, 0x01, 0x00, 
	0x00, 0x03, 0xb8, 0x04, 0x00, 0x00, 0x03, 0x6a, 
	0x00, 0x00, 0x00, 0x00, 0x04, 0x90, 0x04, 0x00, 
	0x00, 0x04, 0x9a, 0x04, 0x00, 0x00, 0x0b, 0x91, 
	0x00, 0x00, 0x00, 0xe0, 0x04, 0x00, 0x00, 0x03, 
	0x9d, 0x03, 0x00, 0x00, 0x03, 0x09, 0x01, 0x00, 
	0x00, 0x03, 0x91, 0x00, 0x00, 0x00, 0x03, 0x6a, 
	0x00, 0x00, 0x00, 0x00, 0x04, 0xc2, 0x04, 0x00, 
	0x00, 0x0b, 0x6a, 0x00, 0x00, 0x00, 0xf9, 0x04, 
	0x00, 0x00, 0x03, 0x9d, 0x03, 0x00, 0x00, 0x03, 
	0x09, 0x01, 0x00, 0x00, 0x00, 0x04, 0xe5, 0x04, 
	0x00, 0x00, 0x07, 0x40, 0x00, 0x00, 0x00, 0x0e, 
	0x05, 0x00, 0x00, 0x08, 0x32, 0x00, 0x00, 0x00, 
	0x02, 0x00, 0x07, 0x40, 0x00, 0x00, 0x00, 0x1e, 
	0x05, 0x00, 0x00, 0x08, 0x32, 0x00, 0x00, 0x00, 
	0x00, 0x00, 0x12, 0x2a, 0x02, 0x00, 0x00, 0x04, 
	0x0e, 0x01, 0x1a, 0x46, 0x02, 0x00, 0x00, 0x14, 
	0x2c, 0x08, 0x00, 0x00, 0x0c, 0x14, 0x01, 0x5f, 
	0x05, 0x00, 0x00, 0x01, 0x52, 0x02, 0x00, 0x00, 
	0x16, 0x01, 0x11, 0x5f, 0x05, 0x00, 0x00, 0x00, 
	0x01, 0x1a, 0x08, 0x00, 0x00, 0x17, 0x01, 0x07, 
	0x6a, 0x00, 0x00, 0x00, 0x04, 0x01, 0xe7, 0x07, 
	0x00, 0x00, 0x18, 0x01, 0x0b, 0x64, 0x05, 0x00, 
	0x00, 0x08, 0x00, 0x04, 0x2b, 0x05, 0x00, 0x00, 
	0x04, 0x1e, 0x05, 0x00, 0x00, 0x0f, 0x32, 0x08, 
	0x00, 0x00, 0x1b, 0x01, 0x15, 0x2b, 0x05, 0x00, 
	0x00, 0x14, 0x00, 0x00, 0x00, 0x00, 0x0e, 0x32, 
	0x01, 0xa9, 0x05, 0x00, 0x00, 0x01, 0x84, 0x02, 
	0x00, 0x00, 0x33, 0x01, 0x12, 0xa9, 0x05, 0x00, 
	0x00, 0x00, 0x01, 0xbd, 0x02, 0x00, 0x00, 0x34, 
	0x01, 0x12, 0xa9, 0x05, 0x00, 0x00, 0x06, 0x01, 
	0xd0, 0x02, 0x00, 0x00, 0x35, 0x01, 0x12, 0x4e, 
	0x00, 0x00, 0x00, 0x0c, 0x00, 0x07, 0x4e, 0x00, 
	0x00, 0x00, 0xb9, 0x05, 0x00, 0x00, 0x08, 0x32, 
	0x00, 0x00, 0x00, 0x02, 0x00, 0x1f, 0xe8, 0x04, 
	0x65, 0x02, 0x07, 0xbb, 0x06, 0x00, 0x00, 0x01, 
	0xc3, 0x02, 0x00, 0x00, 0x6a, 0x02, 0x12, 0x84, 
	0x04, 0x00, 0x00, 0x00, 0x01, 0x69, 0x01, 0x00, 
	0x00, 0x6b, 0x02, 0x10, 0xbb, 0x06, 0x00, 0x00, 
	0x04, 0x01, 0xa2, 0x03, 0x00, 0x00, 0x6c, 0x02, 
	0x17, 0x9a, 0x01, 0x00, 0x00, 0x20, 0x01, 0x0f, 
	0x01, 0x00, 0x00, 0x6d, 0x02, 0x0f, 0x6a, 0x00, 
	0x00, 0x00, 0x44, 0x01, 0x4d, 0x02, 0x00, 0x00, 
	0x6e, 0x02, 0x2c, 0x2b, 0x00, 0x00, 0x00, 0x48, 
	0x01, 0xb8, 0x03, 0x00, 0x00, 0x6f, 0x02, 0x1a, 
	0x75, 0x05, 0x00, 0x00, 0x50, 0x01, 0x58, 0x02, 
	0x00, 0x00, 0x70, 0x02, 0x16, 0xfd, 0x00, 0x00, 
	0x00, 0x60, 0x01, 0xbd, 0x03, 0x00, 0x00, 0x71, 
	0x02, 0x16, 0xfd, 0x00, 0x00, 0x00, 0x68, 0x01, 
	0x6d, 0x00, 0x00, 0x00, 0x72, 0x02, 0x16, 0xfd, 
	0x00, 0x00, 0x00, 0x70, 0x01, 0x02, 0x03, 0x00, 
	0x00, 0x73, 0x02, 0x10, 0xcb, 0x06, 0x00, 0x00, 
	0x78, 0x01, 0x5d, 0x01, 0x00, 0x00, 0x74, 0x02, 
	0x10, 0xdb, 0x06, 0x00, 0x00, 0x80, 0x01, 0xdd, 
	0x02, 0x00, 0x00, 0x75, 0x02, 0x0f, 0x6a, 0x00, 
	0x00, 0x00, 0x98, 0x01, 0xe2, 0x00, 0x00, 0x00, 
	0x76, 0x02, 0x16, 0xfd, 0x00, 0x00, 0x00, 0x9c, 
	0x01, 0x5e, 0x00, 0x00, 0x00, 0x77, 0x02, 0x16, 
	0xfd, 0x00, 0x00, 0x00, 0xa4, 0x01, 0xd1, 0x00, 
	0x00, 0x00, 0x78, 0x02, 0x16, 0xfd, 0x00, 0x00, 
	0x00, 0xac, 0x01, 0x13, 0x00, 0x00, 0x00, 0x79, 
	0x02, 0x16, 0xfd, 0x00, 0x00, 0x00, 0xb4, 0x01, 
	0x22, 0x00, 0x00, 0x00, 0x7a, 0x02, 0x16, 0xfd, 
	0x00, 0x00, 0x00, 0xbc, 0x01, 0x06, 0x02, 0x00, 
	0x00, 0x7b, 0x02, 0x08, 0x6a, 0x00, 0x00, 0x00, 
	0xc4, 0x01, 0xcc, 0x01, 0x00, 0x00, 0x87, 0x02, 
	0x09, 0xeb, 0x06, 0x00, 0x00, 0xc8, 0x00, 0x07, 
	0x89, 0x04, 0x00, 0x00, 0xcb, 0x06, 0x00, 0x00, 
	0x08, 0x32, 0x00, 0x00, 0x00, 0x19, 0x00, 0x07, 
	0x89, 0x04, 0x00, 0x00, 0xdb, 0x06, 0x00, 0x00, 
	0x08, 0x32, 0x00, 0x00, 0x00, 0x07, 0x00, 0x07, 
	0x89, 0x04, 0x00, 0x00, 0xeb, 0x06, 0x00, 0x00, 
	0x08, 0x32, 0x00, 0x00, 0x00, 0x17, 0x00, 0x07, 
	0x89, 0x04, 0x00, 0x00, 0xfb, 0x06, 0x00, 0x00, 
	0x08, 0x32, 0x00, 0x00, 0x00, 0x1f, 0x00, 0x20, 
	0xe8, 0x04, 0x63, 0x02, 0x03, 0x13, 0x07, 0x00, 
	0x00, 0x21, 0x14, 0x04, 0x00, 0x00, 0x04, 0x88, 
	0x02, 0x0b, 0xb9, 0x05, 0x00, 0x00, 0x00, 0x07, 
	0x89, 0x04, 0x00, 0x00, 0x23, 0x07, 0x00, 0x00, 
	0x08, 0x32, 0x00, 0x00, 0x00, 0x18, 0x00, 0x22, 
	0x53, 0x00, 0x00, 0x00, 0x04, 0x23, 0x07, 0x00, 
	0x00, 0x15, 0x38, 0x07, 0x00, 0x00, 0x03, 0x9d, 
	0x03, 0x00, 0x00, 0x00, 0x04, 0x2d, 0x07, 0x00, 
	0x00, 0x04, 0x85, 0x01, 0x00, 0x00, 0x15, 0x4d, 
	0x07, 0x00, 0x00, 0x03, 0x6a, 0x00, 0x00, 0x00, 
	0x00, 0x04, 0x52, 0x07, 0x00, 0x00, 0x04, 0x42, 
	0x07, 0x00, 0x00, 0x0f, 0xa0, 0x02, 0x00, 0x00, 
	0x1d, 0x03, 0x17, 0x9d, 0x03, 0x00, 0x00, 0x0f, 
	0x38, 0x04, 0x00, 0x00, 0x23, 0x03, 0x16, 0xa2, 
	0x03, 0x00, 0x00, 0x0a, 0x2c, 0x02, 0x00, 0x00, 
	0x06, 0x42, 0x10, 0x1e, 0x05, 0x00, 0x00, 0x23, 
	0x21, 0x07, 0x00, 0x00, 0x04, 0x9c, 0x03, 0x0c, 
	0x6a, 0x00, 0x00, 0x00, 0x9c, 0x07, 0x00, 0x00, 
	0x03, 0x9d, 0x03, 0x00, 0x00, 0x03, 0x9c, 0x07, 
	0x00, 0x00, 0x03, 0x5f, 0x05, 0x00, 0x00, 0x00, 
	0x04, 0xa1, 0x07, 0x00, 0x00, 0x0b, 0x6a, 0x00, 
	0x00, 0x00, 0xb5, 0x07, 0x00, 0x00, 0x03, 0x9d, 
	0x03, 0x00, 0x00, 0x03, 0x64, 0x05, 0x00, 0x00, 
	0x00, 0x24, 0xc2, 0x06, 0x00, 0x00, 0x07, 0xb6, 
	0x0f, 0xc7, 0x07, 0x00, 0x00, 0x03, 0x9d, 0x03, 
	0x00, 0x00, 0x00, 0x25, 0x23, 0x04, 0x00, 0x00, 
	0x08, 0x2a, 0x01, 0x06, 0xdf, 0x07, 0x00, 0x00, 
	0x03, 0x9d, 0x03, 0x00, 0x00, 0x03, 0x09, 0x01, 
	0x00, 0x00, 0x00, 0x26, 0x9b, 0x09, 0x00, 0x00, 
	0x06, 0xc6, 0x05, 0x6a, 0x00, 0x00, 0x00, 0x14, 
	0x18, 0x01, 0x00, 0x28, 0x00, 0x00, 0x00, 0x01, 
	0x9c, 0x2e, 0x08, 0x00, 0x00, 0x27, 0x66, 0x70, 
	0x00, 0x01, 0x1e, 0x01, 0x19, 0x2e, 0x08, 0x00, 
	0x00, 0x79, 0x15, 0x00, 0x00, 0x6f, 0x15, 0x00, 
	0x00, 0x28, 0x34, 0x18, 0x01, 0x00, 0x7b, 0x07, 
	0x00, 0x00, 0x24, 0x08, 0x00, 0x00, 0x05, 0x01, 
	0x5b, 0x05, 0x03, 0xbc, 0x17, 0x01, 0x00, 0x00, 
	0x29, 0x3c, 0x18, 0x01, 0x00, 0x33, 0x08, 0x00, 
	0x00, 0x00, 0x04, 0x6f, 0x07, 0x00, 0x00, 0x2a, 
	0xa9, 0x09, 0x00, 0x00, 0x06, 0xa1, 0x01, 0x05, 
	0x6a, 0x00, 0x00, 0x00, 0xbc, 0x17, 0x01, 0x00, 
	0x58, 0x00, 0x00, 0x00, 0x01, 0x9c, 0xc6, 0x08, 
	0x00, 0x00, 0x0d, 0x70, 0x74, 0x72, 0x00, 0xfb, 
	0x1b, 0x9d, 0x03, 0x00, 0x00, 0xbb, 0x15, 0x00, 
	0x00, 0xaf, 0x15, 0x00, 0x00, 0x0d, 0x66, 0x70, 
	0x00, 0xfc, 0x18, 0x2e, 0x08, 0x00, 0x00, 0xfe, 
	0x15, 0x00, 0x00, 0xf8, 0x15, 0x00, 0x00, 0x2b, 
	0x72, 0x65, 0x74, 0x00, 0x01, 0xfe, 0x07, 0x6a, 
	0x00, 0x00, 0x00, 0x10, 0xa2, 0x00, 0x00, 0x00, 
	0xae, 0x08, 0x00, 0x00, 0x2c, 0x6a, 0x09, 0x00, 
	0x00, 0x01, 0x10, 0x01, 0x03, 0x9d, 0x03, 0x00, 
	0x00, 0x2a, 0x16, 0x00, 0x00, 0x1e, 0x16, 0x00, 
	0x00, 0x2d, 0xe0, 0x17, 0x01, 0x00, 0xb5, 0x07, 
	0x00, 0x00, 0x05, 0x01, 0x5a, 0x02, 0x78, 0x00, 
	0x00, 0x00, 0x2e, 0x00, 0x18, 0x01, 0x00, 0xc6, 
	0x08, 0x00, 0x00, 0x05, 0x01, 0x5a, 0x09, 0xa3, 
	0x03, 0xa5, 0x0a, 0x2b, 0xa8, 0x32, 0xa8, 0x00, 
	0x00, 0x00, 0x2f, 0x86, 0x09, 0x00, 0x00, 0x01, 
	0x67, 0x01, 0x6a, 0x00, 0x00, 0x00, 0xd4, 0x15, 
	0x01, 0x00, 0xe8, 0x01, 0x00, 0x00, 0x01, 0x9c, 
	0x0d, 0x70, 0x74, 0x72, 0x00, 0x67, 0x1c, 0x9d, 
	0x03, 0x00, 0x00, 0x6f, 0x16, 0x00, 0x00, 0x67, 
	0x16, 0x00, 0x00, 0x0d, 0x66, 0x70, 0x00, 0x68, 
	0x18, 0x2e, 0x08, 0x00, 0x00, 0x9a, 0x16, 0x00, 
	0x00, 0x92, 0x16, 0x00, 0x00, 0x11, 0x70, 0x00, 
	0x6a, 0x1b, 0x41, 0x02, 0x00, 0x00, 0xc5, 0x16, 
	0x00, 0x00, 0xbd, 0x16, 0x00, 0x00, 0x11, 0x6e, 
	0x00, 0x6b, 0x25, 0x6a, 0x00, 0x00, 0x00, 0xe8, 
	0x16, 0x00, 0x00, 0xe4, 0x16, 0x00, 0x00, 0x11, 
	0x74, 0x00, 0x6c, 0x24, 0x9d, 0x00, 0x00, 0x00, 
	0xfb, 0x16, 0x00, 0x00, 0xf7, 0x16, 0x00, 0x00, 
	0x0e, 0xab, 0x00, 0x00, 0x00, 0x6d, 0x09, 0x47, 
	0x00, 0x00, 0x00, 0x12, 0x17, 0x00, 0x00, 0x0a, 
	0x17, 0x00, 0x00, 0x10, 0x8d, 0x00, 0x00, 0x00, 
	0xd3, 0x09, 0x00, 0x00, 0x0e, 0x91, 0x09, 0x00, 
	0x00, 0x82, 0x08, 0x6a, 0x00, 0x00, 0x00, 0x30, 
	0x17, 0x00, 0x00, 0x2e, 0x17, 0x00, 0x00, 0x0e, 
	0xa2, 0x09, 0x00, 0x00, 0x86, 0x0c, 0x91, 0x00, 
	0x00, 0x00, 0x3d, 0x17, 0x00, 0x00, 0x37, 0x17, 
	0x00, 0x00, 0x10, 0x97, 0x00, 0x00, 0x00, 0x93, 
	0x09, 0x00, 0x00, 0x0e, 0x77, 0x01, 0x00, 0x00, 
	0x9d, 0x09, 0x6a, 0x00, 0x00, 0x00, 0x56, 0x17, 
	0x00, 0x00, 0x52, 0x17, 0x00, 0x00, 0x00, 0x30, 
	0x70, 0x16, 0x01, 0x00, 0xa8, 0x09, 0x00, 0x00, 
	0x05, 0x01, 0x5a, 0x02, 0x79, 0x00, 0x05, 0x01, 
	0x5d, 0x01, 0x30, 0x00, 0x31, 0xf0, 0x16, 0x01, 
	0x00, 0xc7, 0x07, 0x00, 0x00, 0xbc, 0x09, 0x00, 
	0x00, 0x05, 0x01, 0x5a, 0x02, 0x79, 0x00, 0x00, 
	0x16, 0x0c, 0x17, 0x01, 0x00, 0x05, 0x01, 0x5a, 
	0x02, 0x79, 0x00, 0x05, 0x01, 0x5c, 0x01, 0x30, 
	0x05, 0x01, 0x5d, 0x01, 0x31, 0x00, 0x00, 0x16, 
	0x80, 0x17, 0x01, 0x00, 0x05, 0x01, 0x5a, 0x02, 
	0x79, 0x00, 0x05, 0x01, 0x5c, 0x03, 0x91, 0x6c, 
	0x06, 0x05, 0x01, 0x5d, 0x02, 0x82, 0x00, 0x00, 
	0x00, 0x00, 0x49, 0x03, 0x00, 0x00, 0x05, 0x00, 
	0x01, 0x04, 0x73, 0x2b, 0x00, 0x00, 0x09, 0xc6, 
	0x09, 0x00, 0x00, 0x1d, 0x03, 0x47, 0x16, 0x03, 
	0x00, 0x89, 0x0a, 0x00, 0x00, 0x29, 0x0a, 0x00, 
	0x00, 0x3c, 0x18, 0x01, 0x00, 0x40, 0x00, 0x00, 
	0x00, 0x94, 0x30, 0x00, 0x00, 0x03, 0x08, 0x07, 
	0x33, 0x00, 0x00, 0x00, 0x03, 0x04, 0x07, 0x3d, 
	0x00, 0x00, 0x00, 0x0a, 0x04, 0x05, 0x69, 0x6e, 
	0x74, 0x00, 0x03, 0x08, 0x05, 0x84, 0x00, 0x00, 
	0x00, 0x03, 0x10, 0x04, 0xad, 0x01, 0x00, 0x00, 
	0x03, 0x01, 0x06, 0xf5, 0x01, 0x00, 0x00, 0x03, 
	0x01, 0x08, 0xf3, 0x01, 0x00, 0x00, 0x03, 0x02, 
	0x05, 0x0f, 0x02, 0x00, 0x00, 0x03, 0x02, 0x07, 
	0x4a, 0x01, 0x00, 0x00, 0x03, 0x04, 0x05, 0x89, 
	0x00, 0x00, 0x00, 0x03, 0x04, 0x07, 0x38, 0x00, 
	0x00, 0x00, 0x03, 0x01, 0x08, 0xfc, 0x01, 0x00, 
	0x00, 0x0b, 0x5f, 0x0a, 0x00, 0x00, 0x03, 0x13, 
	0x0d, 0x8b, 0x00, 0x00, 0x00, 0x0c, 0x04, 0x39, 
	0x00, 0x00, 0x00, 0x0d, 0xb1, 0x03, 0x00, 0x00, 
	0x01, 0x06, 0x01, 0x39, 0x00, 0x00, 0x00, 0x3c, 
	0x18, 0x01, 0x00, 0x40, 0x00, 0x00, 0x00, 0x01, 
	0x9c, 0x18, 0x02, 0x00, 0x00, 0x0e, 0xf7, 0x07, 
	0x00, 0x00, 0x01, 0x06, 0x0c, 0x39, 0x00, 0x00, 
	0x00, 0x78, 0x17, 0x00, 0x00, 0x74, 0x17, 0x00, 
	0x00, 0x0f, 0x18, 0x02, 0x00, 0x00, 0x3c, 0x18, 
	0x01, 0x00, 0x02, 0xb9, 0x00, 0x00, 0x00, 0x01, 
	0x08, 0x0a, 0x01, 0x26, 0x02, 0x00, 0x00, 0x8e, 
	0x17, 0x00, 0x00, 0x8c, 0x17, 0x00, 0x00, 0x01, 
	0x2f, 0x02, 0x00, 0x00, 0x98, 0x17, 0x00, 0x00, 
	0x96, 0x17, 0x00, 0x00, 0x01, 0x45, 0x02, 0x00, 
	0x00, 0xa1, 0x17, 0x00, 0x00, 0x9f, 0x17, 0x00, 
	0x00, 0x01, 0x50, 0x02, 0x00, 0x00, 0xa1, 0x17, 
	0x00, 0x00, 0x9f, 0x17, 0x00, 0x00, 0x01, 0x5b, 
	0x02, 0x00, 0x00, 0xa1, 0x17, 0x00, 0x00, 0x9f, 
	0x17, 0x00, 0x00, 0x01, 0x66, 0x02, 0x00, 0x00, 
	0xa1, 0x17, 0x00, 0x00, 0x9f, 0x17, 0x00, 0x00, 
	0x01, 0x71, 0x02, 0x00, 0x00, 0xa1, 0x17, 0x00, 
	0x00, 0x9f, 0x17, 0x00, 0x00, 0x01, 0x3a, 0x02, 
	0x00, 0x00, 0xac, 0x17, 0x00, 0x00, 0xa8, 0x17, 
	0x00, 0x00, 0x10, 0x7c, 0x02, 0x00, 0x00, 0xc6, 
	0x17, 0x00, 0x00, 0xc0, 0x17, 0x00, 0x00, 0x11, 
	0x87, 0x02, 0x00, 0x00, 0x3c, 0x18, 0x01, 0x00, 
	0x04, 0xc0, 0x00, 0x00, 0x00, 0x02, 0x44, 0x0d, 
	0xea, 0x01, 0x00, 0x00, 0x01, 0x95, 0x02, 0x00, 
	0x00, 0xdb, 0x17, 0x00, 0x00, 0xd9, 0x17, 0x00, 
	0x00, 0x01, 0x9e, 0x02, 0x00, 0x00, 0xe5, 0x17, 
	0x00, 0x00, 0xe3, 0x17, 0x00, 0x00, 0x01, 0xb4, 
	0x02, 0x00, 0x00, 0xee, 0x17, 0x00, 0x00, 0xec, 
	0x17, 0x00, 0x00, 0x01, 0xbf, 0x02, 0x00, 0x00, 
	0xee, 0x17, 0x00, 0x00, 0xec, 0x17, 0x00, 0x00, 
	0x01, 0xca, 0x02, 0x00, 0x00, 0xee, 0x17, 0x00, 
	0x00, 0xec, 0x17, 0x00, 0x00, 0x01, 0xd5, 0x02, 
	0x00, 0x00, 0xee, 0x17, 0x00, 0x00, 0xec, 0x17, 
	0x00, 0x00, 0x01, 0xe0, 0x02, 0x00, 0x00, 0xee, 
	0x17, 0x00, 0x00, 0xec, 0x17, 0x00, 0x00, 0x01, 
	0xa9, 0x02, 0x00, 0x00, 0xf9, 0x17, 0x00, 0x00, 
	0xf5, 0x17, 0x00, 0x00, 0x06, 0xeb, 0x02, 0x00, 
	0x00, 0x01, 0x61, 0x06, 0xf7, 0x02, 0x00, 0x00, 
	0x01, 0x5a, 0x05, 0x01, 0x03, 0x00, 0x00, 0x05, 
	0x0b, 0x03, 0x00, 0x00, 0x05, 0x15, 0x03, 0x00, 
	0x00, 0x05, 0x1f, 0x03, 0x00, 0x00, 0x05, 0x29, 
	0x03, 0x00, 0x00, 0x00, 0x12, 0x34, 0x03, 0x00, 
	0x00, 0x58, 0x18, 0x01, 0x00, 0x11, 0x58, 0x18, 
	0x01, 0x00, 0x0c, 0x00, 0x00, 0x00, 0x02, 0x47, 
	0x0c, 0x01, 0x41, 0x03, 0x00, 0x00, 0x13, 0x18, 
	0x00, 0x00, 0x0d, 0x18, 0x00, 0x00, 0x13, 0x60, 
	0x18, 0x01, 0x00, 0x7f, 0x00, 0x00, 0x00, 0x00, 
	0x00, 0x00, 0x07, 0x3b, 0x0a, 0x00, 0x00, 0x42, 
	0x6a, 0x00, 0x00, 0x00, 0x87, 0x02, 0x00, 0x00, 
	0x02, 0x6e, 0x00, 0x42, 0x15, 0x6a, 0x00, 0x00, 
	0x00, 0x08, 0x4a, 0x0a, 0x00, 0x00, 0x42, 0x1c, 
	0x39, 0x00, 0x00, 0x00, 0x02, 0x5f, 0x61, 0x30, 
	0x00, 0x42, 0x27, 0x6a, 0x00, 0x00, 0x00, 0x02, 
	0x5f, 0x61, 0x31, 0x00, 0x42, 0x31, 0x6a, 0x00, 
	0x00, 0x00, 0x02, 0x5f, 0x61, 0x32, 0x00, 0x42, 
	0x3b, 0x6a, 0x00, 0x00, 0x00, 0x02, 0x5f, 0x61, 
	0x33, 0x00, 0x42, 0x45, 0x6a, 0x00, 0x00, 0x00, 
	0x02, 0x5f, 0x61, 0x34, 0x00, 0x42, 0x4f, 0x6a, 
	0x00, 0x00, 0x00, 0x02, 0x5f, 0x61, 0x35, 0x00, 
	0x42, 0x59, 0x6a, 0x00, 0x00, 0x00, 0x04, 0x61, 
	0x30, 0x00, 0x44, 0x08, 0x6a, 0x00, 0x00, 0x00, 
	0x00, 0x07, 0xb3, 0x09, 0x00, 0x00, 0x19, 0x6a, 
	0x00, 0x00, 0x00, 0x34, 0x03, 0x00, 0x00, 0x02, 
	0x6e, 0x00, 0x19, 0x19, 0x6a, 0x00, 0x00, 0x00, 
	0x08, 0x4a, 0x0a, 0x00, 0x00, 0x19, 0x20, 0x39, 
	0x00, 0x00, 0x00, 0x02, 0x5f, 0x61, 0x30, 0x00, 
	0x19, 0x2b, 0x6a, 0x00, 0x00, 0x00, 0x02, 0x5f, 
	0x61, 0x31, 0x00, 0x19, 0x35, 0x6a, 0x00, 0x00, 
	0x00, 0x02, 0x5f, 0x61, 0x32, 0x00, 0x19, 0x3f, 
	0x6a, 0x00, 0x00, 0x00, 0x02, 0x5f, 0x61, 0x33, 
	0x00, 0x19, 0x49, 0x6a, 0x00, 0x00, 0x00, 0x02, 
	0x5f, 0x61, 0x34, 0x00, 0x19, 0x53, 0x6a, 0x00, 
	0x00, 0x00, 0x02, 0x5f, 0x61, 0x35, 0x00, 0x19, 
	0x5d, 0x6a, 0x00, 0x00, 0x00, 0x14, 0x30, 0x0a, 
	0x00, 0x00, 0x02, 0x1e, 0x11, 0x6a, 0x00, 0x00, 
	0x00, 0x04, 0x61, 0x30, 0x00, 0x21, 0x11, 0x6a, 
	0x00, 0x00, 0x00, 0x04, 0x61, 0x31, 0x00, 0x26, 
	0x11, 0x6a, 0x00, 0x00, 0x00, 0x04, 0x61, 0x32, 
	0x00, 0x2b, 0x11, 0x6a, 0x00, 0x00, 0x00, 0x04, 
	0x61, 0x33, 0x00, 0x30, 0x11, 0x6a, 0x00, 0x00, 
	0x00, 0x04, 0x61, 0x34, 0x00, 0x35, 0x11, 0x6a, 
	0x00, 0x00, 0x00, 0x04, 0x61, 0x35, 0x00, 0x3a, 
	0x11, 0x6a, 0x00, 0x00, 0x00, 0x00, 0x15, 0x4f, 
	0x0a, 0x00, 0x00, 0x02, 0x12, 0x01, 0x6a, 0x00, 
	0x00, 0x00, 0x03, 0x02, 0x61, 0x30, 0x00, 0x12, 
	0x16, 0x6a, 0x00, 0x00, 0x00, 0x00, 0x00, 0x95, 
	0x03, 0x00, 0x00, 0x05, 0x00, 0x01, 0x04, 0xcd, 
	0x2c, 0x00, 0x00, 0x0b, 0xc6, 0x09, 0x00, 0x00, 
	0x1d, 0x03, 0x47, 0x16, 0x03, 0x00, 0x2d, 0x0b, 
	0x00, 0x00, 0x29, 0x0a, 0x00, 0x00, 0x7c, 0x18, 
	0x01, 0x00, 0x40, 0x00, 0x00, 0x00, 0xb5, 0x31, 
	0x00, 0x00, 0x03, 0x08, 0x07, 0x33, 0x00, 0x00, 
	0x00, 0x03, 0x04, 0x07, 0x3d, 0x00, 0x00, 0x00, 
	0x03, 0x01, 0x06, 0xf5, 0x01, 0x00, 0x00, 0x03, 
	0x01, 0x08, 0xf3, 0x01, 0x00, 0x00, 0x03, 0x02, 
	0x05, 0x0f, 0x02, 0x00, 0x00, 0x03, 0x02, 0x07, 
	0x4a, 0x01, 0x00, 0x00, 0x03, 0x04, 0x05, 0x89, 
	0x00, 0x00, 0x00, 0x03, 0x04, 0x07, 0x38, 0x00, 
	0x00, 0x00, 0x03, 0x08, 0x05, 0x84, 0x00, 0x00, 
	0x00, 0x0c, 0x04, 0x05, 0x69, 0x6e, 0x74, 0x00, 
	0x03, 0x10, 0x04, 0xad, 0x01, 0x00, 0x00, 0x06, 
	0x68, 0x0a, 0x00, 0x00, 0x03, 0x2e, 0x0e, 0x55, 
	0x00, 0x00, 0x00, 0x06, 0x67, 0x0a, 0x00, 0x00, 
	0x03, 0x66, 0x10, 0x78, 0x00, 0x00, 0x00, 0x03, 
	0x01, 0x08, 0xfc, 0x01, 0x00, 0x00, 0x06, 0x69, 
	0x0a, 0x00, 0x00, 0x04, 0x9b, 0x12, 0x84, 0x00, 
	0x00, 0x00, 0x0d, 0x5f, 0x0a, 0x00, 0x00, 0x05, 
	0x13, 0x0d, 0xaf, 0x00, 0x00, 0x00, 0x0e, 0x04, 
	0x6a, 0x00, 0x00, 0x00, 0x0f, 0x8e, 0x08, 0x00, 
	0x00, 0x01, 0x07, 0x01, 0x97, 0x00, 0x00, 0x00, 
	0x7c, 0x18, 0x01, 0x00, 0x40, 0x00, 0x00, 0x00, 
	0x01, 0x9c, 0x64, 0x02, 0x00, 0x00, 0x10, 0xf7, 
	0x07, 0x00, 0x00, 0x01, 0x07, 0x0c, 0x6a, 0x00, 
	0x00, 0x00, 0x36, 0x18, 0x00, 0x00, 0x32, 0x18, 
	0x00, 0x00, 0x08, 0x70, 0x74, 0x72, 0x00, 0x18, 
	0x97, 0x00, 0x00, 0x00, 0x4e, 0x18, 0x00, 0x00, 
	0x4a, 0x18, 0x00, 0x00, 0x08, 0x64, 0x69, 0x72, 
	0x00, 0x21, 0x6a, 0x00, 0x00, 0x00, 0x66, 0x18, 
	0x00, 0x00, 0x62, 0x18, 0x00, 0x00, 0x11, 0x64, 
	0x02, 0x00, 0x00, 0x7c, 0x18, 0x01, 0x00, 0x02, 
	0xd3, 0x00, 0x00, 0x00, 0x01, 0x09, 0x0a, 0x01, 
	0x72, 0x02, 0x00, 0x00, 0x7c, 0x18, 0x00, 0x00, 
	0x7a, 0x18, 0x00, 0x00, 0x01, 0x7b, 0x02, 0x00, 
	0x00, 0x86, 0x18, 0x00, 0x00, 0x84, 0x18, 0x00, 
	0x00, 0x01, 0xa7, 0x02, 0x00, 0x00, 0x8f, 0x18, 
	0x00, 0x00, 0x8d, 0x18, 0x00, 0x00, 0x01, 0xb2, 
	0x02, 0x00, 0x00, 0x8f, 0x18, 0x00, 0x00, 0x8d, 
	0x18, 0x00, 0x00, 0x01, 0xbd, 0x02, 0x00, 0x00, 
	0x8f, 0x18, 0x00, 0x00, 0x8d, 0x18, 0x00, 0x00, 
	0x01, 0x86, 0x02, 0x00, 0x00, 0x9a, 0x18, 0x00, 
	0x00, 0x96, 0x18, 0x00, 0x00, 0x01, 0x91, 0x02, 
	0x00, 0x00, 0xb2, 0x18, 0x00, 0x00, 0xae, 0x18, 
	0x00, 0x00, 0x01, 0x9c, 0x02, 0x00, 0x00, 0xca, 
	0x18, 0x00, 0x00, 0xc6, 0x18, 0x00, 0x00, 0x12, 
	0xc8, 0x02, 0x00, 0x00, 0xe4, 0x18, 0x00, 0x00, 
	0xde, 0x18, 0x00, 0x00, 0x13, 0xd3, 0x02, 0x00, 
	0x00, 0x7c, 0x18, 0x01, 0x00, 0x04, 0xda, 0x00, 
	0x00, 0x00, 0x02, 0x44, 0x0d, 0x36, 0x02, 0x00, 
	0x00, 0x01, 0xe1, 0x02, 0x00, 0x00, 0xf9, 0x18, 
	0x00, 0x00, 0xf7, 0x18, 0x00, 0x00, 0x01, 0xea, 
	0x02, 0x00, 0x00, 0x03, 0x19, 0x00, 0x00, 0x01, 
	0x19, 0x00, 0x00, 0x01, 0x16, 0x03, 0x00, 0x00, 
	0x0c, 0x19, 0x00, 0x00, 0x0a, 0x19, 0x00, 0x00, 
	0x01, 0x21, 0x03, 0x00, 0x00, 0x0c, 0x19, 0x00, 
	0x00, 0x0a, 0x19, 0x00, 0x00, 0x01, 0x2c, 0x03, 
	0x00, 0x00, 0x0c, 0x19, 0x00, 0x00, 0x0a, 0x19, 
	0x00, 0x00, 0x01, 0xf5, 0x02, 0x00, 0x00, 0x17, 
	0x19, 0x00, 0x00, 0x13, 0x19, 0x00, 0x00, 0x01, 
	0x00, 0x03, 0x00, 0x00, 0x2d, 0x19, 0x00, 0x00, 
	0x2b, 0x19, 0x00, 0x00, 0x01, 0x0b, 0x03, 0x00, 
	0x00, 0x35, 0x19, 0x00, 0x00, 0x33, 0x19, 0x00, 
	0x00, 0x05, 0x37, 0x03, 0x00, 0x00, 0x01, 0x61, 
	0x05, 0x43, 0x03, 0x00, 0x00, 0x01, 0x5a, 0x05, 
	0x4d, 0x03, 0x00, 0x00, 0x01, 0x5b, 0x05, 0x57, 
	0x03, 0x00, 0x00, 0x01, 0x5c, 0x07, 0x61, 0x03, 
	0x00, 0x00, 0x07, 0x6b, 0x03, 0x00, 0x00, 0x07, 
	0x75, 0x03, 0x00, 0x00, 0x00, 0x14, 0x80, 0x03, 
	0x00, 0x00, 0x98, 0x18, 0x01, 0x00, 0x15, 0x98, 
	0x18, 0x01, 0x00, 0x0c, 0x00, 0x00, 0x00, 0x02, 
	0x47, 0x0c, 0x01, 0x8d, 0x03, 0x00, 0x00, 0x41, 
	0x19, 0x00, 0x00, 0x3b, 0x19, 0x00, 0x00, 0x15, 
	0xa0, 0x18, 0x01, 0x00, 0xa3, 0x00, 0x00, 0x00, 
	0x00, 0x00, 0x00, 0x09, 0x3b, 0x0a, 0x00, 0x00, 
	0x42, 0x55, 0x00, 0x00, 0x00, 0xd3, 0x02, 0x00, 
	0x00, 0x02, 0x6e, 0x00, 0x42, 0x15, 0x55, 0x00, 
	0x00, 0x00, 0x0a, 0x4a, 0x0a, 0x00, 0x00, 0x42, 
	0x1c, 0x6a, 0x00, 0x00, 0x00, 0x02, 0x5f, 0x61, 
	0x30, 0x00, 0x42, 0x27, 0x55, 0x00, 0x00, 0x00, 
	0x02, 0x5f, 0x61, 0x31, 0x00, 0x42, 0x31, 0x55, 
	0x00, 0x00, 0x00, 0x02, 0x5f, 0x61, 0x32, 0x00, 
	0x42, 0x3b, 0x55, 0x00, 0x00, 0x00, 0x02, 0x5f, 
	0x61, 0x33, 0x00, 0x42, 0x45, 0x55, 0x00, 0x00, 
	0x00, 0x02, 0x5f, 0x61, 0x34, 0x00, 0x42, 0x4f, 
	0x55, 0x00, 0x00, 0x00, 0x02, 0x5f, 0x61, 0x35, 
	0x00, 0x42, 0x59, 0x55, 0x00, 0x00, 0x00, 0x04, 
	0x61, 0x30, 0x00, 0x44, 0x08, 0x55, 0x00, 0x00, 
	0x00, 0x00, 0x09, 0xb3, 0x09, 0x00, 0x00, 0x19, 
	0x55, 0x00, 0x00, 0x00, 0x80, 0x03, 0x00, 0x00, 
	0x02, 0x6e, 0x00, 0x19, 0x19, 0x55, 0x00, 0x00, 
	0x00, 0x0a, 0x4a, 0x0a, 0x00, 0x00, 0x19, 0x20, 
	0x6a, 0x00, 0x00, 0x00, 0x02, 0x5f, 0x61, 0x30, 
	0x00, 0x19, 0x2b, 0x55, 0x00, 0x00, 0x00, 0x02, 
	0x5f, 0x61, 0x31, 0x00, 0x19, 0x35, 0x55, 0x00, 
	0x00, 0x00, 0x02, 0x5f, 0x61, 0x32, 0x00, 0x19, 
	0x3f, 0x55, 0x00, 0x00, 0x00, 0x02, 0x5f, 0x61, 
	0x33, 0x00, 0x19, 0x49, 0x55, 0x00, 0x00, 0x00, 
	0x02, 0x5f, 0x61, 0x34, 0x00, 0x19, 0x53, 0x55, 
	0x00, 0x00, 0x00, 0x02, 0x5f, 0x61, 0x35, 0x00, 
	0x19, 0x5d, 0x55, 0x00, 0x00, 0x00, 0x16, 0x30, 
	0x0a, 0x00, 0x00, 0x02, 0x1e, 0x11, 0x55, 0x00, 
	0x00, 0x00, 0x04, 0x61, 0x30, 0x00, 0x21, 0x11, 
	0x55, 0x00, 0x00, 0x00, 0x04, 0x61, 0x31, 0x00, 
	0x26, 0x11, 0x55, 0x00, 0x00, 0x00, 0x04, 0x61, 
	0x32, 0x00, 0x2b, 0x11, 0x55, 0x00, 0x00, 0x00, 
	0x04, 0x61, 0x33, 0x00, 0x30, 0x11, 0x55, 0x00, 
	0x00, 0x00, 0x04, 0x61, 0x34, 0x00, 0x35, 0x11, 
	0x55, 0x00, 0x00, 0x00, 0x04, 0x61, 0x35, 0x00, 
	0x3a, 0x11, 0x55, 0x00, 0x00, 0x00, 0x00, 0x17, 
	0x4f, 0x0a, 0x00, 0x00, 0x02, 0x12, 0x01, 0x55, 
	0x00, 0x00, 0x00, 0x03, 0x02, 0x61, 0x30, 0x00, 
	0x12, 0x16, 0x55, 0x00, 0x00, 0x00, 0x00, 0x00, 
	0x97, 0x03, 0x00, 0x00, 0x05, 0x00, 0x01, 0x04, 
	0x4c, 0x2e, 0x00, 0x00, 0x0b, 0xc6, 0x09, 0x00, 
	0x00, 0x1d, 0x03, 0x47, 0x16, 0x03, 0x00, 0x85, 
	0x0b, 0x00, 0x00, 0x29, 0x0a, 0x00, 0x00, 0xbc, 
	0x18, 0x01, 0x00, 0x40, 0x00, 0x00, 0x00, 0xf8, 
	0x32, 0x00, 0x00, 0x03, 0x08, 0x07, 0x33, 0x00, 
	0x00, 0x00, 0x03, 0x04, 0x07, 0x3d, 0x00, 0x00, 
	0x00, 0x03, 0x01, 0x06, 0xf5, 0x01, 0x00, 0x00, 
	0x03, 0x01, 0x08, 0xf3, 0x01, 0x00, 0x00, 0x03, 
	0x02, 0x05, 0x0f, 0x02, 0x00, 0x00, 0x03, 0x02, 
	0x07, 0x4a, 0x01, 0x00, 0x00, 0x03, 0x04, 0x05, 
	0x89, 0x00, 0x00, 0x00, 0x03, 0x04, 0x07, 0x38, 
	0x00, 0x00, 0x00, 0x03, 0x08, 0x05, 0x84, 0x00, 
	0x00, 0x00, 0x0c, 0x04, 0x05, 0x69, 0x6e, 0x74, 
	0x00, 0x06, 0xfb, 0x02, 0x00, 0x00, 0x03, 0xe5, 
	0x17, 0x32, 0x00, 0x00, 0x00, 0x03, 0x10, 0x04, 
	0xad, 0x01, 0x00, 0x00, 0x06, 0xf9, 0x02, 0x00, 
	0x00, 0x04, 0x93, 0x17, 0x6a, 0x00, 0x00, 0x00, 
	0x0d, 0x04, 0x03, 0x01, 0x08, 0xfc, 0x01, 0x00, 
	0x00, 0x06, 0xfa, 0x02, 0x00, 0x00, 0x05, 0xb6, 
	0x12, 0x84, 0x00, 0x00, 0x00, 0x0e, 0x5f, 0x0a, 
	0x00, 0x00, 0x06, 0x13, 0x0d, 0xb1, 0x00, 0x00, 
	0x00, 0x0f, 0x04, 0x6a, 0x00, 0x00, 0x00, 0x10, 
	0x1e, 0x01, 0x00, 0x00, 0x01, 0x06, 0x09, 0x99, 
	0x00, 0x00, 0x00, 0xbc, 0x18, 0x01, 0x00, 0x40, 
	0x00, 0x00, 0x00, 0x01, 0x9c, 0x66, 0x02, 0x00, 
	0x00, 0x11, 0xf7, 0x07, 0x00, 0x00, 0x01, 0x06, 
	0x13, 0x6a, 0x00, 0x00, 0x00, 0x64, 0x19, 0x00, 
	0x00, 0x60, 0x19, 0x00, 0x00, 0x08, 0x70, 0x74, 
	0x72, 0x00, 0x1f, 0x90, 0x00, 0x00, 0x00, 0x7c, 
	0x19, 0x00, 0x00, 0x78, 0x19, 0x00, 0x00, 0x08, 
	0x6c, 0x65, 0x6e, 0x00, 0x2b, 0x71, 0x00, 0x00, 
	0x00, 0x94, 0x19, 0x00, 0x00, 0x90, 0x19, 0x00, 
	0x00, 0x12, 0x66, 0x02, 0x00, 0x00, 0xbc, 0x18, 
	0x01, 0x00, 0x02, 0xed, 0x00, 0x00, 0x00, 0x01, 
	0x08, 0x0a, 0x01, 0x74, 0x02, 0x00, 0x00, 0xaa, 
	0x19, 0x00, 0x00, 0xa8, 0x19, 0x00, 0x00, 0x01, 
	0x7d, 0x02, 0x00, 0x00, 0xb4, 0x19, 0x00, 0x00, 
	0xb2, 0x19, 0x00, 0x00, 0x01, 0xa9, 0x02, 0x00, 
	0x00, 0xbd, 0x19, 0x00, 0x00, 0xbb, 0x19, 0x00, 
	0x00, 0x01, 0xb4, 0x02, 0x00, 0x00, 0xbd, 0x19, 
	0x00, 0x00, 0xbb, 0x19, 0x00, 0x00, 0x01, 0xbf, 
	0x02, 0x00, 0x00, 0xbd, 0x19, 0x00, 0x00, 0xbb, 
	0x19, 0x00, 0x00, 0x01, 0x88, 0x02, 0x00, 0x00, 
	0xc8, 0x19, 0x00, 0x00, 0xc4, 0x19, 0x00, 0x00, 
	0x01, 0x93, 0x02, 0x00, 0x00, 0xe0, 0x19, 0x00, 
	0x00, 0xdc, 0x19, 0x00, 0x00, 0x01, 0x9e, 0x02, 
	0x00, 0x00, 0xf8, 0x19, 0x00, 0x00, 0xf4, 0x19, 
	0x00, 0x00, 0x13, 0xca, 0x02, 0x00, 0x00, 0x12, 
	0x1a, 0x00, 0x00, 0x0c, 0x1a, 0x00, 0x00, 0x14, 
	0xd5, 0x02, 0x00, 0x00, 0xbc, 0x18, 0x01, 0x00, 
	0x04, 0xf4, 0x00, 0x00, 0x00, 0x02, 0x44, 0x0d, 
	0x38, 0x02, 0x00, 0x00, 0x01, 0xe3, 0x02, 0x00, 
	0x00, 0x27, 0x1a, 0x00, 0x00, 0x25, 0x1a, 0x00, 
	0x00, 0x01, 0xec, 0x02, 0x00, 0x00, 0x31, 0x1a, 
	0x00, 0x00, 0x2f, 0x1a, 0x00, 0x00, 0x01, 0x18, 
	0x03, 0x00, 0x00, 0x3a, 0x1a, 0x00, 0x00, 0x38, 
	0x1a, 0x00, 0x00, 0x01, 0x23, 0x03, 0x00, 0x00, 
	0x3a, 0x1a, 0x00, 0x00, 0x38, 0x1a, 0x00, 0x00, 
	0x01, 0x2e, 0x03, 0x00, 0x00, 0x3a, 0x1a, 0x00, 
	0x00, 0x38, 0x1a, 0x00, 0x00, 0x01, 0xf7, 0x02, 
	0x00, 0x00, 0x45, 0x1a, 0x00, 0x00, 0x41, 0x1a, 
	0x00, 0x00, 0x01, 0x02, 0x03, 0x00, 0x00, 0x5b, 
	0x1a, 0x00, 0x00, 0x59, 0x1a, 0x00, 0x00, 0x01, 
	0x0d, 0x03, 0x00, 0x00, 0x63, 0x1a, 0x00, 0x00, 
	0x61, 0x1a, 0x00, 0x00, 0x05, 0x39, 0x03, 0x00, 
	0x00, 0x01, 0x61, 0x05, 0x45, 0x03, 0x00, 0x00, 
	0x01, 0x5a, 0x05, 0x4f, 0x03, 0x00, 0x00, 0x01, 
	0x5b, 0x05, 0x59, 0x03, 0x00, 0x00, 0x01, 0x5c, 
	0x07, 0x63, 0x03, 0x00, 0x00, 0x07, 0x6d, 0x03, 
	0x00, 0x00, 0x07, 0x77, 0x03, 0x00, 0x00, 0x00, 
	0x15, 0x82, 0x03, 0x00, 0x00, 0xd8, 0x18, 0x01, 
	0x00, 0x15, 0xd8, 0x18, 0x01, 0x00, 0x0c, 0x00, 
	0x00, 0x00, 0x02, 0x47, 0x0c, 0x01, 0x8f, 0x03, 
	0x00, 0x00, 0x6f, 0x1a, 0x00, 0x00, 0x69, 0x1a, 
	0x00, 0x00, 0x16, 0xe0, 0x18, 0x01, 0x00, 0xa5, 
	0x00, 0x00, 0x00, 0x00, 0x00, 0x00, 0x09, 0x3b, 
	0x0a, 0x00, 0x00, 0x42, 0x55, 0x00, 0x00, 0x00, 
	0xd5, 0x02, 0x00, 0x00, 0x02, 0x6e, 0x00, 0x42, 
	0x15, 0x55, 0x00, 0x00, 0x00, 0x0a, 0x4a, 0x0a, 
	0x00, 0x00, 0x42, 0x1c, 0x6a, 0x00, 0x00, 0x00, 
	0x02, 0x5f, 0x61, 0x30, 0x00, 0x42, 0x27, 0x55, 
	0x00, 0x00, 0x00, 0x02, 0x5f, 0x61, 0x31, 0x00, 
	0x42, 0x31, 0x55, 0x00, 0x00, 0x00, 0x02, 0x5f, 
	0x61, 0x32, 0x00, 0x42, 0x3b, 0x55, 0x00, 0x00, 
	0x00, 0x02, 0x5f, 0x61, 0x33, 0x00, 0x42, 0x45, 
	0x55, 0x00, 0x00, 0x00, 0x02, 0x5f, 0x61, 0x34, 
	0x00, 0x42, 0x4f, 0x55, 0x00, 0x00, 0x00, 0x02, 
	0x5f, 0x61, 0x35, 0x00, 0x42, 0x59, 0x55, 0x00, 
	0x00, 0x00, 0x04, 0x61, 0x30, 0x00, 0x44, 0x08, 
	0x55, 0x00, 0x00, 0x00, 0x00, 0x09, 0xb3, 0x09, 
	0x00, 0x00, 0x19, 0x55, 0x00, 0x00, 0x00, 0x82, 
	0x03, 0x00, 0x00, 0x02, 0x6e, 0x00, 0x19, 0x19, 
	0x55, 0x00, 0x00, 0x00, 0x0a, 0x4a, 0x0a, 0x00, 
	0x00, 0x19, 0x20, 0x6a, 0x00, 0x00, 0x00, 0x02, 
	0x5f, 0x61, 0x30, 0x00, 0x19, 0x2b, 0x55, 0x00, 
	0x00, 0x00, 0x02, 0x5f, 0x61, 0x31, 0x00, 0x19, 
	0x35, 0x55, 0x00, 0x00, 0x00, 0x02, 0x5f, 0x61, 
	0x32, 0x00, 0x19, 0x3f, 0x55, 0x00, 0x00, 0x00, 
	0x02, 0x5f, 0x61, 0x33, 0x00, 0x19, 0x49, 0x55, 
	0x00, 0x00, 0x00, 0x02, 0x5f, 0x61, 0x34, 0x00, 
	0x19, 0x53, 0x55, 0x00, 0x00, 0x00, 0x02, 0x5f, 
	0x61, 0x35, 0x00, 0x19, 0x5d, 0x55, 0x00, 0x00, 
	0x00, 0x17, 0x30, 0x0a, 0x00, 0x00, 0x02, 0x1e, 
	0x11, 0x55, 0x00, 0x00, 0x00, 0x04, 0x61, 0x30, 
	0x00, 0x21, 0x11, 0x55, 0x00, 0x00, 0x00, 0x04, 
	0x61, 0x31, 0x00, 0x26, 0x11, 0x55, 0x00, 0x00, 
	0x00, 0x04, 0x61, 0x32, 0x00, 0x2b, 0x11, 0x55, 
	0x00, 0x00, 0x00, 0x04, 0x61, 0x33, 0x00, 0x30, 
	0x11, 0x55, 0x00, 0x00, 0x00, 0x04, 0x61, 0x34, 
	0x00, 0x35, 0x11, 0x55, 0x00, 0x00, 0x00, 0x04, 
	0x61, 0x35, 0x00, 0x3a, 0x11, 0x55, 0x00, 0x00, 
	0x00, 0x00, 0x18, 0x4f, 0x0a, 0x00, 0x00, 0x02, 
	0x12, 0x01, 0x55, 0x00, 0x00, 0x00, 0x03, 0x02, 
	0x61, 0x30, 0x00, 0x12, 0x16, 0x55, 0x00, 0x00, 
	0x00, 0x00, 0x00, 0x36, 0x03, 0x00, 0x00, 0x05, 
	0x00, 0x01, 0x04, 0xd2, 0x2f, 0x00, 0x00, 0x08, 
	0xc6, 0x09, 0x00, 0x00, 0x1d, 0x03, 0x47, 0x16, 
	0x03, 0x00, 0xdc, 0x0b, 0x00, 0x00, 0x29, 0x0a, 
	0x00, 0x00, 0xfc, 0x18, 0x01, 0x00, 0x68, 0x00, 
	0x00, 0x00, 0x44, 0x34, 0x00, 0x00, 0x02, 0x08, 
	0x07, 0x33, 0x00, 0x00, 0x00, 0x02, 0x04, 0x07, 
	0x3d, 0x00, 0x00, 0x00, 0x02, 0x01, 0x06, 0xf5, 
	0x01, 0x00, 0x00, 0x02, 0x01, 0x08, 0xf3, 0x01, 
	0x00, 0x00, 0x02, 0x02, 0x05, 0x0f, 0x02, 0x00, 
	0x00, 0x02, 0x02, 0x07, 0x4a, 0x01, 0x00, 0x00, 
	0x02, 0x04, 0x05, 0x89, 0x00, 0x00, 0x00, 0x02, 
	0x04, 0x07, 0x38, 0x00, 0x00, 0x00, 0x02, 0x08, 
	0x05, 0x84, 0x00, 0x00, 0x00, 0x09, 0x04, 0x05, 
	0x69, 0x6e, 0x74, 0x00, 0x0a, 0xbd, 0x04, 0x00, 
	0x00, 0x03, 0xa0, 0x1a, 0x6a, 0x00, 0x00, 0x00, 
	0x02, 0x10, 0x04, 0xad, 0x01, 0x00, 0x00, 0x0b, 
	0x04, 0x02, 0x01, 0x08, 0xfc, 0x01, 0x00, 0x00, 
	0x0c, 0x5f, 0x0a, 0x00, 0x00, 0x04, 0x13, 0x0d, 
	0x99, 0x00, 0x00, 0x00, 0x0d, 0x04, 0x6a, 0x00, 
	0x00, 0x00, 0x0e, 0x9a, 0x08, 0x00, 0x00, 0x01, 
	0x26, 0x01, 0x84, 0x00, 0x00, 0x00, 0xfc, 0x18, 
	0x01, 0x00, 0x68, 0x00, 0x00, 0x00, 0x01, 0x9c, 
	0x76, 0x02, 0x00, 0x00, 0x0f, 0x95, 0x08, 0x00, 
	0x00, 0x01, 0x26, 0x11, 0x71, 0x00, 0x00, 0x00, 
	0x98, 0x1a, 0x00, 0x00, 0x8e, 0x1a, 0x00, 0x00, 
	0x10, 0x6f, 0x0a, 0x00, 0x00, 0x01, 0x28, 0x18, 
	0x5c, 0x00, 0x00, 0x00, 0x05, 0x03, 0x74, 0x25, 
	0x01, 0x00, 0x11, 0x07, 0x01, 0x00, 0x00, 0xa1, 
	0x01, 0x00, 0x00, 0x12, 0x62, 0x72, 0x6b, 0x00, 
	0x01, 0x2c, 0x0c, 0x55, 0x00, 0x00, 0x00, 0xc8, 
	0x1a, 0x00, 0x00, 0xc4, 0x1a, 0x00, 0x00, 0x07, 
	0x76, 0x02, 0x00, 0x00, 0x10, 0x19, 0x01, 0x00, 
	0x09, 0x10, 0x19, 0x01, 0x00, 0x08, 0x00, 0x00, 
	0x00, 0x2c, 0x12, 0x01, 0x87, 0x02, 0x00, 0x00, 
	0xd5, 0x1a, 0x00, 0x00, 0xd3, 0x1a, 0x00, 0x00, 
	0x01, 0x90, 0x02, 0x00, 0x00, 0xdf, 0x1a, 0x00, 
	0x00, 0xdd, 0x1a, 0x00, 0x00, 0x01, 0x9c, 0x02, 
	0x00, 0x00, 0xe8, 0x1a, 0x00, 0x00, 0xe6, 0x1a, 
	0x00, 0x00, 0x01, 0xa7, 0x02, 0x00, 0x00, 0xe8, 
	0x1a, 0x00, 0x00, 0xe6, 0x1a, 0x00, 0x00, 0x01, 
	0xb2, 0x02, 0x00, 0x00, 0xe8, 0x1a, 0x00, 0x00, 
	0xe6, 0x1a, 0x00, 0x00, 0x01, 0xbd, 0x02, 0x00, 
	0x00, 0xe8, 0x1a, 0x00, 0x00, 0xe6, 0x1a, 0x00, 
	0x00, 0x01, 0xc8, 0x02, 0x00, 0x00, 0xe8, 0x1a, 
	0x00, 0x00, 0xe6, 0x1a, 0x00, 0x00, 0x01, 0xd3, 
	0x02, 0x00, 0x00, 0xe8, 0x1a, 0x00, 0x00, 0xe6, 
	0x1a, 0x00, 0x00, 0x06, 0xde, 0x02, 0x00, 0x00, 
	0x01, 0x61, 0x06, 0xea, 0x02, 0x00, 0x00, 0x01, 
	0x5a, 0x03, 0xf3, 0x02, 0x00, 0x00, 0x03, 0xfc, 
	0x02, 0x00, 0x00, 0x03, 0x05, 0x03, 0x00, 0x00, 
	0x03, 0x0e, 0x03, 0x00, 0x00, 0x03, 0x17, 0x03, 
	0x00, 0x00, 0x00, 0x00, 0x13, 0x21, 0x03, 0x00, 
	0x00, 0x20, 0x19, 0x01, 0x00, 0x15, 0x20, 0x19, 
	0x01, 0x00, 0x0c, 0x00, 0x00, 0x00, 0x01, 0x33, 
	0x14, 0xd1, 0x01, 0x00, 0x00, 0x01, 0x2e, 0x03, 
	0x00, 0x00, 0xf1, 0x1a, 0x00, 0x00, 0xef, 0x1a, 
	0x00, 0x00, 0x14, 0x24, 0x19, 0x01, 0x00, 0x8d, 
	0x00, 0x00, 0x00, 0x00, 0x07, 0x76, 0x02, 0x00, 
	0x00, 0x40, 0x19, 0x01, 0x00, 0x20, 0x40, 0x19, 
	0x01, 0x00, 0x0c, 0x00, 0x00, 0x00, 0x32, 0x07, 
	0x01, 0x87, 0x02, 0x00, 0x00, 0xfb, 0x1a, 0x00, 
	0x00, 0xf9, 0x1a, 0x00, 0x00, 0x01, 0x90, 0x02, 
	0x00, 0x00, 0x05, 0x1b, 0x00, 0x00, 0x03, 0x1b, 
	0x00, 0x00, 0x01, 0x9c, 0x02, 0x00, 0x00, 0x10, 
	0x1b, 0x00, 0x00, 0x0c, 0x1b, 0x00, 0x00, 0x01, 
	0xa7, 0x02, 0x00, 0x00, 0x22, 0x1b, 0x00, 0x00, 
	0x20, 0x1b, 0x00, 0x00, 0x01, 0xb2, 0x02, 0x00, 
	0x00, 0x22, 0x1b, 0x00, 0x00, 0x20, 0x1b, 0x00, 
	0x00, 0x01, 0xbd, 0x02, 0x00, 0x00, 0x22, 0x1b, 
	0x00, 0x00, 0x20, 0x1b, 0x00, 0x00, 0x01, 0xc8, 
	0x02, 0x00, 0x00, 0x22, 0x1b, 0x00, 0x00, 0x20, 
	0x1b, 0x00, 0x00, 0x01, 0xd3, 0x02, 0x00, 0x00, 
	0x22, 0x1b, 0x00, 0x00, 0x20, 0x1b, 0x00, 0x00, 
	0x06, 0xde, 0x02, 0x00, 0x00, 0x01, 0x61, 0x06, 
	0xea, 0x02, 0x00, 0x00, 0x01, 0x5a, 0x03, 0xf3, 
	0x02, 0x00, 0x00, 0x03, 0xfc, 0x02, 0x00, 0x00, 
	0x03, 0x05, 0x03, 0x00, 0x00, 0x03, 0x0e, 0x03, 
	0x00, 0x00, 0x03, 0x17, 0x03, 0x00, 0x00, 0x00, 
	0x00, 0x15, 0xb3, 0x09, 0x00, 0x00, 0x02, 0x19, 
	0x01, 0x55, 0x00, 0x00, 0x00, 0x03, 0x21, 0x03, 
	0x00, 0x00, 0x04, 0x6e, 0x00, 0x19, 0x19, 0x55, 
	0x00, 0x00, 0x00, 0x16, 0x4a, 0x0a, 0x00, 0x00, 
	0x02, 0x19, 0x20, 0x6a, 0x00, 0x00, 0x00, 0x04, 
	0x5f, 0x61, 0x30, 0x00, 0x19, 0x2b, 0x55, 0x00, 
	0x00, 0x00, 0x04, 0x5f, 0x61, 0x31, 0x00, 0x19, 
	0x35, 0x55, 0x00, 0x00, 0x00, 0x04, 0x5f, 0x61, 
	0x32, 0x00, 0x19, 0x3f, 0x55, 0x00, 0x00, 0x00, 
	0x04, 0x5f, 0x61, 0x33, 0x00, 0x19, 0x49, 0x55, 
	0x00, 0x00, 0x00, 0x04, 0x5f, 0x61, 0x34, 0x00, 
	0x19, 0x53, 0x55, 0x00, 0x00, 0x00, 0x04, 0x5f, 
	0x61, 0x35, 0x00, 0x19, 0x5d, 0x55, 0x00, 0x00, 
	0x00, 0x17, 0x30, 0x0a, 0x00, 0x00, 0x02, 0x1e, 
	0x11, 0x55, 0x00, 0x00, 0x00, 0x05, 0x61, 0x30, 
	0x00, 0x21, 0x55, 0x00, 0x00, 0x00, 0x05, 0x61, 
	0x31, 0x00, 0x26, 0x55, 0x00, 0x00, 0x00, 0x05, 
	0x61, 0x32, 0x00, 0x2b, 0x55, 0x00, 0x00, 0x00, 
	0x05, 0x61, 0x33, 0x00, 0x30, 0x55, 0x00, 0x00, 
	0x00, 0x05, 0x61, 0x34, 0x00, 0x35, 0x55, 0x00, 
	0x00, 0x00, 0x05, 0x61, 0x35, 0x00, 0x3a, 0x55, 
	0x00, 0x00, 0x00, 0x00, 0x18, 0x4f, 0x0a, 0x00, 
	0x00, 0x02, 0x12, 0x01, 0x55, 0x00, 0x00, 0x00, 
	0x03, 0x04, 0x61, 0x30, 0x00, 0x12, 0x16, 0x55, 
	0x00, 0x00, 0x00, 0x00, 0x00, 0x9a, 0x03, 0x00, 
	0x00, 0x05, 0x00, 0x01, 0x04, 0x50, 0x31, 0x00, 
	0x00, 0x0c, 0xc6, 0x09, 0x00, 0x00, 0x1d, 0x03, 
	0x47, 0x16, 0x03, 0x00, 0x33, 0x0c, 0x00, 0x00, 
	0x29, 0x0a, 0x00, 0x00, 0x64, 0x19, 0x01, 0x00, 
	0x40, 0x00, 0x00, 0x00, 0xfe, 0x35, 0x00, 0x00, 
	0x03, 0x08, 0x07, 0x33, 0x00, 0x00, 0x00, 0x03, 
	0x04, 0x07, 0x3d, 0x00, 0x00, 0x00, 0x03, 0x01, 
	0x06, 0xf5, 0x01, 0x00, 0x00, 0x03, 0x01, 0x08, 
	0xf3, 0x01, 0x00, 0x00, 0x03, 0x02, 0x05, 0x0f, 
	0x02, 0x00, 0x00, 0x03, 0x02, 0x07, 0x4a, 0x01, 
	0x00, 0x00, 0x03, 0x04, 0x05, 0x89, 0x00, 0x00, 
	0x00, 0x03, 0x04, 0x07, 0x38, 0x00, 0x00, 0x00, 
	0x03, 0x08, 0x05, 0x84, 0x00, 0x00, 0x00, 0x0d, 
	0x04, 0x05, 0x69, 0x6e, 0x74, 0x00, 0x06, 0xfb, 
	0x02, 0x00, 0x00, 0x03, 0xe5, 0x17, 0x32, 0x00, 
	0x00, 0x00, 0x03, 0x10, 0x04, 0xad, 0x01, 0x00, 
	0x00, 0x06, 0xf9, 0x02, 0x00, 0x00, 0x04, 0x93, 
	0x17, 0x6a, 0x00, 0x00, 0x00, 0x03, 0x01, 0x08, 
	0xfc, 0x01, 0x00, 0x00, 0x06, 0xfa, 0x02, 0x00, 
	0x00, 0x05, 0xb6, 0x12, 0x84, 0x00, 0x00, 0x00, 
	0x0e, 0x5f, 0x0a, 0x00, 0x00, 0x06, 0x13, 0x0d, 
	0xaf, 0x00, 0x00, 0x00, 0x08, 0x6a, 0x00, 0x00, 
	0x00, 0x0f, 0x9c, 0x01, 0x00, 0x00, 0x01, 0x07, 
	0x01, 0x97, 0x00, 0x00, 0x00, 0x64, 0x19, 0x01, 
	0x00, 0x40, 0x00, 0x00, 0x00, 0x01, 0x9c, 0x63, 
	0x02, 0x00, 0x00, 0x10, 0xf7, 0x07, 0x00, 0x00, 
	0x01, 0x07, 0x0c, 0x6a, 0x00, 0x00, 0x00, 0x39, 
	0x1b, 0x00, 0x00, 0x35, 0x1b, 0x00, 0x00, 0x09, 
	0x70, 0x74, 0x72, 0x00, 0x1e, 0x63, 0x02, 0x00, 
	0x00, 0x51, 0x1b, 0x00, 0x00, 0x4d, 0x1b, 0x00, 
	0x00, 0x09, 0x6c, 0x65, 0x6e, 0x00, 0x2a, 0x71, 
	0x00, 0x00, 0x00, 0x69, 0x1b, 0x00, 0x00, 0x65, 
	0x1b, 0x00, 0x00, 0x11, 0x69, 0x02, 0x00, 0x00, 
	0x64, 0x19, 0x01, 0x00, 0x02, 0x1d, 0x01, 0x00, 
	0x00, 0x01, 0x09, 0x0a, 0x01, 0x77, 0x02, 0x00, 
	0x00, 0x7f, 0x1b, 0x00, 0x00, 0x7d, 0x1b, 0x00, 
	0x00, 0x01, 0x80, 0x02, 0x00, 0x00, 0x89, 0x1b, 
	0x00, 0x00, 0x87, 0x1b, 0x00, 0x00, 0x01, 0xac, 
	0x02, 0x00, 0x00, 0x92, 0x1b, 0x00, 0x00, 0x90, 
	0x1b, 0x00, 0x00, 0x01, 0xb7, 0x02, 0x00, 0x00, 
	0x92, 0x1b, 0x00, 0x00, 0x90, 0x1b, 0x00, 0x00, 
	0x01, 0xc2, 0x02, 0x00, 0x00, 0x92, 0x1b, 0x00, 
	0x00, 0x90, 0x1b, 0x00, 0x00, 0x01, 0x8b, 0x02, 
	0x00, 0x00, 0x9d, 0x1b, 0x00, 0x00, 0x99, 0x1b, 
	0x00, 0x00, 0x01, 0x96, 0x02, 0x00, 0x00, 0xb5, 
	0x1b, 0x00, 0x00, 0xb1, 0x1b, 0x00, 0x00, 0x01, 
	0xa1, 0x02, 0x00, 0x00, 0xcd, 0x1b, 0x00, 0x00, 
	0xc9, 0x1b, 0x00, 0x00, 0x12, 0xcd, 0x02, 0x00, 
	0x00, 0xe7, 0x1b, 0x00, 0x00, 0xe1, 0x1b, 0x00, 
	0x00, 0x13, 0xd8, 0x02, 0x00, 0x00, 0x64, 0x19, 
	0x01, 0x00, 0x04, 0x24, 0x01, 0x00, 0x00, 0x02, 
	0x44, 0x0d, 0x35, 0x02, 0x00, 0x00, 0x01, 0xe6, 
	0x02, 0x00, 0x00, 0xfc, 0x1b, 0x00, 0x00, 0xfa, 
	0x1b, 0x00, 0x00, 0x01, 0xef, 0x02, 0x00, 0x00, 
	0x06, 0x1c, 0x00, 0x00, 0x04, 0x1c, 0x00, 0x00, 
	0x01, 0x1b, 0x03, 0x00, 0x00, 0x0f, 0x1c, 0x00, 
	0x00, 0x0d, 0x1c, 0x00, 0x00, 0x01, 0x26, 0x03, 
	0x00, 0x00, 0x0f, 0x1c, 0x00, 0x00, 0x0d, 0x1c, 
	0x00, 0x00, 0x01, 0x31, 0x03, 0x00, 0x00, 0x0f, 
	0x1c, 0x00, 0x00, 0x0d, 0x1c, 0x00, 0x00, 0x01, 
	0xfa, 0x02, 0x00, 0x00, 0x1a, 0x1c, 0x00, 0x00, 
	0x16, 0x1c, 0x00, 0x00, 0x01, 0x05, 0x03, 0x00, 
	0x00, 0x30, 0x1c, 0x00, 0x00, 0x2e, 0x1c, 0x00, 
	0x00, 0x01, 0x10, 0x03, 0x00, 0x00, 0x38, 0x1c, 
	0x00, 0x00, 0x36, 0x1c, 0x00, 0x00, 0x05, 0x3c, 
	0x03, 0x00, 0x00, 0x01, 0x61, 0x05, 0x48, 0x03, 
	0x00, 0x00, 0x01, 0x5a, 0x05, 0x52, 0x03, 0x00, 
	0x00, 0x01, 0x5b, 0x05, 0x5c, 0x03, 0x00, 0x00, 
	0x01, 0x5c, 0x07, 0x66, 0x03, 0x00, 0x00, 0x07, 
	0x70, 0x03, 0x00, 0x00, 0x07, 0x7a, 0x03, 0x00, 
	0x00, 0x00, 0x14, 0x85, 0x03, 0x00, 0x00, 0x80, 
	0x19, 0x01, 0x00, 0x15, 0x80, 0x19, 0x01, 0x00, 
	0x0c, 0x00, 0x00, 0x00, 0x02, 0x47, 0x0c, 0x01, 
	0x92, 0x03, 0x00, 0x00, 0x44, 0x1c, 0x00, 0x00, 
	0x3e, 0x1c, 0x00, 0x00, 0x15, 0x88, 0x19, 0x01, 
	0x00, 0xa3, 0x00, 0x00, 0x00, 0x00, 0x00, 0x00, 
	0x08, 0x68, 0x02, 0x00, 0x00, 0x16, 0x0a, 0x3b, 
	0x0a, 0x00, 0x00, 0x42, 0x55, 0x00, 0x00, 0x00, 
	0xd8, 0x02, 0x00, 0x00, 0x02, 0x6e, 0x00, 0x42, 
	0x15, 0x55, 0x00, 0x00, 0x00, 0x0b, 0x4a, 0x0a, 
	0x00, 0x00, 0x42, 0x1c, 0x6a, 0x00, 0x00, 0x00, 
	0x02, 0x5f, 0x61, 0x30, 0x00, 0x42, 0x27, 0x55, 
	0x00, 0x00, 0x00, 0x02, 0x5f, 0x61, 0x31, 0x00, 
	0x42, 0x31, 0x55, 0x00, 0x00, 0x00, 0x02, 0x5f, 
	0x61, 0x32, 0x00, 0x42, 0x3b, 0x55, 0x00, 0x00, 
	0x00, 0x02, 0x5f, 0x61, 0x33, 0x00, 0x42, 0x45, 
	0x55, 0x00, 0x00, 0x00, 0x02, 0x5f, 0x61, 0x34, 
	0x00, 0x42, 0x4f, 0x55, 0x00, 0x00, 0x00, 0x02, 
	0x5f, 0x61, 0x35, 0x00, 0x42, 0x59, 0x55, 0x00, 
	0x00, 0x00, 0x04, 0x61, 0x30, 0x00, 0x44, 0x08, 
	0x55, 0x00, 0x00, 0x00, 0x00, 0x0a, 0xb3, 0x09, 
	0x00, 0x00, 0x19, 0x55, 0x00, 0x00, 0x00, 0x85, 
	0x03, 0x00, 0x00, 0x02, 0x6e, 0x00, 0x19, 0x19, 
	0x55, 0x00, 0x00, 0x00, 0x0b, 0x4a, 0x0a, 0x00, 
	0x00, 0x19, 0x20, 0x6a, 0x00, 0x00, 0x00, 0x02, 
	0x5f, 0x61, 0x30, 0x00, 0x19, 0x2b, 0x55, 0x00, 
	0x00, 0x00, 0x02, 0x5f, 0x61, 0x31, 0x00, 0x19, 
	0x35, 0x55, 0x00, 0x00, 0x00, 0x02, 0x5f, 0x61, 
	0x32, 0x00, 0x19, 0x3f, 0x55, 0x00, 0x00, 0x00, 
	0x02, 0x5f, 0x61, 0x33, 0x00, 0x19, 0x49, 0x55, 
	0x00, 0x00, 0x00, 0x02, 0x5f, 0x61, 0x34, 0x00, 
	0x19, 0x53, 0x55, 0x00, 0x00, 0x00, 0x02, 0x5f, 
	0x61, 0x35, 0x00, 0x19, 0x5d, 0x55, 0x00, 0x00, 
	0x00, 0x17, 0x30, 0x0a, 0x00, 0x00, 0x02, 0x1e, 
	0x11, 0x55, 0x00, 0x00, 0x00, 0x04, 0x61, 0x30, 
	0x00, 0x21, 0x11, 0x55, 0x00, 0x00, 0x00, 0x04, 
	0x61, 0x31, 0x00, 0x26, 0x11, 0x55, 0x00, 0x00, 
	0x00, 0x04, 0x61, 0x32, 0x00, 0x2b, 0x11, 0x55, 
	0x00, 0x00, 0x00, 0x04, 0x61, 0x33, 0x00, 0x30, 
	0x11, 0x55, 0x00, 0x00, 0x00, 0x04, 0x61, 0x34, 
	0x00, 0x35, 0x11, 0x55, 0x00, 0x00, 0x00, 0x04, 
	0x61, 0x35, 0x00, 0x3a, 0x11, 0x55, 0x00, 0x00, 
	0x00, 0x00, 0x18, 0x4f, 0x0a, 0x00, 0x00, 0x02, 
	0x12, 0x01, 0x55, 0x00, 0x00, 0x00, 0x03, 0x02, 
	0x61, 0x30, 0x00, 0x12, 0x16, 0x55, 0x00, 0x00, 
	0x00, 0x00, 0x00, 0x39, 0x07, 0x00, 0x00, 0x05, 
	0x00, 0x01, 0x04, 0xd5, 0x32, 0x00, 0x00, 0x0f, 
	0x0c, 0x03, 0x00, 0x00, 0x1d, 0x03, 0x47, 0x16, 
	0x03, 0x00, 0xda, 0x0c, 0x00, 0x00, 0xef, 0x00, 
	0x00, 0x00, 0xa4, 0x19, 0x01, 0x00, 0x08, 0x00, 
	0x00, 0x00, 0x4a, 0x37, 0x00, 0x00, 0x10, 0x04, 
	0x05, 0x69, 0x6e, 0x74, 0x00, 0x05, 0x04, 0x07, 
	0x3d, 0x00, 0x00, 0x00, 0x05, 0x08, 0x05, 0x84, 
	0x00, 0x00, 0x00, 0x05, 0x10, 0x04, 0xad, 0x01, 
	0x00, 0x00, 0x05, 0x01, 0x06, 0xf5, 0x01, 0x00, 
	0x00, 0x05, 0x01, 0x08, 0xf3, 0x01, 0x00, 0x00, 
	0x05, 0x02, 0x05, 0x0f, 0x02, 0x00, 0x00, 0x05, 
	0x02, 0x07, 0x4a, 0x01, 0x00, 0x00, 0x05, 0x04, 
	0x05, 0x89, 0x00, 0x00, 0x00, 0x05, 0x04, 0x07, 
	0x38, 0x00, 0x00, 0x00, 0x05, 0x08, 0x07, 0x33, 
	0x00, 0x00, 0x00, 0x0c, 0x84, 0x01, 0x00, 0x00, 
	0x02, 0x76, 0x01, 0x17, 0x32, 0x00, 0x00, 0x00, 
	0x09, 0x68, 0x0a, 0x00, 0x00, 0x03, 0x2e, 0x0e, 
	0x63, 0x00, 0x00, 0x00, 0x09, 0xac, 0x02, 0x00, 
	0x00, 0x03, 0x74, 0x0e, 0x63, 0x00, 0x00, 0x00, 
	0x09, 0xf9, 0x02, 0x00, 0x00, 0x03, 0x93, 0x17, 
	0x2b, 0x00, 0x00, 0x00, 0x11, 0x04, 0x03, 0xa5, 
	0x03, 0xc9, 0x00, 0x00, 0x00, 0x0d, 0x7e, 0x01, 
	0x00, 0x00, 0xa7, 0x0c, 0x78, 0x00, 0x00, 0x00, 
	0x0d, 0x33, 0x01, 0x00, 0x00, 0xa8, 0x13, 0xc9, 
	0x00, 0x00, 0x00, 0x00, 0x06, 0x4e, 0x00, 0x00, 
	0x00, 0xd9, 0x00, 0x00, 0x00, 0x07, 0x32, 0x00, 
	0x00, 0x00, 0x03, 0x00, 0x12, 0x08, 0x03, 0xa2, 
	0x09, 0xfd, 0x00, 0x00, 0x00, 0x02, 0x8a, 0x02, 
	0x00, 0x00, 0x03, 0xa4, 0x07, 0x2b, 0x00, 0x00, 
	0x00, 0x00, 0x02, 0x92, 0x02, 0x00, 0x00, 0x03, 
	0xa9, 0x05, 0xa9, 0x00, 0x00, 0x00, 0x04, 0x00, 
	0x09, 0x31, 0x02, 0x00, 0x00, 0x03, 0xaa, 0x03, 
	0xd9, 0x00, 0x00, 0x00, 0x13, 0x04, 0x09, 0xd5, 
	0x02, 0x00, 0x00, 0x04, 0x17, 0x19, 0x6a, 0x00, 
	0x00, 0x00, 0x09, 0xe1, 0x01, 0x00, 0x00, 0x05, 
	0x0c, 0x0d, 0x2b, 0x00, 0x00, 0x00, 0x09, 0xf6, 
	0x00, 0x00, 0x00, 0x04, 0x24, 0x1b, 0x17, 0x01, 
	0x00, 0x00, 0x0a, 0x07, 0x01, 0x00, 0x00, 0x18, 
	0x35, 0x85, 0x01, 0x00, 0x00, 0x02, 0x52, 0x02, 
	0x00, 0x00, 0x04, 0x37, 0x13, 0x85, 0x01, 0x00, 
	0x00, 0x00, 0x08, 0x5f, 0x6b, 0x00, 0x38, 0x07, 
	0x2b, 0x00, 0x00, 0x00, 0x04, 0x02, 0x7c, 0x02, 
	0x00, 0x00, 0x04, 0x38, 0x0b, 0x2b, 0x00, 0x00, 
	0x00, 0x08, 0x02, 0xf0, 0x00, 0x00, 0x00, 0x04, 
	0x38, 0x14, 0x2b, 0x00, 0x00, 0x00, 0x0c, 0x02, 
	0xea, 0x02, 0x00, 0x00, 0x04, 0x38, 0x1b, 0x2b, 
	0x00, 0x00, 0x00, 0x10, 0x08, 0x5f, 0x78, 0x00, 
	0x39, 0x0b, 0x8a, 0x01, 0x00, 0x00, 0x14, 0x00, 
	0x03, 0x2f, 0x01, 0x00, 0x00, 0x06, 0x0b, 0x01, 
	0x00, 0x00, 0x9a, 0x01, 0x00, 0x00, 0x07, 0x32, 
	0x00, 0x00, 0x00, 0x00, 0x00, 0x0a, 0x2e, 0x01, 
	0x00, 0x00, 0x24, 0x3d, 0x1b, 0x02, 0x00, 0x00, 
	0x02, 0x7b, 0x00, 0x00, 0x00, 0x04, 0x3f, 0x09, 
	0x2b, 0x00, 0x00, 0x00, 0x00, 0x02, 0xb4, 0x02, 
	0x00, 0x00, 0x04, 0x40, 0x09, 0x2b, 0x00, 0x00, 
	0x00, 0x04, 0x02, 0x98, 0x00, 0x00, 0x00, 0x04, 
	0x41, 0x09, 0x2b, 0x00, 0x00, 0x00, 0x08, 0x02, 
	0xd0, 0x03, 0x00, 0x00, 0x04, 0x42, 0x09, 0x2b, 
	0x00, 0x00, 0x00, 0x0c, 0x02, 0xb9, 0x01, 0x00, 
	0x00, 0x04, 0x43, 0x09, 0x2b, 0x00, 0x00, 0x00, 
	0x10, 0x02, 0xa3, 0x01, 0x00, 0x00, 0x04, 0x44, 
	0x09, 0x2b, 0x00, 0x00, 0x00, 0x14, 0x02, 0xef, 
	0x02, 0x00, 0x00, 0x04, 0x45, 0x09, 0x2b, 0x00, 
	0x00, 0x00, 0x18, 0x02, 0x19, 0x02, 0x00, 0x00, 
	0x04, 0x46, 0x09, 0x2b, 0x00, 0x00, 0x00, 0x1c, 
	0x02, 0x97, 0x03, 0x00, 0x00, 0x04, 0x47, 0x09, 
	0x2b, 0x00, 0x00, 0x00, 0x20, 0x00, 0x0a, 0x23, 
	0x02, 0x00, 0x00, 0x08, 0x74, 0x41, 0x02, 0x00, 
	0x00, 0x02, 0x80, 0x05, 0x00, 0x00, 0x04, 0x75, 
	0x11, 0x41, 0x02, 0x00, 0x00, 0x00, 0x02, 0xdf, 
	0x05, 0x00, 0x00, 0x04, 0x76, 0x06, 0x2b, 0x00, 
	0x00, 0x00, 0x04, 0x00, 0x03, 0x4e, 0x00, 0x00, 
	0x00, 0x0a, 0x3c, 0x02, 0x00, 0x00, 0x68, 0x99, 
	0x7f, 0x03, 0x00, 0x00, 0x08, 0x5f, 0x70, 0x00, 
	0x9a, 0x12, 0x41, 0x02, 0x00, 0x00, 0x00, 0x08, 
	0x5f, 0x72, 0x00, 0x9b, 0x07, 0x2b, 0x00, 0x00, 
	0x00, 0x04, 0x08, 0x5f, 0x77, 0x00, 0x9c, 0x07, 
	0x2b, 0x00, 0x00, 0x00, 0x08, 0x02, 0xaa, 0x00, 
	0x00, 0x00, 0x04, 0x9d, 0x09, 0x55, 0x00, 0x00, 
	0x00, 0x0c, 0x02, 0xf6, 0x07, 0x00, 0x00, 0x04, 
	0x9e, 0x09, 0x55, 0x00, 0x00, 0x00, 0x0e, 0x08, 
	0x5f, 0x62, 0x66, 0x00, 0x9f, 0x11, 0x1b, 0x02, 
	0x00, 0x00, 0x10, 0x02, 0x4a, 0x00, 0x00, 0x00, 
	0x04, 0xa0, 0x07, 0x2b, 0x00, 0x00, 0x00, 0x18, 
	0x02, 0xa2, 0x00, 0x00, 0x00, 0x04, 0xa7, 0x0a, 
	0x09, 0x01, 0x00, 0x00, 0x1c, 0x02, 0x1e, 0x01, 
	0x00, 0x00, 0x04, 0xa9, 0x1d, 0x95, 0x04, 0x00, 
	0x00, 0x20, 0x02, 0x9c, 0x01, 0x00, 0x00, 0x04, 
	0xab, 0x1d, 0xbd, 0x04, 0x00, 0x00, 0x24, 0x02, 
	0x9a, 0x02, 0x00, 0x00, 0x04, 0xae, 0x0d, 0xe0, 
	0x04, 0x00, 0x00, 0x28, 0x02, 0xb1, 0x03, 0x00, 
	0x00, 0x04, 0xaf, 0x09, 0xf9, 0x04, 0x00, 0x00, 
	0x2c, 0x08, 0x5f, 0x75, 0x62, 0x00, 0xb2, 0x11, 
	0x1b, 0x02, 0x00, 0x00, 0x30, 0x08, 0x5f, 0x75, 
	0x70, 0x00, 0xb3, 0x12, 0x41, 0x02, 0x00, 0x00, 
	0x38, 0x08, 0x5f, 0x75, 0x72, 0x00, 0xb4, 0x07, 
	0x2b, 0x00, 0x00, 0x00, 0x3c, 0x02, 0x92, 0x00, 
	0x00, 0x00, 0x04, 0xb7, 0x11, 0xfe, 0x04, 0x00, 
	0x00, 0x40, 0x02, 0x91, 0x03, 0x00, 0x00, 0x04, 
	0xb8, 0x11, 0x0e, 0x05, 0x00, 0x00, 0x43, 0x08, 
	0x5f, 0x6c, 0x62, 0x00, 0xbb, 0x11, 0x1b, 0x02, 
	0x00, 0x00, 0x44, 0x02, 0xb8, 0x00, 0x00, 0x00, 
	0x04, 0xbe, 0x07, 0x2b, 0x00, 0x00, 0x00, 0x4c, 
	0x02, 0xc9, 0x00, 0x00, 0x00, 0x04, 0xbf, 0x0a, 
	0x85, 0x00, 0x00, 0x00, 0x50, 0x02, 0x3f, 0x04, 
	0x00, 0x00, 0x04, 0xc2, 0x12, 0x9d, 0x03, 0x00, 
	0x00, 0x54, 0x02, 0xb7, 0x04, 0x00, 0x00, 0x04, 
	0xc6, 0x0c, 0x23, 0x01, 0x00, 0x00, 0x58, 0x02, 
	0x44, 0x02, 0x00, 0x00, 0x04, 0xc8, 0x0e, 0xfd, 
	0x00, 0x00, 0x00, 0x5c, 0x02, 0x94, 0x01, 0x00, 
	0x00, 0x04, 0xc9, 0x09, 0x2b, 0x00, 0x00, 0x00, 
	0x64, 0x00, 0x0b, 0x9d, 0x00, 0x00, 0x00, 0x9d, 
	0x03, 0x00, 0x00, 0x04, 0x9d, 0x03, 0x00, 0x00, 
	0x04, 0x09, 0x01, 0x00, 0x00, 0x04, 0x84, 0x04, 
	0x00, 0x00, 0x04, 0x2b, 0x00, 0x00, 0x00, 0x00, 
	0x03, 0xa2, 0x03, 0x00, 0x00, 0x14, 0x14, 0x04, 
	0x00, 0x00, 0x40, 0x01, 0x04, 0x42, 0x02, 0x08, 
	0x84, 0x04, 0x00, 0x00, 0x01, 0x60, 0x0a, 0x00, 
	0x00, 0x44, 0x02, 0x07, 0x2b, 0x00, 0x00, 0x00, 
	0x00, 0x01, 0xb1, 0x00, 0x00, 0x00, 0x49, 0x02, 
	0x0b, 0x2b, 0x05, 0x00, 0x00, 0x04, 0x01, 0x3a, 
	0x01, 0x00, 0x00, 0x49, 0x02, 0x14, 0x2b, 0x05, 
	0x00, 0x00, 0x08, 0x01, 0xff, 0x00, 0x00, 0x00, 
	0x49, 0x02, 0x1e, 0x2b, 0x05, 0x00, 0x00, 0x0c, 
	0x01, 0x65, 0x02, 0x00, 0x00, 0x4b, 0x02, 0x08, 
	0x2b, 0x00, 0x00, 0x00, 0x10, 0x01, 0x08, 0x00, 
	0x00, 0x00, 0x4c, 0x02, 0x08, 0xd0, 0x06, 0x00, 
	0x00, 0x14, 0x01, 0x6a, 0x02, 0x00, 0x00, 0x51, 
	0x02, 0x16, 0xe5, 0x06, 0x00, 0x00, 0x30, 0x01, 
	0x72, 0x02, 0x00, 0x00, 0x57, 0x02, 0x0a, 0xf5, 
	0x06, 0x00, 0x00, 0x34, 0x01, 0x76, 0x01, 0x00, 
	0x00, 0x5a, 0x02, 0x13, 0x85, 0x01, 0x00, 0x00, 
	0x38, 0x01, 0x24, 0x01, 0x00, 0x00, 0x5b, 0x02, 
	0x07, 0x2b, 0x00, 0x00, 0x00, 0x3c, 0x01, 0xcb, 
	0x03, 0x00, 0x00, 0x5c, 0x02, 0x13, 0x85, 0x01, 
	0x00, 0x00, 0x40, 0x01, 0xc2, 0x01, 0x00, 0x00, 
	0x5d, 0x02, 0x14, 0xfa, 0x06, 0x00, 0x00, 0x44, 
	0x01, 0x42, 0x01, 0x00, 0x00, 0x60, 0x02, 0x07, 
	0x2b, 0x00, 0x00, 0x00, 0x48, 0x01, 0xc1, 0x00, 
	0x00, 0x00, 0x61, 0x02, 0x09, 0x84, 0x04, 0x00, 
	0x00, 0x4c, 0x01, 0x01, 0x02, 0x00, 0x00, 0x90, 
	0x02, 0x07, 0xb8, 0x06, 0x00, 0x00, 0x50, 0x15, 
	0x87, 0x03, 0x00, 0x00, 0x04, 0x98, 0x02, 0x0b, 
	0x0a, 0x07, 0x00, 0x00, 0x38, 0x01, 0x00, 0x03, 
	0x89, 0x04, 0x00, 0x00, 0x05, 0x01, 0x08, 0xfc, 
	0x01, 0x00, 0x00, 0x16, 0x89, 0x04, 0x00, 0x00, 
	0x03, 0x7f, 0x03, 0x00, 0x00, 0x0b, 0x9d, 0x00, 
	0x00, 0x00, 0xb8, 0x04, 0x00, 0x00, 0x04, 0x9d, 
	0x03, 0x00, 0x00, 0x04, 0x09, 0x01, 0x00, 0x00, 
	0x04, 0xb8, 0x04, 0x00, 0x00, 0x04, 0x2b, 0x00, 
	0x00, 0x00, 0x00, 0x03, 0x90, 0x04, 0x00, 0x00, 
	0x03, 0x9a, 0x04, 0x00, 0x00, 0x0b, 0x91, 0x00, 
	0x00, 0x00, 0xe0, 0x04, 0x00, 0x00, 0x04, 0x9d, 
	0x03, 0x00, 0x00, 0x04, 0x09, 0x01, 0x00, 0x00, 
	0x04, 0x91, 0x00, 0x00, 0x00, 0x04, 0x2b, 0x00, 
	0x00, 0x00, 0x00, 0x03, 0xc2, 0x04, 0x00, 0x00, 
	0x0b, 0x2b, 0x00, 0x00, 0x00, 0xf9, 0x04, 0x00, 
	0x00, 0x04, 0x9d, 0x03, 0x00, 0x00, 0x04, 0x09, 
	0x01, 0x00, 0x00, 0x00, 0x03, 0xe5, 0x04, 0x00, 
	0x00, 0x06, 0x4e, 0x00, 0x00, 0x00, 0x0e, 0x05, 
	0x00, 0x00, 0x07, 0x32, 0x00, 0x00, 0x00, 0x02, 
	0x00, 0x06, 0x4e, 0x00, 0x00, 0x00, 0x1e, 0x05, 
	0x00, 0x00, 0x07, 0x32, 0x00, 0x00, 0x00, 0x00, 
	0x00, 0x0c, 0x2a, 0x02, 0x00, 0x00, 0x04, 0x0e, 
	0x01, 0x1a, 0x46, 0x02, 0x00, 0x00, 0x03, 0x1e, 
	0x05, 0x00, 0x00, 0x17, 0x00, 0x00, 0x00, 0x00, 
	0x0e, 0x04, 0x32, 0x01, 0x08, 0x66, 0x05, 0x00, 
	0x00, 0x01, 0x84, 0x02, 0x00, 0x00, 0x33, 0x01, 
	0x12, 0x66, 0x05, 0x00, 0x00, 0x00, 0x01, 0xbd, 
	0x02, 0x00, 0x00, 0x34, 0x01, 0x12, 0x66, 0x05, 
	0x00, 0x00, 0x06, 0x01, 0xd0, 0x02, 0x00, 0x00, 
	0x35, 0x01, 0x12, 0x5c, 0x00, 0x00, 0x00, 0x0c, 
	0x00, 0x06, 0x5c, 0x00, 0x00, 0x00, 0x76, 0x05, 
	0x00, 0x00, 0x07, 0x32, 0x00, 0x00, 0x00, 0x02, 
	0x00, 0x18, 0xe8, 0x04, 0x65, 0x02, 0x07, 0x78, 
	0x06, 0x00, 0x00, 0x01, 0xc3, 0x02, 0x00, 0x00, 
	0x6a, 0x02, 0x12, 0x84, 0x04, 0x00, 0x00, 0x00, 
	0x01, 0x69, 0x01, 0x00, 0x00, 0x6b, 0x02, 0x10, 
	0x78, 0x06, 0x00, 0x00, 0x04, 0x01, 0xa2, 0x03, 
	0x00, 0x00, 0x6c, 0x02, 0x17, 0x9a, 0x01, 0x00, 
	0x00, 0x20, 0x01, 0x0f, 0x01, 0x00, 0x00, 0x6d, 
	0x02, 0x0f, 0x2b, 0x00, 0x00, 0x00, 0x44, 0x01, 
	0x4d, 0x02, 0x00, 0x00, 0x6e, 0x02, 0x2c, 0x71, 
	0x00, 0x00, 0x00, 0x48, 0x01, 0xb8, 0x03, 0x00, 
	0x00, 0x6f, 0x02, 0x1a, 0x30, 0x05, 0x00, 0x00, 
	0x50, 0x01, 0x58, 0x02, 0x00, 0x00, 0x70, 0x02, 
	0x16, 0xfd, 0x00, 0x00, 0x00, 0x60, 0x01, 0xbd, 
	0x03, 0x00, 0x00, 0x71, 0x02, 0x16, 0xfd, 0x00, 
	0x00, 0x00, 0x68, 0x01, 0x6d, 0x00, 0x00, 0x00, 
	0x72, 0x02, 0x16, 0xfd, 0x00, 0x00, 0x00, 0x70, 
	0x01, 0x02, 0x03, 0x00, 0x00, 0x73, 0x02, 0x10, 
	0x88, 0x06, 0x00, 0x00, 0x78, 0x01, 0x5d, 0x01, 
	0x00, 0x00, 0x74, 0x02, 0x10, 0x98, 0x06, 0x00, 
	0x00, 0x80, 0x01, 0xdd, 0x02, 0x00, 0x00, 0x75, 
	0x02, 0x0f, 0x2b, 0x00, 0x00, 0x00, 0x98, 0x01, 
	0xe2, 0x00, 0x00, 0x00, 0x76, 0x02, 0x16, 0xfd, 
	0x00, 0x00, 0x00, 0x9c, 0x01, 0x5e, 0x00, 0x00, 
	0x00, 0x77, 0x02, 0x16, 0xfd, 0x00, 0x00, 0x00, 
	0xa4, 0x01, 0xd1, 0x00, 0x00, 0x00, 0x78, 0x02, 
	0x16, 0xfd, 0x00, 0x00, 0x00, 0xac, 0x01, 0x13, 
	0x00, 0x00, 0x00, 0x79, 0x02, 0x16, 0xfd, 0x00, 
	0x00, 0x00, 0xb4, 0x01, 0x22, 0x00, 0x00, 0x00, 
	0x7a, 0x02, 0x16, 0xfd, 0x00, 0x00, 0x00, 0xbc, 
	0x01, 0x06, 0x02, 0x00, 0x00, 0x7b, 0x02, 0x08, 
	0x2b, 0x00, 0x00, 0x00, 0xc4, 0x01, 0xcc, 0x01, 
	0x00, 0x00, 0x87, 0x02, 0x09, 0xa8, 0x06, 0x00, 
	0x00, 0xc8, 0x00, 0x06, 0x89, 0x04, 0x00, 0x00, 
	0x88, 0x06, 0x00, 0x00, 0x07, 0x32, 0x00, 0x00, 
	0x00, 0x19, 0x00, 0x06, 0x89, 0x04, 0x00, 0x00, 
	0x98, 0x06, 0x00, 0x00, 0x07, 0x32, 0x00, 0x00, 
	0x00, 0x07, 0x00, 0x06, 0x89, 0x04, 0x00, 0x00, 
	0xa8, 0x06, 0x00, 0x00, 0x07, 0x32, 0x00, 0x00, 
	0x00, 0x17, 0x00, 0x06, 0x89, 0x04, 0x00, 0x00, 
	0xb8, 0x06, 0x00, 0x00, 0x07, 0x32, 0x00, 0x00, 
	0x00, 0x1f, 0x00, 0x19, 0xe8, 0x04, 0x63, 0x02, 
	0x03, 0xd0, 0x06, 0x00, 0x00, 0x1a, 0x14, 0x04, 
	0x00, 0x00, 0x04, 0x88, 0x02, 0x0b, 0x76, 0x05, 
	0x00, 0x00, 0x00, 0x06, 0x89, 0x04, 0x00, 0x00, 
	0xe0, 0x06, 0x00, 0x00, 0x07, 0x32, 0x00, 0x00, 
	0x00, 0x18, 0x00, 0x1b, 0x53, 0x00, 0x00, 0x00, 
	0x03, 0xe0, 0x06, 0x00, 0x00, 0x0e, 0xf5, 0x06, 
	0x00, 0x00, 0x04, 0x9d, 0x03, 0x00, 0x00, 0x00, 
	0x03, 0xea, 0x06, 0x00, 0x00, 0x03, 0x85, 0x01, 
	0x00, 0x00, 0x0e, 0x0a, 0x07, 0x00, 0x00, 0x04, 
	0x2b, 0x00, 0x00, 0x00, 0x00, 0x03, 0x0f, 0x07, 
	0x00, 0x00, 0x03, 0xff, 0x06, 0x00, 0x00, 0x1c, 
	0xa0, 0x02, 0x00, 0x00, 0x04, 0x1d, 0x03, 0x17, 
	0x9d, 0x03, 0x00, 0x00, 0x1d, 0x5f, 0x0a, 0x00, 
	0x00, 0x06, 0x13, 0x0d, 0x37, 0x07, 0x00, 0x00, 
	0xa4, 0x19, 0x01, 0x00, 0x08, 0x00, 0x00, 0x00, 
	0x01, 0x9c, 0x03, 0x2b, 0x00, 0x00, 0x00, 0x00, 
	0x01, 0x0d, 0x00, 0x03, 0x0e, 0x3a, 0x21, 0x04, 
	0x3b, 0x05, 0x39, 0x0b, 0x49, 0x13, 0x38, 0x0b, 
	0x00, 0x00, 0x02, 0x0d, 0x00, 0x03, 0x0e, 0x3a, 
	0x0b, 0x3b, 0x0b, 0x39, 0x0b, 0x49, 0x13, 0x38, 
	0x0b, 0x00, 0x00, 0x03, 0x05, 0x00, 0x49, 0x13, 
	0x00, 0x00, 0x04, 0x0f, 0x00, 0x0b, 0x21, 0x04, 
	0x49, 0x13, 0x00, 0x00, 0x05, 0x24, 0x00, 0x0b, 
	0x0b, 0x3e, 0x0b, 0x03, 0x0e, 0x00, 0x00, 0x06, 
	0x01, 0x01, 0x49, 0x13, 0x01, 0x13, 0x00, 0x00, 
	0x07, 0x21, 0x00, 0x49, 0x13, 0x2f, 0x0b, 0x00, 
	0x00, 0x08, 0x0d, 0x00, 0x03, 0x08, 0x3a, 0x21, 
	0x04, 0x3b, 0x0b, 0x39, 0x0b, 0x49, 0x13, 0x38, 
	0x0b, 0x00, 0x00, 0x09, 0x16, 0x00, 0x03, 0x0e, 
	0x3a, 0x0b, 0x3b, 0x0b, 0x39, 0x0b, 0x49, 0x13, 
	0x00, 0x00, 0x0a, 0x13, 0x01, 0x03, 0x0e, 0x0b, 
	0x0b, 0x3a, 0x21, 0x04, 0x3b, 0x0b, 0x39, 0x21, 
	0x08, 0x01, 0x13, 0x00, 0x00, 0x0b, 0x15, 0x01, 
	0x27, 0x19, 0x49, 0x13, 0x01, 0x13, 0x00, 0x00, 
	0x0c, 0x16, 0x00, 0x03, 0x0e, 0x3a, 0x0b, 0x3b, 
	0x05, 0x39, 0x0b, 0x49, 0x13, 0x00, 0x00, 0x0d, 
	0x0d, 0x00, 0x03, 0x0e, 0x3a, 0x21, 0x03, 0x3b, 
	0x0b, 0x39, 0x0b, 0x49, 0x13, 0x00, 0x00, 0x0e, 
	0x15, 0x01, 0x27, 0x19, 0x01, 0x13, 0x00, 0x00, 
	0x0f, 0x11, 0x01, 0x25, 0x0e, 0x13, 0x0b, 0x90, 
	0x01, 0x0b, 0x91, 0x01, 0x06, 0x03, 0x1f, 0x1b, 
	0x1f, 0x11, 0x01, 0x12, 0x06, 0x10, 0x17, 0x00, 
	0x00, 0x10, 0x24, 0x00, 0x0b, 0x0b, 0x3e, 0x0b, 
	0x03, 0x08, 0x00, 0x00, 0x11, 0x17, 0x01, 0x0b, 
	0x0b, 0x3a, 0x0b, 0x3b, 0x0b, 0x39, 0x0b, 0x01, 
	0x13, 0x00, 0x00, 0x12, 0x13, 0x01, 0x0b, 0x0b, 
	0x3a, 0x0b, 0x3b, 0x0b, 0x39, 0x0b, 0x01, 0x13, 
	0x00, 0x00, 0x13, 0x0f, 0x00, 0x0b, 0x0b, 0x00, 
	0x00, 0x14, 0x13, 0x01, 0x03, 0x0e, 0x0b, 0x05, 
	0x3a, 0x0b, 0x3b, 0x05, 0x39, 0x0b, 0x01, 0x13, 
	0x00, 0x00, 0x15, 0x0d, 0x00, 0x03, 0x0e, 0x3a, 
	0x0b, 0x3b, 0x05, 0x39, 0x0b, 0x49, 0x13, 0x38, 
	0x05, 0x00, 0x00, 0x16, 0x26, 0x00, 0x49, 0x13, 
	0x00, 0x00, 0x17, 0x13, 0x01, 0x03, 0x0e, 0x0b, 
	0x0b, 0x3a, 0x0b, 0x3b, 0x05, 0x39, 0x0b, 0x01, 
	0x13, 0x00, 0x00, 0x18, 0x13, 0x01, 0x0b, 0x0b, 
	0x3a, 0x0b, 0x3b, 0x05, 0x39, 0x0b, 0x01, 0x13, 
	0x00, 0x00, 0x19, 0x17, 0x01, 0x0b, 0x0b, 0x3a, 
	0x0b, 0x3b, 0x05, 0x39, 0x0b, 0x01, 0x13, 0x00, 
	0x00, 0x1a, 0x0d, 0x00, 0x03, 0x0e, 0x3a, 0x0b, 
	0x3b, 0x05, 0x39, 0x0b, 0x49, 0x13, 0x00, 0x00, 
	0x1b, 0x13, 0x00, 0x03, 0x0e, 0x3c, 0x19, 0x00, 
	0x00, 0x1c, 0x34, 0x00, 0x03, 0x0e, 0x3a, 0x0b, 
	0x3b, 0x05, 0x39, 0x0b, 0x49, 0x13, 0x3f, 0x19, 
	0x3c, 0x19, 0x00, 0x00, 0x1d, 0x2e, 0x01, 0x3f, 
	0x19, 0x03, 0x0e, 0x3a, 0x0b, 0x3b, 0x0b, 0x39, 
	0x0b, 0x27, 0x19, 0x49, 0x13, 0x3c, 0x19, 0x01, 
	0x13, 0x00, 0x00, 0x1e, 0x2e, 0x01, 0x3f, 0x19, 
	0x03, 0x0e, 0x3a, 0x0b, 0x3b, 0x0b, 0x39, 0x0b, 
	0x27, 0x19, 0x49, 0x13, 0x11, 0x01, 0x12, 0x06, 
	0x40, 0x18, 0x7a, 0x19, 0x00, 0x00, 0x1f, 0x05, 
	0x00, 0x03, 0x08, 0x3a, 0x0b, 0x3b, 0x0b, 0x39, 
	0x0b, 0x49, 0x13, 0x02, 0x17, 0xb7, 0x42, 0x17, 
	0x00, 0x00, 0x20, 0x48, 0x01, 0x7d, 0x01, 0x82, 
	0x01, 0x19, 0x7f, 0x13, 0x00, 0x00, 0x21, 0x49, 
	0x00, 0x02, 0x18, 0x7e, 0x18, 0x00, 0x00, 0x00, 
	0x01, 0x0d, 0x00, 0x03, 0x0e, 0x3a, 0x21, 0x04, 
	0x3b, 0x05, 0x39, 0x0b, 0x49, 0x13, 0x38, 0x0b, 
	0x00, 0x00, 0x02, 0x0d, 0x00, 0x03, 0x0e, 0x3a, 
	0x0b, 0x3b, 0x0b, 0x39, 0x0b, 0x49, 0x13, 0x38, 
	0x0b, 0x00, 0x00, 0x03, 0x05, 0x00, 0x49, 0x13, 
	0x00, 0x00, 0x04, 0x0f, 0x00, 0x0b, 0x21, 0x04, 
	0x49, 0x13, 0x00, 0x00, 0x05, 0x24, 0x00, 0x0b, 
	0x0b, 0x3e, 0x0b, 0x03, 0x0e, 0x00, 0x00, 0x06, 
	0x01, 0x01, 0x49, 0x13, 0x01, 0x13, 0x00, 0x00, 
	0x07, 0x21, 0x00, 0x49, 0x13, 0x2f, 0x0b, 0x00, 
	0x00, 0x08, 0x0d, 0x00, 0x03, 0x08, 0x3a, 0x21, 
	0x04, 0x3b, 0x0b, 0x39, 0x0b, 0x49, 0x13, 0x38, 
	0x0b, 0x00, 0x00, 0x09, 0x16, 0x00, 0x03, 0x0e, 
	0x3a, 0x0b, 0x3b, 0x0b, 0x39, 0x0b, 0x49, 0x13, 
	0x00, 0x00, 0x0a, 0x13, 0x01, 0x03, 0x0e, 0x0b, 
	0x0b, 0x3a, 0x21, 0x04, 0x3b, 0x0b, 0x39, 0x21, 
	0x08, 0x01, 0x13, 0x00, 0x00, 0x0b, 0x15, 0x01, 
	0x27, 0x19, 0x49, 0x13, 0x01, 0x13, 0x00, 0x00, 
	0x0c, 0x16, 0x00, 0x03, 0x0e, 0x3a, 0x0b, 0x3b, 
	0x05, 0x39, 0x0b, 0x49, 0x13, 0x00, 0x00, 0x0d, 
	0x0d, 0x00, 0x03, 0x0e, 0x3a, 0x21, 0x03, 0x3b, 
	0x0b, 0x39, 0x0b, 0x49, 0x13, 0x00, 0x00, 0x0e, 
	0x15, 0x01, 0x27, 0x19, 0x01, 0x13, 0x00, 0x00, 
	0x0f, 0x05, 0x00, 0x03, 0x0e, 0x3a, 0x21, 0x01, 
	0x3b, 0x0b, 0x39, 0x0b, 0x49, 0x13, 0x02, 0x17, 
	0xb7, 0x42, 0x17, 0x00, 0x00, 0x10, 0x49, 0x00, 
	0x02, 0x18, 0x7e, 0x18, 0x00, 0x00, 0x11, 0x11, 
	0x01, 0x25, 0x0e, 0x13, 0x0b, 0x90, 0x01, 0x0b, 
	0x91, 0x01, 0x06, 0x03, 0x1f, 0x1b, 0x1f, 0x11, 
	0x01, 0x12, 0x06, 0x10, 0x17, 0x00, 0x00, 0x12, 
	0x24, 0x00, 0x0b, 0x0b, 0x3e, 0x0b, 0x03, 0x08, 
	0x00, 0x00, 0x13, 0x17, 0x01, 0x0b, 0x0b, 0x3a, 
	0x0b, 0x3b, 0x0b, 0x39, 0x0b, 0x01, 0x13, 0x00, 
	0x00, 0x14, 0x13, 0x01, 0x0b, 0x0b, 0x3a, 0x0b, 
	0x3b, 0x0b, 0x39, 0x0b, 0x01, 0x13, 0x00, 0x00, 
	0x15, 0x0f, 0x00, 0x0b, 0x0b, 0x00, 0x00, 0x16, 
	0x0f, 0x00, 0x0b, 0x0b, 0x03, 0x0e, 0x00, 0x00, 
	0x17, 0x13, 0x01, 0x03, 0x0e, 0x0b, 0x05, 0x3a, 
	0x0b, 0x3b, 0x05, 0x39, 0x0b, 0x01, 0x13, 0x00, 
	0x00, 0x18, 0x0d, 0x00, 0x03, 0x0e, 0x3a, 0x0b, 
	0x3b, 0x05, 0x39, 0x0b, 0x49, 0x13, 0x38, 0x05, 
	0x00, 0x00, 0x19, 0x26, 0x00, 0x49, 0x13, 0x00, 
	0x00, 0x1a, 0x13, 0x01, 0x03, 0x0e, 0x0b, 0x0b, 
	0x3a, 0x0b, 0x3b, 0x05, 0x39, 0x0b, 0x01, 0x13, 
	0x00, 0x00, 0x1b, 0x13, 0x01, 0x0b, 0x0b, 0x3a, 
	0x0b, 0x3b, 0x05, 0x39, 0x0b, 0x01, 0x13, 0x00, 
	0x00, 0x1c, 0x17, 0x01, 0x0b, 0x0b, 0x3a, 0x0b, 
	0x3b, 0x05, 0x39, 0x0b, 0x01, 0x13, 0x00, 0x00, 
	0x1d, 0x0d, 0x00, 0x03, 0x0e, 0x3a, 0x0b, 0x3b, 
	0x05, 0x39, 0x0b, 0x49, 0x13, 0x00, 0x00, 0x1e, 
	0x13, 0x00, 0x03, 0x0e, 0x3c, 0x19, 0x00, 0x00, 
	0x1f, 0x34, 0x00, 0x03, 0x0e, 0x3a, 0x0b, 0x3b, 
	0x05, 0x39, 0x0b, 0x49, 0x13, 0x3f, 0x19, 0x3c, 
	0x19, 0x00, 0x00, 0x20, 0x2e, 0x01, 0x3f, 0x19, 
	0x03, 0x0e, 0x3a, 0x0b, 0x3b, 0x0b, 0x39, 0x0b, 
	0x27, 0x19, 0x49, 0x13, 0x3c, 0x19, 0x01, 0x13, 
	0x00, 0x00, 0x21, 0x2e, 0x01, 0x3f, 0x19, 0x03, 
	0x0e, 0x3a, 0x0b, 0x3b, 0x0b, 0x39, 0x0b, 0x27, 
	0x19, 0x49, 0x13, 0x11, 0x01, 0x12, 0x06, 0x40, 
	0x18, 0x7a, 0x19, 0x00, 0x00, 0x22, 0x18, 0x00, 
	0x00, 0x00, 0x23, 0x34, 0x00, 0x03, 0x08, 0x3a, 
	0x0b, 0x3b, 0x0b, 0x39, 0x0b, 0x49, 0x13, 0x02, 
	0x18, 0x00, 0x00, 0x24, 0x34, 0x00, 0x03, 0x08, 
	0x3a, 0x0b, 0x3b, 0x0b, 0x39, 0x0b, 0x49, 0x13, 
	0x02, 0x17, 0xb7, 0x42, 0x17, 0x00, 0x00, 0x25, 
	0x48, 0x01, 0x7d, 0x01, 0x7f, 0x13, 0x00, 0x00, 
	0x00, 0x01, 0x0d, 0x00, 0x03, 0x0e, 0x3a, 0x21, 
	0x04, 0x3b, 0x05, 0x39, 0x0b, 0x49, 0x13, 0x38, 
	0x0b, 0x00, 0x00, 0x02, 0x0d, 0x00, 0x03, 0x0e, 
	0x3a, 0x0b, 0x3b, 0x0b, 0x39, 0x0b, 0x49, 0x13, 
	0x38, 0x0b, 0x00, 0x00, 0x03, 0x05, 0x00, 0x49, 
	0x13, 0x00, 0x00, 0x04, 0x0f, 0x00, 0x0b, 0x21, 
	0x04, 0x49, 0x13, 0x00, 0x00, 0x05, 0x24, 0x00, 
	0x0b, 0x0b, 0x3e, 0x0b, 0x03, 0x0e, 0x00, 0x00, 
	0x06, 0x01, 0x01, 0x49, 0x13, 0x01, 0x13, 0x00, 
	0x00, 0x07, 0x21, 0x00, 0x49, 0x13, 0x2f, 0x0b, 
	0x00, 0x00, 0x08, 0x0d, 0x00, 0x03, 0x08, 0x3a, 
	0x21, 0x04, 0x3b, 0x0b, 0x39, 0x0b, 0x49, 0x13, 
	0x38, 0x0b, 0x00, 0x00, 0x09, 0x16, 0x00, 0x03, 
	0x0e, 0x3a, 0x0b, 0x3b, 0x0b, 0x39, 0x0b, 0x49, 
	0x13, 0x00, 0x00, 0x0a, 0x13, 0x01, 0x03, 0x0e, 
	0x0b, 0x0b, 0x3a, 0x21, 0x04, 0x3b, 0x0b, 0x39, 
	0x21, 0x08, 0x01, 0x13, 0x00, 0x00, 0x0b, 0x15, 
	0x01, 0x27, 0x19, 0x49, 0x13, 0x01, 0x13, 0x00, 
	0x00, 0x0c, 0x05, 0x00, 0x03, 0x08, 0x3a, 0x21, 
	0x01, 0x3b, 0x0b, 0x39, 0x0b, 0x49, 0x13, 0x02, 
	0x17, 0xb7, 0x42, 0x17, 0x00, 0x00, 0x0d, 0x49, 
	0x00, 0x02, 0x18, 0x7e, 0x18, 0x00, 0x00, 0x0e, 
	0x16, 0x00, 0x03, 0x0e, 0x3a, 0x0b, 0x3b, 0x05, 
	0x39, 0x0b, 0x49, 0x13, 0x00, 0x00, 0x0f, 0x0d, 
	0x00, 0x03, 0x0e, 0x3a, 0x21, 0x03, 0x3b, 0x0b, 
	0x39, 0x0b, 0x49, 0x13, 0x00, 0x00, 0x10, 0x15, 
	0x01, 0x27, 0x19, 0x01, 0x13, 0x00, 0x00, 0x11, 
	0x11, 0x01, 0x25, 0x0e, 0x13, 0x0b, 0x90, 0x01, 
	0x0b, 0x91, 0x01, 0x06, 0x03, 0x1f, 0x1b, 0x1f, 
	0x11, 0x01, 0x12, 0x06, 0x10, 0x17, 0x00, 0x00, 
	0x12, 0x24, 0x00, 0x0b, 0x0b, 0x3e, 0x0b, 0x03, 
	0x08, 0x00, 0x00, 0x13, 0x17, 0x01, 0x0b, 0x0b, 
	0x3a, 0x0b, 0x3b, 0x0b, 0x39, 0x0b, 0x01, 0x13, 
	0x00, 0x00, 0x14, 0x13, 0x01, 0x0b, 0x0b, 0x3a, 
	0x0b, 0x3b, 0x0b, 0x39, 0x0b, 0x01, 0x13, 0x00, 
	0x00, 0x15, 0x0f, 0x00, 0x0b, 0x0b, 0x00, 0x00, 
	0x16, 0x13, 0x01, 0x03, 0x0e, 0x0b, 0x05, 0x3a, 
	0x0b, 0x3b, 0x05, 0x39, 0x0b, 0x01, 0x13, 0x00, 
	0x00, 0x17, 0x0d, 0x00, 0x03, 0x0e, 0x3a, 0x0b, 
	0x3b, 0x05, 0x39, 0x0b, 0x49, 0x13, 0x38, 0x05, 
	0x00, 0x00, 0x18, 0x26, 0x00, 0x49, 0x13, 0x00, 
	0x00, 0x19, 0x13, 0x01, 0x03, 0x0e, 0x0b, 0x0b, 
	0x3a, 0x0b, 0x3b, 0x05, 0x39, 0x0b, 0x01, 0x13, 
	0x00, 0x00, 0x1a, 0x13, 0x01, 0x0b, 0x0b, 0x3a, 
	0x0b, 0x3b, 0x05, 0x39, 0x0b, 0x01, 0x13, 0x00, 
	0x00, 0x1b, 0x17, 0x01, 0x0b, 0x0b, 0x3a, 0x0b, 
	0x3b, 0x05, 0x39, 0x0b, 0x01, 0x13, 0x00, 0x00, 
	0x1c, 0x0d, 0x00, 0x03, 0x0e, 0x3a, 0x0b, 0x3b, 
	0x05, 0x39, 0x0b, 0x49, 0x13, 0x00, 0x00, 0x1d, 
	0x13, 0x00, 0x03, 0x0e, 0x3c, 0x19, 0x00, 0x00, 
	0x1e, 0x34, 0x00, 0x03, 0x0e, 0x3a, 0x0b, 0x3b, 
	0x05, 0x39, 0x0b, 0x49, 0x13, 0x3f, 0x19, 0x3c, 
	0x19, 0x00, 0x00, 0x1f, 0x2e, 0x01, 0x3f, 0x19, 
	0x03, 0x0e, 0x3a, 0x0b, 0x3b, 0x0b, 0x39, 0x0b, 
	0x27, 0x19, 0x49, 0x13, 0x3c, 0x19, 0x01, 0x13, 
	0x00, 0x00, 0x20, 0x26, 0x00, 0x00, 0x00, 0x21, 
	0x2e, 0x01, 0x3f, 0x19, 0x03, 0x0e, 0x3a, 0x0b, 
	0x3b, 0x0b, 0x39, 0x0b, 0x27, 0x19, 0x49, 0x13, 
	0x11, 0x01, 0x12, 0x06, 0x40, 0x18, 0x7a, 0x19, 
	0x00, 0x00, 0x22, 0x48, 0x01, 0x7d, 0x01, 0x82, 
	0x01, 0x19, 0x7f, 0x13, 0x00, 0x00, 0x00, 0x01, 
	0x0d, 0x00, 0x03, 0x0e, 0x3a, 0x21, 0x04, 0x3b, 
	0x05, 0x39, 0x0b, 0x49, 0x13, 0x38, 0x0b, 0x00, 
	0x00, 0x02, 0x0d, 0x00, 0x03, 0x0e, 0x3a, 0x0b, 
	0x3b, 0x0b, 0x39, 0x0b, 0x49, 0x13, 0x38, 0x0b, 
	0x00, 0x00, 0x03, 0x05, 0x00, 0x49, 0x13, 0x00, 
	0x00, 0x04, 0x0f, 0x00, 0x0b, 0x21, 0x04, 0x49, 
	0x13, 0x00, 0x00, 0x05, 0x24, 0x00, 0x0b, 0x0b, 
	0x3e, 0x0b, 0x03, 0x0e, 0x00, 0x00, 0x06, 0x01, 
	0x01, 0x49, 0x13, 0x01, 0x13, 0x00, 0x00, 0x07, 
	0x21, 0x00, 0x49, 0x13, 0x2f, 0x0b, 0x00, 0x00, 
	0x08, 0x0d, 0x00, 0x03, 0x08, 0x3a, 0x21, 0x04, 
	0x3b, 0x0b, 0x39, 0x0b, 0x49, 0x13, 0x38, 0x0b, 
	0x00, 0x00, 0x09, 0x16, 0x00, 0x03, 0x0e, 0x3a, 
	0x0b, 0x3b, 0x0b, 0x39, 0x0b, 0x49, 0x13, 0x00, 
	0x00, 0x0a, 0x13, 0x01, 0x03, 0x0e, 0x0b, 0x0b, 
	0x3a, 0x21, 0x04, 0x3b, 0x0b, 0x39, 0x21, 0x08, 
	0x01, 0x13, 0x00, 0x00, 0x0b, 0x15, 0x01, 0x27, 
	0x19, 0x49, 0x13, 0x01, 0x13, 0x00, 0x00, 0x0c, 
	0x16, 0x00, 0x03, 0x0e, 0x3a, 0x0b, 0x3b, 0x05, 
	0x39, 0x0b, 0x49, 0x13, 0x00, 0x00, 0x0d, 0x0d, 
	0x00, 0x03, 0x0e, 0x3a, 0x21, 0x03, 0x3b, 0x0b, 
	0x39, 0x0b, 0x49, 0x13, 0x00, 0x00, 0x0e, 0x15, 
	0x01, 0x27, 0x19, 0x01, 0x13, 0x00, 0x00, 0x0f, 
	0x05, 0x00, 0x03, 0x08, 0x3a, 0x21, 0x01, 0x3b, 
	0x0b, 0x39, 0x0b, 0x49, 0x13, 0x02, 0x17, 0xb7, 
	0x42, 0x17, 0x00, 0x00, 0x10, 0x11, 0x01, 0x25, 
	0x0e, 0x13, 0x0b, 0x90, 0x01, 0x0b, 0x91, 0x01, 
	0x06, 0x03, 0x1f, 0x1b, 0x1f, 0x11, 0x01, 0x12, 
	0x06, 0x10, 0x17, 0x00, 0x00, 0x11, 0x24, 0x00, 
	0x0b, 0x0b, 0x3e, 0x0b, 0x03, 0x08, 0x00, 0x00, 
	0x12, 0x17, 0x01, 0x0b, 0x0b, 0x3a, 0x0b, 0x3b, 
	0x0b, 0x39, 0x0b, 0x01, 0x13, 0x00, 0x00, 0x13, 
	0x13, 0x01, 0x0b, 0x0b, 0x3a, 0x0b, 0x3b, 0x0b, 
	0x39, 0x0b, 0x01, 0x13, 0x00, 0x00, 0x14, 0x0f, 
	0x00, 0x0b, 0x0b, 0x00, 0x00, 0x15, 0x13, 0x01, 
	0x03, 0x0e, 0x0b, 0x05, 0x3a, 0x0b, 0x3b, 0x05, 
	0x39, 0x0b, 0x01, 0x13, 0x00, 0x00, 0x16, 0x0d, 
	0x00, 0x03, 0x0e, 0x3a, 0x0b, 0x3b, 0x05, 0x39, 
	0x0b, 0x49, 0x13, 0x38, 0x05, 0x00, 0x00, 0x17, 
	0x26, 0x00, 0x49, 0x13, 0x00, 0x00, 0x18, 0x13, 
	0x01, 0x03, 0x0e, 0x0b, 0x0b, 0x3a, 0x0b, 0x3b, 
	0x05, 0x39, 0x0b, 0x01, 0x13, 0x00, 0x00, 0x19, 
	0x13, 0x01, 0x0b, 0x0b, 0x3a, 0x0b, 0x3b, 0x05, 
	0x39, 0x0b, 0x01, 0x13, 0x00, 0x00, 0x1a, 0x17, 
	0x01, 0x0b, 0x0b, 0x3a, 0x0b, 0x3b, 0x05, 0x39, 
	0x0b, 0x01, 0x13, 0x00, 0x00, 0x1b, 0x0d, 0x00, 
	0x03, 0x0e, 0x3a, 0x0b, 0x3b, 0x05, 0x39, 0x0b, 
	0x49, 0x13, 0x00, 0x00, 0x1c, 0x13, 0x00, 0x03, 
	0x0e, 0x3c, 0x19, 0x00, 0x00, 0x1d, 0x34, 0x00, 
	0x03, 0x0e, 0x3a, 0x0b, 0x3b, 0x0b, 0x39, 0x0b, 
	0x49, 0x13, 0x3f, 0x19, 0x3c, 0x19, 0x00, 0x00, 
	0x1e, 0x2e, 0x01, 0x3f, 0x19, 0x03, 0x0e, 0x3a, 
	0x0b, 0x3b, 0x05, 0x39, 0x0b, 0x27, 0x19, 0x49, 
	0x13, 0x3c, 0x19, 0x01, 0x13, 0x00, 0x00, 0x1f, 
	0x2e, 0x01, 0x3f, 0x19, 0x03, 0x0e, 0x3a, 0x0b, 
	0x3b, 0x0b, 0x39, 0x0b, 0x27, 0x19, 0x49, 0x13, 
	0x11, 0x01, 0x12, 0x06, 0x40, 0x18, 0x7a, 0x19, 
	0x00, 0x00, 0x20, 0x34, 0x00, 0x03, 0x08, 0x3a, 
	0x0b, 0x3b, 0x0b, 0x39, 0x0b, 0x49, 0x13, 0x02, 
	0x17, 0xb7, 0x42, 0x17, 0x00, 0x00, 0x21, 0x48, 
	0x01, 0x7d, 0x01, 0x7f, 0x13, 0x00, 0x00, 0x22, 
	0x49, 0x00, 0x02, 0x18, 0x7e, 0x18, 0x00, 0x00, 
	0x00, 0x01, 0x0d, 0x00, 0x03, 0x0e, 0x3a, 0x21, 
	0x04, 0x3b, 0x05, 0x39, 0x0b, 0x49, 0x13, 0x38, 
	0x0b, 0x00, 0x00, 0x02, 0x0d, 0x00, 0x03, 0x0e, 
	0x3a, 0x0b, 0x3b, 0x0b, 0x39, 0x0b, 0x49, 0x13, 
	0x38, 0x0b, 0x00, 0x00, 0x03, 0x05, 0x00, 0x49, 
	0x13, 0x00, 0x00, 0x04, 0x0f, 0x00, 0x0b, 0x21, 
	0x04, 0x49, 0x13, 0x00, 0x00, 0x05, 0x24, 0x00, 
	0x0b, 0x0b, 0x3e, 0x0b, 0x03, 0x0e, 0x00, 0x00, 
	0x06, 0x01, 0x01, 0x49, 0x13, 0x01, 0x13, 0x00, 
	0x00, 0x07, 0x21, 0x00, 0x49, 0x13, 0x2f, 0x0b, 
	0x00, 0x00, 0x08, 0x0d, 0x00, 0x03, 0x08, 0x3a, 
	0x21, 0x04, 0x3b, 0x0b, 0x39, 0x0b, 0x49, 0x13, 
	0x38, 0x0b, 0x00, 0x00, 0x09, 0x16, 0x00, 0x03, 
	0x0e, 0x3a, 0x0b, 0x3b, 0x0b, 0x39, 0x0b, 0x49, 
	0x13, 0x00, 0x00, 0x0a, 0x49, 0x00, 0x02, 0x18, 
	0x7e, 0x18, 0x00, 0x00, 0x0b, 0x13, 0x01, 0x03, 
	0x0e, 0x0b, 0x0b, 0x3a, 0x21, 0x04, 0x3b, 0x0b, 
	0x39, 0x21, 0x08, 0x01, 0x13, 0x00, 0x00, 0x0c, 
	0x15, 0x01, 0x27, 0x19, 0x49, 0x13, 0x01, 0x13, 
	0x00, 0x00, 0x0d, 0x34, 0x00, 0x03, 0x0e, 0x3a, 
	0x21, 0x01, 0x3b, 0x0b, 0x39, 0x0b, 0x49, 0x13, 
	0x02, 0x17, 0xb7, 0x42, 0x17, 0x00, 0x00, 0x0e, 
	0x48, 0x01, 0x7d, 0x01, 0x7f, 0x13, 0x00, 0x00, 
	0x0f, 0x16, 0x00, 0x03, 0x0e, 0x3a, 0x0b, 0x3b, 
	0x05, 0x39, 0x0b, 0x49, 0x13, 0x00, 0x00, 0x10, 
	0x0d, 0x00, 0x03, 0x0e, 0x3a, 0x21, 0x03, 0x3b, 
	0x0b, 0x39, 0x0b, 0x49, 0x13, 0x00, 0x00, 0x11, 
	0x15, 0x01, 0x27, 0x19, 0x01, 0x13, 0x00, 0x00, 
	0x12, 0x0b, 0x01, 0x55, 0x17, 0x01, 0x13, 0x00, 
	0x00, 0x13, 0x48, 0x01, 0x7d, 0x01, 0x7f, 0x13, 
	0x01, 0x13, 0x00, 0x00, 0x14, 0x11, 0x01, 0x25, 
	0x0e, 0x13, 0x0b, 0x90, 0x01, 0x0b, 0x91, 0x01, 
	0x06, 0x03, 0x1f, 0x1b, 0x1f, 0x11, 0x01, 0x12, 
	0x06, 0x10, 0x17, 0x00, 0x00, 0x15, 0x24, 0x00, 
	0x0b, 0x0b, 0x3e, 0x0b, 0x03, 0x08, 0x00, 0x00, 
	0x16, 0x17, 0x01, 0x0b, 0x0b, 0x3a, 0x0b, 0x3b, 
	0x0b, 0x39, 0x0b, 0x01, 0x13, 0x00, 0x00, 0x17, 
	0x13, 0x01, 0x0b, 0x0b, 0x3a, 0x0b, 0x3b, 0x0b, 
	0x39, 0x0b, 0x01, 0x13, 0x00, 0x00, 0x18, 0x0f, 
	0x00, 0x0b, 0x0b, 0x00, 0x00, 0x19, 0x13, 0x01, 
	0x03, 0x0e, 0x0b, 0x05, 0x3a, 0x0b, 0x3b, 0x05, 
	0x39, 0x0b, 0x01, 0x13, 0x00, 0x00, 0x1a, 0x0d, 
	0x00, 0x03, 0x0e, 0x3a, 0x0b, 0x3b, 0x05, 0x39, 
	0x0b, 0x49, 0x13, 0x38, 0x05, 0x00, 0x00, 0x1b, 
	0x26, 0x00, 0x49, 0x13, 0x00, 0x00, 0x1c, 0x13, 
	0x01, 0x03, 0x0e, 0x0b, 0x0b, 0x3a, 0x0b, 0x3b, 
	0x05, 0x39, 0x0b, 0x01, 0x13, 0x00, 0x00, 0x1d, 
	0x13, 0x01, 0x0b, 0x0b, 0x3a, 0x0b, 0x3b, 0x05, 
	0x39, 0x0b, 0x01, 0x13, 0x00, 0x00, 0x1e, 0x17, 
	0x01, 0x0b, 0x0b, 0x3a, 0x0b, 0x3b, 0x05, 0x39, 
	0x0b, 0x01, 0x13, 0x00, 0x00, 0x1f, 0x0d, 0x00, 
	0x03, 0x0e, 0x3a, 0x0b, 0x3b, 0x05, 0x39, 0x0b, 
	0x49, 0x13, 0x00, 0x00, 0x20, 0x13, 0x00, 0x03, 
	0x0e, 0x3c, 0x19, 0x00, 0x00, 0x21, 0x34, 0x00, 
	0x03, 0x0e, 0x3a, 0x0b, 0x3b, 0x05, 0x39, 0x0b, 
	0x49, 0x13, 0x3f, 0x19, 0x3c, 0x19, 0x00, 0x00, 
	0x22, 0x34, 0x00, 0x03, 0x0e, 0x3a, 0x0b, 0x3b, 
	0x0b, 0x39, 0x0b, 0x49, 0x13, 0x3f, 0x19, 0x02, 
	0x18, 0x00, 0x00, 0x23, 0x2e, 0x01, 0x3f, 0x19, 
	0x03, 0x0e, 0x3a, 0x0b, 0x3b, 0x05, 0x39, 0x0b, 
	0x27, 0x19, 0x3c, 0x19, 0x01, 0x13, 0x00, 0x00, 
	0x24, 0x2e, 0x01, 0x3f, 0x19, 0x03, 0x0e, 0x3a, 
	0x0b, 0x3b, 0x05, 0x39, 0x0b, 0x27, 0x19, 0x11, 
	0x01, 0x12, 0x06, 0x40, 0x18, 0x7a, 0x19, 0x00, 
	0x00, 0x25, 0x05, 0x00, 0x03, 0x08, 0x3a, 0x0b, 
	0x3b, 0x0b, 0x39, 0x0b, 0x49, 0x13, 0x02, 0x17, 
	0xb7, 0x42, 0x17, 0x00, 0x00, 0x26, 0x34, 0x00, 
	0x03, 0x08, 0x3a, 0x0b, 0x3b, 0x0b, 0x39, 0x0b, 
	0x49, 0x13, 0x00, 0x00, 0x27, 0x0b, 0x01, 0x11, 
	0x01, 0x12, 0x06, 0x01, 0x13, 0x00, 0x00, 0x28, 
	0x48, 0x01, 0x7d, 0x01, 0x82, 0x01, 0x19, 0x00, 
	0x00, 0x00, 0x01, 0x0d, 0x00, 0x03, 0x0e, 0x3a, 
	0x21, 0x04, 0x3b, 0x05, 0x39, 0x0b, 0x49, 0x13, 
	0x38, 0x0b, 0x00, 0x00, 0x02, 0x0d, 0x00, 0x03, 
	0x0e, 0x3a, 0x0b, 0x3b, 0x0b, 0x39, 0x0b, 0x49, 
	0x13, 0x38, 0x0b, 0x00, 0x00, 0x03, 0x05, 0x00, 
	0x49, 0x13, 0x00, 0x00, 0x04, 0x0f, 0x00, 0x0b, 
	0x21, 0x04, 0x49, 0x13, 0x00, 0x00, 0x05, 0x24, 
	0x00, 0x0b, 0x0b, 0x3e, 0x0b, 0x03, 0x0e, 0x00, 
	0x00, 0x06, 0x01, 0x01, 0x49, 0x13, 0x01, 0x13, 
	0x00, 0x00, 0x07, 0x21, 0x00, 0x49, 0x13, 0x2f, 
	0x0b, 0x00, 0x00, 0x08, 0x0d, 0x00, 0x03, 0x08, 
	0x3a, 0x21, 0x04, 0x3b, 0x0b, 0x39, 0x0b, 0x49, 
	0x13, 0x38, 0x0b, 0x00, 0x00, 0x09, 0x16, 0x00, 
	0x03, 0x0e, 0x3a, 0x0b, 0x3b, 0x0b, 0x39, 0x0b, 
	0x49, 0x13, 0x00, 0x00, 0x0a, 0x13, 0x01, 0x03, 
	0x0e, 0x0b, 0x0b, 0x3a, 0x21, 0x04, 0x3b, 0x0b, 
	0x39, 0x21, 0x08, 0x01, 0x13, 0x00, 0x00, 0x0b, 
	0x15, 0x01, 0x27, 0x19, 0x49, 0x13, 0x01, 0x13, 
	0x00, 0x00, 0x0c, 0x34, 0x00, 0x03, 0x0e, 0x3a, 
	0x21, 0x04, 0x3b, 0x05, 0x39, 0x0b, 0x49, 0x13, 
	0x3f, 0x19, 0x3c, 0x19, 0x00, 0x00, 0x0d, 0x16, 
	0x00, 0x03, 0x0e, 0x3a, 0x0b, 0x3b, 0x05, 0x39, 
	0x0b, 0x49, 0x13, 0x00, 0x00, 0x0e, 0x0d, 0x00, 
	0x03, 0x0e, 0x3a, 0x21, 0x03, 0x3b, 0x0b, 0x39, 
	0x0b, 0x49, 0x13, 0x00, 0x00, 0x0f, 0x15, 0x01, 
	0x27, 0x19, 0x01, 0x13, 0x00, 0x00, 0x10, 0x34, 
	0x00, 0x47, 0x13, 0x02, 0x18, 0x00, 0x00, 0x11, 
	0x11, 0x01, 0x25, 0x0e, 0x13, 0x0b, 0x90, 0x01, 
	0x0b, 0x91, 0x01, 0x06, 0x03, 0x1f, 0x1b, 0x1f, 
	0x10, 0x17, 0x00, 0x00, 0x12, 0x24, 0x00, 0x0b, 
	0x0b, 0x3e, 0x0b, 0x03, 0x08, 0x00, 0x00, 0x13, 
	0x17, 0x01, 0x0b, 0x0b, 0x3a, 0x0b, 0x3b, 0x0b, 
	0x39, 0x0b, 0x01, 0x13, 0x00, 0x00, 0x14, 0x13, 
	0x01, 0x0b, 0x0b, 0x3a, 0x0b, 0x3b, 0x0b, 0x39, 
	0x0b, 0x01, 0x13, 0x00, 0x00, 0x15, 0x0f, 0x00, 
	0x0b, 0x0b, 0x00, 0x00, 0x16, 0x13, 0x01, 0x03, 
	0x0e, 0x0b, 0x05, 0x3a, 0x0b, 0x3b, 0x05, 0x39, 
	0x0b, 0x01, 0x13, 0x00, 0x00, 0x17, 0x0d, 0x00, 
	0x03, 0x0e, 0x3a, 0x0b, 0x3b, 0x05, 0x39, 0x0b, 
	0x49, 0x13, 0x38, 0x05, 0x00, 0x00, 0x18, 0x26, 
	0x00, 0x49, 0x13, 0x00, 0x00, 0x19, 0x13, 0x01, 
	0x03, 0x0e, 0x0b, 0x0b, 0x3a, 0x0b, 0x3b, 0x05, 
	0x39, 0x0b, 0x01, 0x13, 0x00, 0x00, 0x1a, 0x13, 
	0x01, 0x0b, 0x0b, 0x3a, 0x0b, 0x3b, 0x05, 0x39, 
	0x0b, 0x01, 0x13, 0x00, 0x00, 0x1b, 0x17, 0x01, 
	0x0b, 0x0b, 0x3a, 0x0b, 0x3b, 0x05, 0x39, 0x0b, 
	0x01, 0x13, 0x00, 0x00, 0x1c, 0x0d, 0x00, 0x03, 
	0x0e, 0x3a, 0x0b, 0x3b, 0x05, 0x39, 0x0b, 0x49, 
	0x13, 0x00, 0x00, 0x1d, 0x13, 0x00, 0x03, 0x0e, 
	0x3c, 0x19, 0x00, 0x00, 0x00, 0x01, 0x0d, 0x00, 
	0x03, 0x0e, 0x3a, 0x21, 0x04, 0x3b, 0x05, 0x39, 
	0x0b, 0x49, 0x13, 0x38, 0x0b, 0x00, 0x00, 0x02, 
	0x0d, 0x00, 0x03, 0x0e, 0x3a, 0x0b, 0x3b, 0x0b, 
	0x39, 0x0b, 0x49, 0x13, 0x38, 0x0b, 0x00, 0x00, 
	0x03, 0x05, 0x00, 0x49, 0x13, 0x00, 0x00, 0x04, 
	0x0f, 0x00, 0x0b, 0x21, 0x04, 0x49, 0x13, 0x00, 
	0x00, 0x05, 0x24, 0x00, 0x0b, 0x0b, 0x3e, 0x0b, 
	0x03, 0x0e, 0x00, 0x00, 0x06, 0x01, 0x01, 0x49, 
	0x13, 0x01, 0x13, 0x00, 0x00, 0x07, 0x21, 0x00, 
	0x49, 0x13, 0x2f, 0x0b, 0x00, 0x00, 0x08, 0x0d, 
	0x00, 0x03, 0x08, 0x3a, 0x21, 0x04, 0x3b, 0x0b, 
	0x39, 0x0b, 0x49, 0x13, 0x38, 0x0b, 0x00, 0x00, 
	0x09, 0x16, 0x00, 0x03, 0x0e, 0x3a, 0x0b, 0x3b, 
	0x0b, 0x39, 0x0b, 0x49, 0x13, 0x00, 0x00, 0x0a, 
	0x13, 0x01, 0x03, 0x0e, 0x0b, 0x0b, 0x3a, 0x21, 
	0x04, 0x3b, 0x0b, 0x39, 0x21, 0x08, 0x01, 0x13, 
	0x00, 0x00, 0x0b, 0x15, 0x01, 0x27, 0x19, 0x49, 
	0x13, 0x01, 0x13, 0x00, 0x00, 0x0c, 0x05, 0x00, 
	0x03, 0x0e, 0x3a, 0x21, 0x01, 0x3b, 0x0b, 0x39, 
	0x0b, 0x49, 0x13, 0x02, 0x17, 0xb7, 0x42, 0x17, 
	0x00, 0x00, 0x0d, 0x49, 0x00, 0x02, 0x18, 0x7e, 
	0x18, 0x00, 0x00, 0x0e, 0x16, 0x00, 0x03, 0x0e, 
	0x3a, 0x0b, 0x3b, 0x05, 0x39, 0x0b, 0x49, 0x13, 
	0x00, 0x00, 0x0f, 0x0d, 0x00, 0x03, 0x0e, 0x3a, 
	0x21, 0x03, 0x3b, 0x0b, 0x39, 0x0b, 0x49, 0x13, 
	0x00, 0x00, 0x10, 0x15, 0x01, 0x27, 0x19, 0x01, 
	0x13, 0x00, 0x00, 0x11, 0x11, 0x01, 0x25, 0x0e, 
	0x13, 0x0b, 0x90, 0x01, 0x0b, 0x91, 0x01, 0x06, 
	0x03, 0x1f, 0x1b, 0x1f, 0x11, 0x01, 0x12, 0x06, 
	0x10, 0x17, 0x00, 0x00, 0x12, 0x24, 0x00, 0x0b, 
	0x0b, 0x3e, 0x0b, 0x03, 0x08, 0x00, 0x00, 0x13, 
	0x17, 0x01, 0x0b, 0x0b, 0x3a, 0x0b, 0x3b, 0x0b, 
	0x39, 0x0b, 0x01, 0x13, 0x00, 0x00, 0x14, 0x13, 
	0x01, 0x0b, 0x0b, 0x3a, 0x0b, 0x3b, 0x0b, 0x39, 
	0x0b, 0x01, 0x13, 0x00, 0x00, 0x15, 0x0f, 0x00, 
	0x0b, 0x0b, 0x00, 0x00, 0x16, 0x13, 0x01, 0x03, 
	0x0e, 0x0b, 0x05, 0x3a, 0x0b, 0x3b, 0x05, 0x39, 
	0x0b, 0x01, 0x13, 0x00, 0x00, 0x17, 0x0d, 0x00, 
	0x03, 0x0e, 0x3a, 0x0b, 0x3b, 0x05, 0x39, 0x0b, 
	0x49, 0x13, 0x38, 0x05, 0x00, 0x00, 0x18, 0x26, 
	0x00, 0x49, 0x13, 0x00, 0x00, 0x19, 0x13, 0x01, 
	0x03, 0x0e, 0x0b, 0x0b, 0x3a, 0x0b, 0x3b, 0x05, 
	0x39, 0x0b, 0x01, 0x13, 0x00, 0x00, 0x1a, 0x13, 
	0x01, 0x0b, 0x0b, 0x3a, 0x0b, 0x3b, 0x05, 0x39, 
	0x0b, 0x01, 0x13, 0x00, 0x00, 0x1b, 0x17, 0x01, 
	0x0b, 0x0b, 0x3a, 0x0b, 0x3b, 0x05, 0x39, 0x0b, 
	0x01, 0x13, 0x00, 0x00, 0x1c, 0x0d, 0x00, 0x03, 
	0x0e, 0x3a, 0x0b, 0x3b, 0x05, 0x39, 0x0b, 0x49, 
	0x13, 0x00, 0x00, 0x1d, 0x13, 0x00, 0x03, 0x0e, 
	0x3c, 0x19, 0x00, 0x00, 0x1e, 0x34, 0x00, 0x03, 
	0x0e, 0x3a, 0x0b, 0x3b, 0x0b, 0x39, 0x0b, 0x49, 
	0x13, 0x3f, 0x19, 0x3c, 0x19, 0x00, 0x00, 0x1f, 
	0x2e, 0x01, 0x3f, 0x19, 0x03, 0x0e, 0x3a, 0x0b, 
	0x3b, 0x0b, 0x39, 0x0b, 0x27, 0x19, 0x49, 0x13, 
	0x3c, 0x19, 0x01, 0x13, 0x00, 0x00, 0x20, 0x18, 
	0x00, 0x00, 0x00, 0x21, 0x2e, 0x01, 0x3f, 0x19, 
	0x03, 0x0e, 0x3a, 0x0b, 0x3b, 0x0b, 0x39, 0x0b, 
	0x27, 0x19, 0x49, 0x13, 0x11, 0x01, 0x12, 0x06, 
	0x40, 0x18, 0x7a, 0x19, 0x00, 0x00, 0x22, 0x05, 
	0x00, 0x03, 0x08, 0x3a, 0x0b, 0x3b, 0x0b, 0x39, 
	0x0b, 0x49, 0x13, 0x02, 0x17, 0xb7, 0x42, 0x17, 
	0x00, 0x00, 0x23, 0x34, 0x00, 0x03, 0x08, 0x3a, 
	0x0b, 0x3b, 0x0b, 0x39, 0x0b, 0x49, 0x13, 0x02, 
	0x17, 0xb7, 0x42, 0x17, 0x00, 0x00, 0x24, 0x48, 
	0x01, 0x7d, 0x01, 0x7f, 0x13, 0x00, 0x00, 0x00, 
	0x01, 0x0d, 0x00, 0x03, 0x0e, 0x3a, 0x21, 0x04, 
	0x3b, 0x05, 0x39, 0x0b, 0x49, 0x13, 0x38, 0x0b, 
	0x00, 0x00, 0x02, 0x0d, 0x00, 0x03, 0x0e, 0x3a, 
	0x0b, 0x3b, 0x0b, 0x39, 0x0b, 0x49, 0x13, 0x38, 
	0x0b, 0x00, 0x00, 0x03, 0x05, 0x00, 0x49, 0x13, 
	0x00, 0x00, 0x04, 0x0f, 0x00, 0x0b, 0x21, 0x04, 
	0x49, 0x13, 0x00, 0x00, 0x05, 0x24, 0x00, 0x0b, 
	0x0b, 0x3e, 0x0b, 0x03, 0x0e, 0x00, 0x00, 0x06, 
	0x01, 0x01, 0x49, 0x13, 0x01, 0x13, 0x00, 0x00, 
	0x07, 0x21, 0x00, 0x49, 0x13, 0x2f, 0x0b, 0x00, 
	0x00, 0x08, 0x0d, 0x00, 0x03, 0x08, 0x3a, 0x21, 
	0x04, 0x3b, 0x0b, 0x39, 0x0b, 0x49, 0x13, 0x38, 
	0x0b, 0x00, 0x00, 0x09, 0x16, 0x00, 0x03, 0x0e, 
	0x3a, 0x0b, 0x3b, 0x0b, 0x39, 0x0b, 0x49, 0x13, 
	0x00, 0x00, 0x0a, 0x13, 0x01, 0x03, 0x0e, 0x0b, 
	0x0b, 0x3a, 0x21, 0x04, 0x3b, 0x0b, 0x39, 0x21, 
	0x08, 0x01, 0x13, 0x00, 0x00, 0x0b, 0x15, 0x01, 
	0x27, 0x19, 0x49, 0x13, 0x01, 0x13, 0x00, 0x00, 
	0x0c, 0x05, 0x00, 0x03, 0x08, 0x3a, 0x21, 0x01, 
	0x3b, 0x0b, 0x39, 0x0b, 0x49, 0x13, 0x02, 0x17, 
	0xb7, 0x42, 0x17, 0x00, 0x00, 0x0d, 0x49, 0x00, 
	0x02, 0x18, 0x7e, 0x18, 0x00, 0x00, 0x0e, 0x16, 
	0x00, 0x03, 0x0e, 0x3a, 0x0b, 0x3b, 0x05, 0x39, 
	0x0b, 0x49, 0x13, 0x00, 0x00, 0x0f, 0x0d, 0x00, 
	0x03, 0x0e, 0x3a, 0x21, 0x03, 0x3b, 0x0b, 0x39, 
	0x0b, 0x49, 0x13, 0x00, 0x00, 0x10, 0x15, 0x01, 
	0x27, 0x19, 0x01, 0x13, 0x00, 0x00, 0x11, 0x11, 
	0x01, 0x25, 0x0e, 0x13, 0x0b, 0x90, 0x01, 0x0b, 
	0x91, 0x01, 0x06, 0x03, 0x1f, 0x1b, 0x1f, 0x11, 
	0x01, 0x12, 0x06, 0x10, 0x17, 0x00, 0x00, 0x12, 
	0x24, 0x00, 0x0b, 0x0b, 0x3e, 0x0b, 0x03, 0x08, 
	0x00, 0x00, 0x13, 0x17, 0x01, 0x0b, 0x0b, 0x3a, 
	0x0b, 0x3b, 0x0b, 0x39, 0x0b, 0x01, 0x13, 0x00, 
	0x00, 0x14, 0x13, 0x01, 0x0b, 0x0b, 0x3a, 0x0b, 
	0x3b, 0x0b, 0x39, 0x0b, 0x01, 0x13, 0x00, 0x00, 
	0x15, 0x0f, 0x00, 0x0b, 0x0b, 0x00, 0x00, 0x16, 
	0x13, 0x01, 0x03, 0x0e, 0x0b, 0x05, 0x3a, 0x0b, 
	0x3b, 0x05, 0x39, 0x0b, 0x01, 0x13, 0x00, 0x00, 
	0x17, 0x0d, 0x00, 0x03, 0x0e, 0x3a, 0x0b, 0x3b, 
	0x05, 0x39, 0x0b, 0x49, 0x13, 0x38, 0x05, 0x00, 
	0x00, 0x18, 0x26, 0x00, 0x49, 0x13, 0x00, 0x00, 
	0x19, 0x13, 0x01, 0x03, 0x0e, 0x0b, 0x0b, 0x3a, 
	0x0b, 0x3b, 0x05, 0x39, 0x0b, 0x01, 0x13, 0x00, 
	0x00, 0x1a, 0x13, 0x01, 0x0b, 0x0b, 0x3a, 0x0b, 
	0x3b, 0x05, 0x39, 0x0b, 0x01, 0x13, 0x00, 0x00, 
	0x1b, 0x17, 0x01, 0x0b, 0x0b, 0x3a, 0x0b, 0x3b, 
	0x05, 0x39, 0x0b, 0x01, 0x13, 0x00, 0x00, 0x1c, 
	0x0d, 0x00, 0x03, 0x0e, 0x3a, 0x0b, 0x3b, 0x05, 
	0x39, 0x0b, 0x49, 0x13, 0x00, 0x00, 0x1d, 0x13, 
	0x00, 0x03, 0x0e, 0x3c, 0x19, 0x00, 0x00, 0x1e, 
	0x34, 0x00, 0x03, 0x0e, 0x3a, 0x0b, 0x3b, 0x0b, 
	0x39, 0x0b, 0x49, 0x13, 0x3f, 0x19, 0x3c, 0x19, 
	0x00, 0x00, 0x1f, 0x2e, 0x01, 0x3f, 0x19, 0x03, 
	0x0e, 0x3a, 0x0b, 0x3b, 0x05, 0x39, 0x0b, 0x27, 
	0x19, 0x49, 0x13, 0x3c, 0x19, 0x01, 0x13, 0x00, 
	0x00, 0x20, 0x26, 0x00, 0x00, 0x00, 0x21, 0x2e, 
	0x01, 0x3f, 0x19, 0x03, 0x0e, 0x3a, 0x0b, 0x3b, 
	0x0b, 0x39, 0x0b, 0x27, 0x19, 0x49, 0x13, 0x11, 
	0x01, 0x12, 0x06, 0x40, 0x18, 0x7a, 0x19, 0x00, 
	0x00, 0x22, 0x34, 0x00, 0x03, 0x08, 0x3a, 0x0b, 
	0x3b, 0x0b, 0x39, 0x0b, 0x49, 0x13, 0x02, 0x17, 
	0xb7, 0x42, 0x17, 0x00, 0x00, 0x23, 0x48, 0x01, 
	0x7d, 0x01, 0x7f, 0x13, 0x00, 0x00, 0x00, 0x01, 
	0x0d, 0x00, 0x03, 0x0e, 0x3a, 0x0b, 0x3b, 0x05, 
	0x39, 0x0b, 0x49, 0x13, 0x38, 0x0b, 0x00, 0x00, 
	0x02, 0x0d, 0x00, 0x03, 0x0e, 0x3a, 0x0b, 0x3b, 
	0x0b, 0x39, 0x0b, 0x49, 0x13, 0x38, 0x0b, 0x00, 
	0x00, 0x03, 0x05, 0x00, 0x49, 0x13, 0x00, 0x00, 
	0x04, 0x0f, 0x00, 0x0b, 0x21, 0x04, 0x49, 0x13, 
	0x00, 0x00, 0x05, 0x49, 0x00, 0x02, 0x18, 0x7e, 
	0x18, 0x00, 0x00, 0x06, 0x24, 0x00, 0x0b, 0x0b, 
	0x3e, 0x0b, 0x03, 0x0e, 0x00, 0x00, 0x07, 0x01, 
	0x01, 0x49, 0x13, 0x01, 0x13, 0x00, 0x00, 0x08, 
	0x21, 0x00, 0x49, 0x13, 0x2f, 0x0b, 0x00, 0x00, 
	0x09, 0x0d, 0x00, 0x03, 0x08, 0x3a, 0x21, 0x05, 
	0x3b, 0x0b, 0x39, 0x0b, 0x49, 0x13, 0x38, 0x0b, 
	0x00, 0x00, 0x0a, 0x16, 0x00, 0x03, 0x0e, 0x3a, 
	0x0b, 0x3b, 0x0b, 0x39, 0x0b, 0x49, 0x13, 0x00, 
	0x00, 0x0b, 0x34, 0x00, 0x03, 0x0e, 0x3a, 0x21, 
	0x02, 0x3b, 0x05, 0x39, 0x0b, 0x49, 0x13, 0x02, 
	0x17, 0xb7, 0x42, 0x17, 0x00, 0x00, 0x0c, 0x48, 
	0x01, 0x7d, 0x01, 0x7f, 0x13, 0x01, 0x13, 0x00, 
	0x00, 0x0d, 0x34, 0x00, 0x03, 0x08, 0x3a, 0x21, 
	0x02, 0x3b, 0x05, 0x39, 0x0b, 0x49, 0x13, 0x02, 
	0x17, 0xb7, 0x42, 0x17, 0x00, 0x00, 0x0e, 0x34, 
	0x00, 0x03, 0x0e, 0x3a, 0x21, 0x02, 0x3b, 0x05, 
	0x39, 0x0b, 0x49, 0x13, 0x3f, 0x19, 0x3c, 0x19, 
	0x00, 0x00, 0x0f, 0x16, 0x00, 0x03, 0x0e, 0x3a, 
	0x0b, 0x3b, 0x05, 0x39, 0x0b, 0x49, 0x13, 0x00, 
	0x00, 0x10, 0x13, 0x01, 0x03, 0x0e, 0x0b, 0x0b, 
	0x3a, 0x21, 0x05, 0x3b, 0x0b, 0x39, 0x21, 0x08, 
	0x01, 0x13, 0x00, 0x00, 0x11, 0x15, 0x01, 0x27, 
	0x19, 0x49, 0x13, 0x01, 0x13, 0x00, 0x00, 0x12, 
	0x13, 0x01, 0x03, 0x0e, 0x0b, 0x0b, 0x3a, 0x0b, 
	0x3b, 0x05, 0x39, 0x21, 0x08, 0x01, 0x13, 0x00, 
	0x00, 0x13, 0x0d, 0x00, 0x03, 0x0e, 0x3a, 0x21, 
	0x04, 0x3b, 0x0b, 0x39, 0x0b, 0x49, 0x13, 0x00, 
	0x00, 0x14, 0x15, 0x01, 0x27, 0x19, 0x01, 0x13, 
	0x00, 0x00, 0x15, 0x0d, 0x00, 0x03, 0x08, 0x3a, 
	0x21, 0x02, 0x3b, 0x05, 0x39, 0x21, 0x18, 0x49, 
	0x13, 0x38, 0x0b, 0x00, 0x00, 0x16, 0x2e, 0x01, 
	0x3f, 0x19, 0x03, 0x0e, 0x3a, 0x21, 0x02, 0x3b, 
	0x05, 0x39, 0x21, 0x0d, 0x27, 0x19, 0x3c, 0x19, 
	0x01, 0x13, 0x00, 0x00, 0x17, 0x05, 0x00, 0x03, 
	0x0e, 0x3a, 0x21, 0x02, 0x3b, 0x05, 0x39, 0x0b, 
	0x49, 0x13, 0x02, 0x17, 0xb7, 0x42, 0x17, 0x00, 
	0x00, 0x18, 0x05, 0x00, 0x03, 0x08, 0x3a, 0x21, 
	0x02, 0x3b, 0x05, 0x39, 0x0b, 0x49, 0x13, 0x02, 
	0x17, 0xb7, 0x42, 0x17, 0x00, 0x00, 0x19, 0x11, 
	0x01, 0x25, 0x0e, 0x13, 0x0b, 0x90, 0x01, 0x0b, 
	0x91, 0x01, 0x06, 0x03, 0x1f, 0x1b, 0x1f, 0x11, 
	0x01, 0x12, 0x06, 0x10, 0x17, 0x00, 0x00, 0x1a, 
	0x24, 0x00, 0x0b, 0x0b, 0x3e, 0x0b, 0x03, 0x08, 
	0x00, 0x00, 0x1b, 0x17, 0x01, 0x0b, 0x0b, 0x3a, 
	0x0b, 0x3b, 0x0b, 0x39, 0x0b, 0x01, 0x13, 0x00, 
	0x00, 0x1c, 0x13, 0x01, 0x0b, 0x0b, 0x3a, 0x0b, 
	0x3b, 0x0b, 0x39, 0x0b, 0x01, 0x13, 0x00, 0x00, 
	0x1d, 0x0f, 0x00, 0x0b, 0x0b, 0x00, 0x00, 0x1e, 
	0x13, 0x01, 0x03, 0x0e, 0x0b, 0x05, 0x3a, 0x0b, 
	0x3b, 0x05, 0x39, 0x0b, 0x01, 0x13, 0x00, 0x00, 
	0x1f, 0x0d, 0x00, 0x03, 0x0e, 0x3a, 0x0b, 0x3b, 
	0x05, 0x39, 0x0b, 0x49, 0x13, 0x38, 0x05, 0x00, 
	0x00, 0x20, 0x26, 0x00, 0x49, 0x13, 0x00, 0x00, 
	0x21, 0x13, 0x01, 0x0b, 0x0b, 0x3a, 0x0b, 0x3b, 
	0x05, 0x39, 0x0b, 0x01, 0x13, 0x00, 0x00, 0x22, 
	0x17, 0x01, 0x0b, 0x0b, 0x3a, 0x0b, 0x3b, 0x05, 
	0x39, 0x0b, 0x01, 0x13, 0x00, 0x00, 0x23, 0x0d, 
	0x00, 0x03, 0x0e, 0x3a, 0x0b, 0x3b, 0x05, 0x39, 
	0x0b, 0x49, 0x13, 0x00, 0x00, 0x24, 0x13, 0x00, 
	0x03, 0x0e, 0x3c, 0x19, 0x00, 0x00, 0x25, 0x21, 
	0x00, 0x49, 0x13, 0x2f, 0x05, 0x00, 0x00, 0x26, 
	0x2e, 0x01, 0x3f, 0x19, 0x03, 0x0e, 0x3a, 0x0b, 
	0x3b, 0x0b, 0x39, 0x0b, 0x27, 0x19, 0x49, 0x13, 
	0x3c, 0x19, 0x01, 0x13, 0x00, 0x00, 0x27, 0x2e, 
	0x01, 0x3f, 0x19, 0x03, 0x0e, 0x3a, 0x0b, 0x3b, 
	0x05, 0x39, 0x0b, 0x27, 0x19, 0x49, 0x13, 0x11, 
	0x01, 0x12, 0x06, 0x40, 0x18, 0x7a, 0x19, 0x01, 
	0x13, 0x00, 0x00, 0x28, 0x34, 0x00, 0x03, 0x0e, 
	0x3a, 0x0b, 0x3b, 0x05, 0x39, 0x0b, 0x49, 0x13, 
	0x1c, 0x05, 0x00, 0x00, 0x29, 0x48, 0x01, 0x7d, 
	0x01, 0x7f, 0x13, 0x00, 0x00, 0x2a, 0x2e, 0x01, 
	0x3f, 0x19, 0x03, 0x0e, 0x3a, 0x0b, 0x3b, 0x05, 
	0x39, 0x0b, 0x27, 0x19, 0x11, 0x01, 0x12, 0x06, 
	0x40, 0x18, 0x7a, 0x19, 0x00, 0x00, 0x2b, 0x48, 
	0x01, 0x7d, 0x01, 0x82, 0x01, 0x19, 0x7f, 0x13, 
	0x00, 0x00, 0x00, 0x01, 0x0d, 0x00, 0x03, 0x0e, 
	0x3a, 0x0b, 0x3b, 0x05, 0x39, 0x0b, 0x49, 0x13, 
	0x38, 0x0b, 0x00, 0x00, 0x02, 0x0d, 0x00, 0x03, 
	0x0e, 0x3a, 0x0b, 0x3b, 0x0b, 0x39, 0x0b, 0x49, 
	0x13, 0x38, 0x0b, 0x00, 0x00, 0x03, 0x05, 0x00, 
	0x49, 0x13, 0x00, 0x00, 0x04, 0x0f, 0x00, 0x0b, 
	0x21, 0x04, 0x49, 0x13, 0x00, 0x00, 0x05, 0x24, 
	0x00, 0x0b, 0x0b, 0x3e, 0x0b, 0x03, 0x0e, 0x00, 
	0x00, 0x06, 0x01, 0x01, 0x49, 0x13, 0x01, 0x13, 
	0x00, 0x00, 0x07, 0x34, 0x00, 0x31, 0x13, 0x02, 
	0x17, 0xb7, 0x42, 0x17, 0x00, 0x00, 0x08, 0x21, 
	0x00, 0x49, 0x13, 0x2f, 0x0b, 0x00, 0x00, 0x09, 
	0x0d, 0x00, 0x03, 0x08, 0x3a, 0x21, 0x05, 0x3b, 
	0x0b, 0x39, 0x0b, 0x49, 0x13, 0x38, 0x0b, 0x00, 
	0x00, 0x0a, 0x34, 0x00, 0x03, 0x0e, 0x3a, 0x21, 
	0x02, 0x3b, 0x05, 0x39, 0x0b, 0x49, 0x13, 0x00, 
	0x00, 0x0b, 0x16, 0x00, 0x03, 0x0e, 0x3a, 0x0b, 
	0x3b, 0x0b, 0x39, 0x0b, 0x49, 0x13, 0x00, 0x00, 
	0x0c, 0x49, 0x00, 0x02, 0x18, 0x7e, 0x18, 0x00, 
	0x00, 0x0d, 0x34, 0x00, 0x03, 0x0e, 0x3a, 0x21, 
	0x02, 0x3b, 0x05, 0x39, 0x0b, 0x49, 0x13, 0x3f, 
	0x19, 0x02, 0x18, 0x00, 0x00, 0x0e, 0x34, 0x00, 
	0x03, 0x0e, 0x3a, 0x21, 0x02, 0x3b, 0x05, 0x39, 
	0x0b, 0x49, 0x13, 0x02, 0x17, 0xb7, 0x42, 0x17, 
	0x00, 0x00, 0x0f, 0x34, 0x00, 0x03, 0x08, 0x3a, 
	0x21, 0x02, 0x3b, 0x05, 0x39, 0x0b, 0x49, 0x13, 
	0x02, 0x17, 0xb7, 0x42, 0x17, 0x00, 0x00, 0x10, 
	0x16, 0x00, 0x03, 0x0e, 0x3a, 0x0b, 0x3b, 0x05, 
	0x39, 0x0b, 0x49, 0x13, 0x00, 0x00, 0x11, 0x13, 
	0x01, 0x03, 0x0e, 0x0b, 0x0b, 0x3a, 0x21, 0x05, 
	0x3b, 0x0b, 0x39, 0x21, 0x08, 0x01, 0x13, 0x00, 
	0x00, 0x12, 0x15, 0x01, 0x27, 0x19, 0x49, 0x13, 
	0x01, 0x13, 0x00, 0x00, 0x13, 0x48, 0x01, 0x7d, 
	0x01, 0x7f, 0x13, 0x01, 0x13, 0x00, 0x00, 0x14, 
	0x13, 0x01, 0x03, 0x0e, 0x0b, 0x0b, 0x3a, 0x0b, 
	0x3b, 0x05, 0x39, 0x21, 0x08, 0x01, 0x13, 0x00, 
	0x00, 0x15, 0x2e, 0x01, 0x3f, 0x19, 0x03, 0x0e, 
	0x3a, 0x21, 0x02, 0x3b, 0x05, 0x39, 0x0b, 0x27, 
	0x19, 0x3c, 0x19, 0x01, 0x13, 0x00, 0x00, 0x16, 
	0x0d, 0x00, 0x03, 0x0e, 0x3a, 0x21, 0x04, 0x3b, 
	0x0b, 0x39, 0x0b, 0x49, 0x13, 0x00, 0x00, 0x17, 
	0x15, 0x01, 0x27, 0x19, 0x01, 0x13, 0x00, 0x00, 
	0x18, 0x0d, 0x00, 0x03, 0x08, 0x3a, 0x21, 0x02, 
	0x3b, 0x05, 0x39, 0x21, 0x18, 0x49, 0x13, 0x38, 
	0x0b, 0x00, 0x00, 0x19, 0x05, 0x00, 0x03, 0x0e, 
	0x3a, 0x21, 0x02, 0x3b, 0x21, 0x9e, 0x12, 0x39, 
	0x0b, 0x49, 0x13, 0x02, 0x17, 0xb7, 0x42, 0x17, 
	0x00, 0x00, 0x1a, 0x05, 0x00, 0x31, 0x13, 0x02, 
	0x17, 0xb7, 0x42, 0x17, 0x00, 0x00, 0x1b, 0x48, 
	0x01, 0x7d, 0x01, 0x7f, 0x13, 0x00, 0x00, 0x1c, 
	0x11, 0x01, 0x25, 0x0e, 0x13, 0x0b, 0x90, 0x01, 
	0x0b, 0x91, 0x01, 0x06, 0x03, 0x1f, 0x1b, 0x1f, 
	0x11, 0x01, 0x12, 0x06, 0x10, 0x17, 0x00, 0x00, 
	0x1d, 0x24, 0x00, 0x0b, 0x0b, 0x3e, 0x0b, 0x03, 
	0x08, 0x00, 0x00, 0x1e, 0x17, 0x01, 0x0b, 0x0b, 
	0x3a, 0x0b, 0x3b, 0x0b, 0x39, 0x0b, 0x01, 0x13, 
	0x00, 0x00, 0x1f, 0x13, 0x01, 0x0b, 0x0b, 0x3a, 
	0x0b, 0x3b, 0x0b, 0x39, 0x0b, 0x01, 0x13, 0x00, 
	0x00, 0x20, 0x0f, 0x00, 0x0b, 0x0b, 0x00, 0x00, 
	0x21, 0x13, 0x01, 0x03, 0x0e, 0x0b, 0x05, 0x3a, 
	0x0b, 0x3b, 0x05, 0x39, 0x0b, 0x01, 0x13, 0x00, 
	0x00, 0x22, 0x0d, 0x00, 0x03, 0x0e, 0x3a, 0x0b, 
	0x3b, 0x05, 0x39, 0x0b, 0x49, 0x13, 0x38, 0x05, 
	0x00, 0x00, 0x23, 0x26, 0x00, 0x49, 0x13, 0x00, 
	0x00, 0x24, 0x13, 0x01, 0x0b, 0x0b, 0x3a, 0x0b, 
	0x3b, 0x05, 0x39, 0x0b, 0x01, 0x13, 0x00, 0x00, 
	0x25, 0x17, 0x01, 0x0b, 0x0b, 0x3a, 0x0b, 0x3b, 
	0x05, 0x39, 0x0b, 0x01, 0x13, 0x00, 0x00, 0x26, 
	0x0d, 0x00, 0x03, 0x0e, 0x3a, 0x0b, 0x3b, 0x05, 
	0x39, 0x0b, 0x49, 0x13, 0x00, 0x00, 0x27, 0x13, 
	0x00, 0x03, 0x0e, 0x3c, 0x19, 0x00, 0x00, 0x28, 
	0x21, 0x00, 0x49, 0x13, 0x2f, 0x05, 0x00, 0x00, 
	0x29, 0x2e, 0x01, 0x3f, 0x19, 0x03, 0x0e, 0x3a, 
	0x0b, 0x3b, 0x0b, 0x39, 0x0b, 0x27, 0x19, 0x49, 
	0x13, 0x3c, 0x19, 0x01, 0x13, 0x00, 0x00, 0x2a, 
	0x2e, 0x01, 0x3f, 0x19, 0x03, 0x0e, 0x3a, 0x0b, 
	0x3b, 0x05, 0x39, 0x0b, 0x27, 0x19, 0x49, 0x13, 
	0x11, 0x01, 0x12, 0x06, 0x40, 0x18, 0x7a, 0x19, 
	0x01, 0x13, 0x00, 0x00, 0x2b, 0x1d, 0x01, 0x31, 
	0x13, 0x52, 0x01, 0xb8, 0x42, 0x0b, 0x55, 0x17, 
	0x58, 0x0b, 0x59, 0x05, 0x57, 0x0b, 0x01, 0x13, 
	0x00, 0x00, 0x2c, 0x2e, 0x01, 0x03, 0x0e, 0x3a, 
	0x0b, 0x3b, 0x05, 0x39, 0x0b, 0x27, 0x19, 0x20, 
	0x0b, 0x00, 0x00, 0x2d, 0x05, 0x00, 0x03, 0x0e, 
	0x3a, 0x0b, 0x3b, 0x05, 0x39, 0x0b, 0x49, 0x13, 
	0x00, 0x00, 0x2e, 0x05, 0x00, 0x03, 0x08, 0x3a, 
	0x0b, 0x3b, 0x05, 0x39, 0x0b, 0x49, 0x13, 0x00, 
	0x00, 0x2f, 0x34, 0x00, 0x03, 0x08, 0x3a, 0x0b, 
	0x3b, 0x05, 0x39, 0x0b, 0x49, 0x13, 0x00, 0x00, 
	0x00, 0x01, 0x0d, 0x00, 0x03, 0x0e, 0x3a, 0x21, 
	0x05, 0x3b, 0x05, 0x39, 0x0b, 0x49, 0x13, 0x38, 
	0x0b, 0x00, 0x00, 0x02, 0x0d, 0x00, 0x03, 0x0e, 
	0x3a, 0x0b, 0x3b, 0x0b, 0x39, 0x0b, 0x49, 0x13, 
	0x38, 0x0b, 0x00, 0x00, 0x03, 0x05, 0x00, 0x49, 
	0x13, 0x00, 0x00, 0x04, 0x0f, 0x00, 0x0b, 0x21, 
	0x04, 0x49, 0x13, 0x00, 0x00, 0x05, 0x24, 0x00, 
	0x0b, 0x0b, 0x3e, 0x0b, 0x03, 0x0e, 0x00, 0x00, 
	0x06, 0x01, 0x01, 0x49, 0x13, 0x01, 0x13, 0x00, 
	0x00, 0x07, 0x21, 0x00, 0x49, 0x13, 0x2f, 0x0b, 
	0x00, 0x00, 0x08, 0x0d, 0x00, 0x03, 0x08, 0x3a, 
	0x21, 0x05, 0x3b, 0x0b, 0x39, 0x0b, 0x49, 0x13, 
	0x38, 0x0b, 0x00, 0x00, 0x09, 0x16, 0x00, 0x03, 
	0x0e, 0x3a, 0x0b, 0x3b, 0x0b, 0x39, 0x0b, 0x49, 
	0x13, 0x00, 0x00, 0x0a, 0x13, 0x01, 0x03, 0x0e, 
	0x0b, 0x0b, 0x3a, 0x21, 0x05, 0x3b, 0x0b, 0x39, 
	0x21, 0x08, 0x01, 0x13, 0x00, 0x00, 0x0b, 0x15, 
	0x01, 0x27, 0x19, 0x49, 0x13, 0x01, 0x13, 0x00, 
	0x00, 0x0c, 0x16, 0x00, 0x03, 0x0e, 0x3a, 0x0b, 
	0x3b, 0x05, 0x39, 0x0b, 0x49, 0x13, 0x00, 0x00, 
	0x0d, 0x0d, 0x00, 0x03, 0x0e, 0x3a, 0x21, 0x04, 
	0x3b, 0x0b, 0x39, 0x0b, 0x49, 0x13, 0x00, 0x00, 
	0x0e, 0x15, 0x01, 0x27, 0x19, 0x01, 0x13, 0x00, 
	0x00, 0x0f, 0x05, 0x00, 0x03, 0x08, 0x3a, 0x21, 
	0x01, 0x3b, 0x0b, 0x39, 0x21, 0x15, 0x49, 0x13, 
	0x00, 0x00, 0x10, 0x11, 0x01, 0x25, 0x0e, 0x13, 
	0x0b, 0x90, 0x01, 0x0b, 0x91, 0x01, 0x06, 0x03, 
	0x1f, 0x1b, 0x1f, 0x11, 0x01, 0x12, 0x06, 0x10, 
	0x17, 0x00, 0x00, 0x11, 0x24, 0x00, 0x0b, 0x0b, 
	0x3e, 0x0b, 0x03, 0x08, 0x00, 0x00, 0x12, 0x17, 
	0x01, 0x0b, 0x0b, 0x3a, 0x0b, 0x3b, 0x0b, 0x39, 
	0x0b, 0x01, 0x13, 0x00, 0x00, 0x13, 0x13, 0x01, 
	0x0b, 0x0b, 0x3a, 0x0b, 0x3b, 0x0b, 0x39, 0x0b, 
	0x01, 0x13, 0x00, 0x00, 0x14, 0x0f, 0x00, 0x0b, 
	0x0b, 0x00, 0x00, 0x15, 0x13, 0x01, 0x03, 0x0e, 
	0x0b, 0x05, 0x3a, 0x0b, 0x3b, 0x05, 0x39, 0x0b, 
	0x01, 0x13, 0x00, 0x00, 0x16, 0x0d, 0x00, 0x03, 
	0x0e, 0x3a, 0x0b, 0x3b, 0x05, 0x39, 0x0b, 0x49, 
	0x13, 0x38, 0x05, 0x00, 0x00, 0x17, 0x26, 0x00, 
	0x49, 0x13, 0x00, 0x00, 0x18, 0x13, 0x01, 0x03, 
	0x0e, 0x0b, 0x0b, 0x3a, 0x0b, 0x3b, 0x05, 0x39, 
	0x0b, 0x01, 0x13, 0x00, 0x00, 0x19, 0x13, 0x01, 
	0x0b, 0x0b, 0x3a, 0x0b, 0x3b, 0x05, 0x39, 0x0b, 
	0x01, 0x13, 0x00, 0x00, 0x1a, 0x17, 0x01, 0x0b, 
	0x0b, 0x3a, 0x0b, 0x3b, 0x05, 0x39, 0x0b, 0x01, 
	0x13, 0x00, 0x00, 0x1b, 0x0d, 0x00, 0x03, 0x0e, 
	0x3a, 0x0b, 0x3b, 0x05, 0x39, 0x0b, 0x49, 0x13, 
	0x00, 0x00, 0x1c, 0x13, 0x00, 0x03, 0x0e, 0x3c, 
	0x19, 0x00, 0x00, 0x1d, 0x34, 0x00, 0x03, 0x0e, 
	0x3a, 0x0b, 0x3b, 0x0b, 0x39, 0x0b, 0x49, 0x13, 
	0x1c, 0x0b, 0x00, 0x00, 0x1e, 0x2e, 0x01, 0x3f, 
	0x19, 0x03, 0x0e, 0x3a, 0x0b, 0x3b, 0x0b, 0x39, 
	0x0b, 0x27, 0x19, 0x01, 0x13, 0x00, 0x00, 0x1f, 
	0x2e, 0x01, 0x3f, 0x19, 0x03, 0x0e, 0x3a, 0x0b, 
	0x3b, 0x0b, 0x39, 0x0b, 0x27, 0x19, 0x20, 0x0b, 
	0x01, 0x13, 0x00, 0x00, 0x20, 0x2e, 0x01, 0x31, 
	0x13, 0x11, 0x01, 0x12, 0x06, 0x40, 0x18, 0x7a, 
	0x19, 0x00, 0x00, 0x21, 0x05, 0x00, 0x31, 0x13, 
	0x02, 0x18, 0x00, 0x00, 0x00, 0x01, 0x05, 0x00, 
	0x49, 0x13, 0x00, 0x00, 0x02, 0x0d, 0x00, 0x03, 
	0x0e, 0x3a, 0x21, 0x04, 0x3b, 0x05, 0x39, 0x0b, 
	0x49, 0x13, 0x38, 0x0b, 0x00, 0x00, 0x03, 0x0d, 
	0x00, 0x03, 0x0e, 0x3a, 0x0b, 0x3b, 0x0b, 0x39, 
	0x0b, 0x49, 0x13, 0x38, 0x0b, 0x00, 0x00, 0x04, 
	0x49, 0x00, 0x02, 0x18, 0x7e, 0x18, 0x00, 0x00, 
	0x05, 0x28, 0x00, 0x03, 0x0e, 0x1c, 0x0b, 0x00, 
	0x00, 0x06, 0x0f, 0x00, 0x0b, 0x21, 0x04, 0x49, 
	0x13, 0x00, 0x00, 0x07, 0x24, 0x00, 0x0b, 0x0b, 
	0x3e, 0x0b, 0x03, 0x0e, 0x00, 0x00, 0x08, 0x01, 
	0x01, 0x49, 0x13, 0x01, 0x13, 0x00, 0x00, 0x09, 
	0x21, 0x00, 0x49, 0x13, 0x2f, 0x0b, 0x00, 0x00, 
	0x0a, 0x0d, 0x00, 0x03, 0x08, 0x3a, 0x21, 0x04, 
	0x3b, 0x0b, 0x39, 0x0b, 0x49, 0x13, 0x38, 0x0b, 
	0x00, 0x00, 0x0b, 0x16, 0x00, 0x03, 0x0e, 0x3a, 
	0x0b, 0x3b, 0x0b, 0x39, 0x0b, 0x49, 0x13, 0x00, 
	0x00, 0x0c, 0x13, 0x01, 0x03, 0x0e, 0x0b, 0x0b, 
	0x3a, 0x0b, 0x3b, 0x0b, 0x39, 0x21, 0x08, 0x01, 
	0x13, 0x00, 0x00, 0x0d, 0x15, 0x01, 0x27, 0x19, 
	0x49, 0x13, 0x01, 0x13, 0x00, 0x00, 0x0e, 0x2e, 
	0x01, 0x3f, 0x19, 0x03, 0x0e, 0x3a, 0x0b, 0x3b, 
	0x0b, 0x39, 0x0b, 0x27, 0x19, 0x49, 0x13, 0x3c, 
	0x19, 0x01, 0x13, 0x00, 0x00, 0x0f, 0x48, 0x01, 
	0x7d, 0x01, 0x82, 0x01, 0x19, 0x7f, 0x13, 0x00, 
	0x00, 0x10, 0x05, 0x00, 0x31, 0x13, 0x02, 0x17, 
	0xb7, 0x42, 0x17, 0x00, 0x00, 0x11, 0x48, 0x01, 
	0x7d, 0x01, 0x7f, 0x13, 0x00, 0x00, 0x12, 0x05, 
	0x00, 0x03, 0x08, 0x3a, 0x21, 0x01, 0x3b, 0x0b, 
	0x39, 0x0b, 0x49, 0x13, 0x00, 0x00, 0x13, 0x34, 
	0x00, 0x03, 0x0e, 0x3a, 0x21, 0x04, 0x3b, 0x05, 
	0x39, 0x0b, 0x49, 0x13, 0x3f, 0x19, 0x3c, 0x19, 
	0x00, 0x00, 0x14, 0x05, 0x00, 0x03, 0x08, 0x3a, 
	0x21, 0x01, 0x3b, 0x05, 0x39, 0x0b, 0x49, 0x13, 
	0x00, 0x00, 0x15, 0x05, 0x00, 0x03, 0x08, 0x3a, 
	0x21, 0x01, 0x3b, 0x0b, 0x39, 0x0b, 0x49, 0x13, 
	0x02, 0x17, 0xb7, 0x42, 0x17, 0x00, 0x00, 0x16, 
	0x34, 0x00, 0x47, 0x13, 0x02, 0x18, 0x00, 0x00, 
	0x17, 0x2e, 0x01, 0x3f, 0x19, 0x03, 0x0e, 0x3a, 
	0x0b, 0x3b, 0x05, 0x39, 0x0b, 0x27, 0x19, 0x49, 
	0x13, 0x3c, 0x19, 0x01, 0x13, 0x00, 0x00, 0x18, 
	0x48, 0x01, 0x7d, 0x01, 0x7f, 0x13, 0x01, 0x13, 
	0x00, 0x00, 0x19, 0x34, 0x00, 0x03, 0x08, 0x3a, 
	0x21, 0x01, 0x3b, 0x0b, 0x39, 0x0b, 0x49, 0x13, 
	0x02, 0x17, 0xb7, 0x42, 0x17, 0x00, 0x00, 0x1a, 
	0x1d, 0x01, 0x31, 0x13, 0x52, 0x01, 0xb8, 0x42, 
	0x0b, 0x55, 0x17, 0x58, 0x21, 0x01, 0x59, 0x0b, 
	0x57, 0x0b, 0x01, 0x13, 0x00, 0x00, 0x1b, 0x2e, 
	0x01, 0x03, 0x0e, 0x3a, 0x21, 0x01, 0x3b, 0x0b, 
	0x39, 0x21, 0x01, 0x27, 0x19, 0x20, 0x21, 0x03, 
	0x01, 0x13, 0x00, 0x00, 0x1c, 0x16, 0x00, 0x03, 
	0x0e, 0x3a, 0x0b, 0x3b, 0x05, 0x39, 0x0b, 0x49, 
	0x13, 0x00, 0x00, 0x1d, 0x0d, 0x00, 0x03, 0x0e, 
	0x3a, 0x21, 0x03, 0x3b, 0x0b, 0x39, 0x0b, 0x49, 
	0x13, 0x00, 0x00, 0x1e, 0x13, 0x01, 0x03, 0x0e, 
	0x0b, 0x0b, 0x3a, 0x21, 0x04, 0x3b, 0x05, 0x39, 
	0x21, 0x08, 0x01, 0x13, 0x00, 0x00, 0x1f, 0x15, 
	0x01, 0x27, 0x19, 0x01, 0x13, 0x00, 0x00, 0x20, 
	0x04, 0x01, 0x3e, 0x21, 0x07, 0x0b, 0x21, 0x01, 
	0x49, 0x13, 0x3a, 0x21, 0x07, 0x3b, 0x05, 0x39, 
	0x21, 0x17, 0x01, 0x13, 0x00, 0x00, 0x21, 0x2e, 
	0x01, 0x3f, 0x19, 0x03, 0x0e, 0x3a, 0x21, 0x01, 
	0x3b, 0x05, 0x39, 0x21, 0x01, 0x27, 0x19, 0x11, 
	0x01, 0x12, 0x06, 0x40, 0x18, 0x7a, 0x19, 0x01, 
	0x13, 0x00, 0x00, 0x22, 0x2e, 0x00, 0x3f, 0x19, 
	0x03, 0x0e, 0x3a, 0x21, 0x01, 0x3b, 0x05, 0x39, 
	0x21, 0x01, 0x27, 0x19, 0x20, 0x21, 0x01, 0x00, 
	0x00, 0x23, 0x2e, 0x01, 0x03, 0x0e, 0x3a, 0x21, 
	0x01, 0x3b, 0x0b, 0x39, 0x21, 0x01, 0x27, 0x19, 
	0x11, 0x01, 0x12, 0x06, 0x40, 0x18, 0x7a, 0x19, 
	0x01, 0x13, 0x00, 0x00, 0x24, 0x05, 0x00, 0x03, 
	0x0e, 0x3a, 0x21, 0x01, 0x3b, 0x0b, 0x39, 0x21, 
	0x11, 0x49, 0x13, 0x02, 0x17, 0xb7, 0x42, 0x17, 
	0x00, 0x00, 0x25, 0x2e, 0x01, 0x31, 0x13, 0x11, 
	0x01, 0x12, 0x06, 0x40, 0x18, 0x7a, 0x19, 0x01, 
	0x13, 0x00, 0x00, 0x26, 0x05, 0x00, 0x31, 0x13, 
	0x02, 0x18, 0x00, 0x00, 0x27, 0x11, 0x01, 0x25, 
	0x0e, 0x13, 0x0b, 0x90, 0x01, 0x0b, 0x91, 0x01, 
	0x06, 0x03, 0x1f, 0x1b, 0x1f, 0x11, 0x01, 0x12, 
	0x06, 0x10, 0x17, 0x00, 0x00, 0x28, 0x24, 0x00, 
	0x0b, 0x0b, 0x3e, 0x0b, 0x03, 0x08, 0x00, 0x00, 
	0x29, 0x17, 0x01, 0x0b, 0x0b, 0x3a, 0x0b, 0x3b, 
	0x0b, 0x39, 0x0b, 0x01, 0x13, 0x00, 0x00, 0x2a, 
	0x13, 0x01, 0x0b, 0x0b, 0x3a, 0x0b, 0x3b, 0x0b, 
	0x39, 0x0b, 0x01, 0x13, 0x00, 0x00, 0x2b, 0x0f, 
	0x00, 0x0b, 0x0b, 0x00, 0x00, 0x2c, 0x15, 0x00, 
	0x27, 0x19, 0x00, 0x00, 0x2d, 0x13, 0x01, 0x03, 
	0x0e, 0x0b, 0x05, 0x3a, 0x0b, 0x3b, 0x05, 0x39, 
	0x0b, 0x01, 0x13, 0x00, 0x00, 0x2e, 0x0d, 0x00, 
	0x03, 0x0e, 0x3a, 0x0b, 0x3b, 0x05, 0x39, 0x0b, 
	0x49, 0x13, 0x38, 0x05, 0x00, 0x00, 0x2f, 0x26, 
	0x00, 0x49, 0x13, 0x00, 0x00, 0x30, 0x13, 0x01, 
	0x0b, 0x0b, 0x3a, 0x0b, 0x3b, 0x05, 0x39, 0x0b, 
	0x01, 0x13, 0x00, 0x00, 0x31, 0x17, 0x01, 0x0b, 
	0x0b, 0x3a, 0x0b, 0x3b, 0x05, 0x39, 0x0b, 0x01, 
	0x13, 0x00, 0x00, 0x32, 0x0d, 0x00, 0x03, 0x0e, 
	0x3a, 0x0b, 0x3b, 0x05, 0x39, 0x0b, 0x49, 0x13, 
	0x00, 0x00, 0x33, 0x13, 0x00, 0x03, 0x0e, 0x3c, 
	0x19, 0x00, 0x00, 0x34, 0x28, 0x00, 0x03, 0x08, 
	0x1c, 0x0b, 0x00, 0x00, 0x35, 0x34, 0x00, 0x03, 
	0x0e, 0x3a, 0x0b, 0x3b, 0x05, 0x39, 0x0b, 0x49, 
	0x13, 0x1c, 0x0b, 0x00, 0x00, 0x36, 0x2e, 0x01, 
	0x03, 0x0e, 0x3a, 0x0b, 0x3b, 0x05, 0x39, 0x0b, 
	0x27, 0x19, 0x49, 0x13, 0x01, 0x13, 0x00, 0x00, 
	0x37, 0x2e, 0x01, 0x03, 0x0e, 0x3a, 0x0b, 0x3b, 
	0x05, 0x39, 0x0b, 0x27, 0x19, 0x49, 0x13, 0x20, 
	0x0b, 0x01, 0x13, 0x00, 0x00, 0x38, 0x2e, 0x01, 
	0x3f, 0x19, 0x03, 0x0e, 0x3a, 0x0b, 0x3b, 0x0b, 
	0x39, 0x0b, 0x27, 0x19, 0x11, 0x01, 0x12, 0x06, 
	0x40, 0x18, 0x7a, 0x19, 0x01, 0x13, 0x00, 0x00, 
	0x39, 0x1d, 0x01, 0x31, 0x13, 0x52, 0x01, 0xb8, 
	0x42, 0x0b, 0x11, 0x01, 0x12, 0x06, 0x58, 0x0b, 
	0x59, 0x05, 0x57, 0x0b, 0x00, 0x00, 0x3a, 0x48, 
	0x00, 0x7d, 0x01, 0x82, 0x01, 0x19, 0x7f, 0x13, 
	0x00, 0x00, 0x3b, 0x2e, 0x01, 0x3f, 0x19, 0x03, 
	0x0e, 0x3a, 0x0b, 0x3b, 0x0b, 0x39, 0x0b, 0x27, 
	0x19, 0x49, 0x13, 0x11, 0x01, 0x12, 0x06, 0x40, 
	0x18, 0x7a, 0x19, 0x01, 0x13, 0x00, 0x00, 0x3c, 
	0x0a, 0x00, 0x03, 0x0e, 0x3a, 0x0b, 0x3b, 0x0b, 
	0x39, 0x0b, 0x11, 0x01, 0x00, 0x00, 0x3d, 0x48, 
	0x00, 0x7d, 0x01, 0x7f, 0x13, 0x00, 0x00, 0x3e, 
	0x34, 0x00, 0x31, 0x13, 0x02, 0x17, 0xb7, 0x42, 
	0x17, 0x00, 0x00, 0x3f, 0x2e, 0x00, 0x03, 0x0e, 
	0x3a, 0x0b, 0x3b, 0x0b, 0x39, 0x0b, 0x27, 0x19, 
	0x20, 0x0b, 0x00, 0x00, 0x40, 0x2e, 0x01, 0x03, 
	0x0e, 0x3a, 0x0b, 0x3b, 0x0b, 0x39, 0x0b, 0x27, 
	0x19, 0x49, 0x13, 0x20, 0x0b, 0x01, 0x13, 0x00, 
	0x00, 0x41, 0x34, 0x00, 0x03, 0x08, 0x3a, 0x0b, 
	0x3b, 0x0b, 0x39, 0x0b, 0x49, 0x13, 0x00, 0x00, 
	0x42, 0x2e, 0x01, 0x03, 0x08, 0x3a, 0x0b, 0x3b, 
	0x0b, 0x39, 0x0b, 0x27, 0x19, 0x11, 0x01, 0x12, 
	0x06, 0x40, 0x18, 0x7a, 0x19, 0x01, 0x13, 0x00, 
	0x00, 0x43, 0x1d, 0x01, 0x31, 0x13, 0x52, 0x01, 
	0xb8, 0x42, 0x0b, 0x11, 0x01, 0x12, 0x06, 0x58, 
	0x0b, 0x59, 0x0b, 0x57, 0x0b, 0x01, 0x13, 0x00, 
	0x00, 0x44, 0x1d, 0x01, 0x31, 0x13, 0x52, 0x01, 
	0xb8, 0x42, 0x0b, 0x55, 0x17, 0x58, 0x0b, 0x59, 
	0x0b, 0x57, 0x0b, 0x00, 0x00, 0x45, 0x2e, 0x00, 
	0x31, 0x13, 0x11, 0x01, 0x12, 0x06, 0x40, 0x18, 
	0x7a, 0x19, 0x00, 0x00, 0x00, 0x01, 0x0d, 0x00, 
	0x03, 0x0e, 0x3a, 0x21, 0x04, 0x3b, 0x05, 0x39, 
	0x0b, 0x49, 0x13, 0x38, 0x0b, 0x00, 0x00, 0x02, 
	0x0d, 0x00, 0x03, 0x0e, 0x3a, 0x0b, 0x3b, 0x0b, 
	0x39, 0x0b, 0x49, 0x13, 0x38, 0x0b, 0x00, 0x00, 
	0x03, 0x0f, 0x00, 0x0b, 0x21, 0x04, 0x49, 0x13, 
	0x00, 0x00, 0x04, 0x05, 0x00, 0x49, 0x13, 0x00, 
	0x00, 0x05, 0x24, 0x00, 0x0b, 0x0b, 0x3e, 0x0b, 
	0x03, 0x0e, 0x00, 0x00, 0x06, 0x01, 0x01, 0x49, 
	0x13, 0x01, 0x13, 0x00, 0x00, 0x07, 0x21, 0x00, 
	0x49, 0x13, 0x2f, 0x0b, 0x00, 0x00, 0x08, 0x0d, 
	0x00, 0x03, 0x08, 0x3a, 0x21, 0x04, 0x3b, 0x0b, 
	0x39, 0x0b, 0x49, 0x13, 0x38, 0x0b, 0x00, 0x00, 
	0x09, 0x16, 0x00, 0x03, 0x0e, 0x3a, 0x0b, 0x3b, 
	0x0b, 0x39, 0x0b, 0x49, 0x13, 0x00, 0x00, 0x0a, 
	0x15, 0x01, 0x27, 0x19, 0x49, 0x13, 0x01, 0x13, 
	0x00, 0x00, 0x0b, 0x13, 0x01, 0x03, 0x0e, 0x0b, 
	0x0b, 0x3a, 0x21, 0x04, 0x3b, 0x0b, 0x39, 0x21, 
	0x08, 0x01, 0x13, 0x00, 0x00, 0x0c, 0x34, 0x00, 
	0x03, 0x08, 0x3a, 0x21, 0x01, 0x3b, 0x0b, 0x39, 
	0x0b, 0x49, 0x13, 0x02, 0x17, 0xb7, 0x42, 0x17, 
	0x00, 0x00, 0x0d, 0x16, 0x00, 0x03, 0x0e, 0x3a, 
	0x0b, 0x3b, 0x05, 0x39, 0x0b, 0x49, 0x13, 0x00, 
	0x00, 0x0e, 0x0d, 0x00, 0x03, 0x0e, 0x3a, 0x21, 
	0x03, 0x3b, 0x0b, 0x39, 0x0b, 0x49, 0x13, 0x00, 
	0x00, 0x0f, 0x13, 0x01, 0x03, 0x0e, 0x0b, 0x0b, 
	0x3a, 0x21, 0x04, 0x3b, 0x05, 0x39, 0x21, 0x08, 
	0x01, 0x13, 0x00, 0x00, 0x10, 0x15, 0x01, 0x27, 
	0x19, 0x01, 0x13, 0x00, 0x00, 0x11, 0x05, 0x00, 
	0x03, 0x08, 0x3a, 0x21, 0x01, 0x3b, 0x0b, 0x39, 
	0x0b, 0x49, 0x13, 0x02, 0x17, 0xb7, 0x42, 0x17, 
	0x00, 0x00, 0x12, 0x49, 0x00, 0x02, 0x18, 0x7e, 
	0x18, 0x00, 0x00, 0x13, 0x11, 0x01, 0x25, 0x0e, 
	0x13, 0x0b, 0x90, 0x01, 0x0b, 0x91, 0x01, 0x06, 
	0x03, 0x1f, 0x1b, 0x1f, 0x11, 0x01, 0x12, 0x06, 
	0x10, 0x17, 0x00, 0x00, 0x14, 0x24, 0x00, 0x0b, 
	0x0b, 0x3e, 0x0b, 0x03, 0x08, 0x00, 0x00, 0x15, 
	0x17, 0x01, 0x0b, 0x0b, 0x3a, 0x0b, 0x3b, 0x0b, 
	0x39, 0x0b, 0x01, 0x13, 0x00, 0x00, 0x16, 0x13, 
	0x01, 0x0b, 0x0b, 0x3a, 0x0b, 0x3b, 0x0b, 0x39, 
	0x0b, 0x01, 0x13, 0x00, 0x00, 0x17, 0x0f, 0x00, 
	0x0b, 0x0b, 0x00, 0x00, 0x18, 0x13, 0x01, 0x03, 
	0x0e, 0x0b, 0x05, 0x3a, 0x0b, 0x3b, 0x05, 0x39, 
	0x0b, 0x01, 0x13, 0x00, 0x00, 0x19, 0x0d, 0x00, 
	0x03, 0x0e, 0x3a, 0x0b, 0x3b, 0x05, 0x39, 0x0b, 
	0x49, 0x13, 0x38, 0x05, 0x00, 0x00, 0x1a, 0x26, 
	0x00, 0x49, 0x13, 0x00, 0x00, 0x1b, 0x13, 0x01, 
	0x0b, 0x0b, 0x3a, 0x0b, 0x3b, 0x05, 0x39, 0x0b, 
	0x01, 0x13, 0x00, 0x00, 0x1c, 0x17, 0x01, 0x0b, 
	0x0b, 0x3a, 0x0b, 0x3b, 0x05, 0x39, 0x0b, 0x01, 
	0x13, 0x00, 0x00, 0x1d, 0x0d, 0x00, 0x03, 0x0e, 
	0x3a, 0x0b, 0x3b, 0x05, 0x39, 0x0b, 0x49, 0x13, 
	0x00, 0x00, 0x1e, 0x13, 0x00, 0x03, 0x0e, 0x3c, 
	0x19, 0x00, 0x00, 0x1f, 0x2e, 0x01, 0x3f, 0x19, 
	0x03, 0x0e, 0x3a, 0x0b, 0x3b, 0x05, 0x39, 0x0b, 
	0x27, 0x19, 0x49, 0x13, 0x11, 0x01, 0x12, 0x06, 
	0x40, 0x18, 0x7a, 0x19, 0x01, 0x13, 0x00, 0x00, 
	0x20, 0x05, 0x00, 0x03, 0x0e, 0x3a, 0x0b, 0x3b, 
	0x0b, 0x39, 0x0b, 0x49, 0x13, 0x02, 0x17, 0xb7, 
	0x42, 0x17, 0x00, 0x00, 0x21, 0x48, 0x01, 0x7d, 
	0x01, 0x00, 0x00, 0x00, 0x01, 0x0d, 0x00, 0x03, 
	0x0e, 0x3a, 0x21, 0x04, 0x3b, 0x05, 0x39, 0x0b, 
	0x49, 0x13, 0x38, 0x0b, 0x00, 0x00, 0x02, 0x0d, 
	0x00, 0x03, 0x0e, 0x3a, 0x0b, 0x3b, 0x0b, 0x39, 
	0x0b, 0x49, 0x13, 0x38, 0x0b, 0x00, 0x00, 0x03, 
	0x05, 0x00, 0x49, 0x13, 0x00, 0x00, 0x04, 0x0f, 
	0x00, 0x0b, 0x21, 0x04, 0x49, 0x13, 0x00, 0x00, 
	0x05, 0x49, 0x00, 0x02, 0x18, 0x7e, 0x18, 0x00, 
	0x00, 0x06, 0x24, 0x00, 0x0b, 0x0b, 0x3e, 0x0b, 
	0x03, 0x0e, 0x00, 0x00, 0x07, 0x16, 0x00, 0x03, 
	0x0e, 0x3a, 0x0b, 0x3b, 0x0b, 0x39, 0x0b, 0x49, 
	0x13, 0x00, 0x00, 0x08, 0x01, 0x01, 0x49, 0x13, 
	0x01, 0x13, 0x00, 0x00, 0x09, 0x21, 0x00, 0x49, 
	0x13, 0x2f, 0x0b, 0x00, 0x00, 0x0a, 0x0d, 0x00, 
	0x03, 0x08, 0x3a, 0x21, 0x04, 0x3b, 0x0b, 0x39, 
	0x0b, 0x49, 0x13, 0x38, 0x0b, 0x00, 0x00, 0x0b, 
	0x05, 0x00, 0x03, 0x08, 0x3a, 0x21, 0x01, 0x3b, 
	0x0b, 0x39, 0x0b, 0x49, 0x13, 0x02, 0x17, 0xb7, 
	0x42, 0x17, 0x00, 0x00, 0x0c, 0x05, 0x00, 0x03, 
	0x0e, 0x3a, 0x21, 0x01, 0x3b, 0x0b, 0x39, 0x0b, 
	0x49, 0x13, 0x02, 0x17, 0xb7, 0x42, 0x17, 0x00, 
	0x00, 0x0d, 0x34, 0x00, 0x03, 0x08, 0x3a, 0x21, 
	0x01, 0x3b, 0x0b, 0x39, 0x0b, 0x49, 0x13, 0x02, 
	0x17, 0xb7, 0x42, 0x17, 0x00, 0x00, 0x0e, 0x13, 
	0x01, 0x03, 0x0e, 0x0b, 0x0b, 0x3a, 0x21, 0x04, 
	0x3b, 0x0b, 0x39, 0x21, 0x08, 0x01, 0x13, 0x00, 
	0x00, 0x0f, 0x15, 0x01, 0x27, 0x19, 0x49, 0x13, 
	0x01, 0x13, 0x00, 0x00, 0x10, 0x2e, 0x01, 0x3f, 
	0x19, 0x03, 0x0e, 0x3a, 0x21, 0x07, 0x3b, 0x0b, 
	0x39, 0x0b, 0x27, 0x19, 0x49, 0x13, 0x3c, 0x19, 
	0x01, 0x13, 0x00, 0x00, 0x11, 0x2e, 0x01, 0x3f, 
	0x19, 0x03, 0x0e, 0x3a, 0x21, 0x01, 0x3b, 0x0b, 
	0x39, 0x21, 0x01, 0x27, 0x19, 0x49, 0x13, 0x11, 
	0x01, 0x12, 0x06, 0x40, 0x18, 0x7a, 0x19, 0x01, 
	0x13, 0x00, 0x00, 0x12, 0x16, 0x00, 0x03, 0x0e, 
	0x3a, 0x0b, 0x3b, 0x05, 0x39, 0x0b, 0x49, 0x13, 
	0x00, 0x00, 0x13, 0x0d, 0x00, 0x03, 0x0e, 0x3a, 
	0x21, 0x03, 0x3b, 0x0b, 0x39, 0x0b, 0x49, 0x13, 
	0x00, 0x00, 0x14, 0x15, 0x01, 0x27, 0x19, 0x01, 
	0x13, 0x00, 0x00, 0x15, 0x48, 0x01, 0x7d, 0x01, 
	0x82, 0x01, 0x19, 0x7f, 0x13, 0x00, 0x00, 0x16, 
	0x48, 0x01, 0x7d, 0x01, 0x7f, 0x13, 0x00, 0x00, 
	0x17, 0x05, 0x00, 0x03, 0x08, 0x3a, 0x21, 0x01, 
	0x3b, 0x0b, 0x39, 0x0b, 0x49, 0x13, 0x02, 0x18, 
	0x00, 0x00, 0x18, 0x11, 0x01, 0x25, 0x0e, 0x13, 
	0x0b, 0x90, 0x01, 0x0b, 0x91, 0x01, 0x06, 0x03, 
	0x1f, 0x1b, 0x1f, 0x11, 0x01, 0x12, 0x06, 0x10, 
	0x17, 0x00, 0x00, 0x19, 0x24, 0x00, 0x0b, 0x0b, 
	0x3e, 0x0b, 0x03, 0x08, 0x00, 0x00, 0x1a, 0x17, 
	0x01, 0x0b, 0x0b, 0x3a, 0x0b, 0x3b, 0x0b, 0x39, 
	0x0b, 0x01, 0x13, 0x00, 0x00, 0x1b, 0x13, 0x01, 
	0x0b, 0x0b, 0x3a, 0x0b, 0x3b, 0x0b, 0x39, 0x0b, 
	0x01, 0x13, 0x00, 0x00, 0x1c, 0x0f, 0x00, 0x0b, 
	0x0b, 0x00, 0x00, 0x1d, 0x13, 0x01, 0x03, 0x0e, 
	0x0b, 0x05, 0x3a, 0x0b, 0x3b, 0x05, 0x39, 0x0b, 
	0x01, 0x13, 0x00, 0x00, 0x1e, 0x0d, 0x00, 0x03, 
	0x0e, 0x3a, 0x0b, 0x3b, 0x05, 0x39, 0x0b, 0x49, 
	0x13, 0x38, 0x05, 0x00, 0x00, 0x1f, 0x26, 0x00, 
	0x49, 0x13, 0x00, 0x00, 0x20, 0x13, 0x01, 0x03, 
	0x0e, 0x0b, 0x0b, 0x3a, 0x0b, 0x3b, 0x05, 0x39, 
	0x0b, 0x01, 0x13, 0x00, 0x00, 0x21, 0x13, 0x01, 
	0x0b, 0x0b, 0x3a, 0x0b, 0x3b, 0x05, 0x39, 0x0b, 
	0x01, 0x13, 0x00, 0x00, 0x22, 0x17, 0x01, 0x0b, 
	0x0b, 0x3a, 0x0b, 0x3b, 0x05, 0x39, 0x0b, 0x01, 
	0x13, 0x00, 0x00, 0x23, 0x0d, 0x00, 0x03, 0x0e, 
	0x3a, 0x0b, 0x3b, 0x05, 0x39, 0x0b, 0x49, 0x13, 
	0x00, 0x00, 0x24, 0x13, 0x00, 0x03, 0x0e, 0x3c, 
	0x19, 0x00, 0x00, 0x25, 0x26, 0x00, 0x00, 0x00, 
	0x26, 0x34, 0x00, 0x03, 0x08, 0x3a, 0x0b, 0x3b, 
	0x0b, 0x39, 0x0b, 0x49, 0x13, 0x00, 0x00, 0x27, 
	0x48, 0x01, 0x7d, 0x01, 0x7f, 0x13, 0x01, 0x13, 
	0x00, 0x00, 0x28, 0x05, 0x00, 0x03, 0x0e, 0x3a, 
	0x0b, 0x3b, 0x0b, 0x39, 0x0b, 0x49, 0x13, 0x02, 
	0x18, 0x00, 0x00, 0x29, 0x2e, 0x01, 0x3f, 0x19, 
	0x03, 0x0e, 0x3a, 0x0b, 0x3b, 0x0b, 0x39, 0x0b, 
	0x27, 0x19, 0x49, 0x13, 0x11, 0x01, 0x12, 0x06, 
	0x40, 0x18, 0x7a, 0x19, 0x00, 0x00, 0x00, 0x01, 
	0x0d, 0x00, 0x03, 0x0e, 0x3a, 0x21, 0x04, 0x3b, 
	0x05, 0x39, 0x0b, 0x49, 0x13, 0x38, 0x0b, 0x00, 
	0x00, 0x02, 0x0d, 0x00, 0x03, 0x0e, 0x3a, 0x0b, 
	0x3b, 0x0b, 0x39, 0x0b, 0x49, 0x13, 0x38, 0x0b, 
	0x00, 0x00, 0x03, 0x05, 0x00, 0x49, 0x13, 0x00, 
	0x00, 0x04, 0x0f, 0x00, 0x0b, 0x21, 0x04, 0x49, 
	0x13, 0x00, 0x00, 0x05, 0x24, 0x00, 0x0b, 0x0b, 
	0x3e, 0x0b, 0x03, 0x0e, 0x00, 0x00, 0x06, 0x01, 
	0x01, 0x49, 0x13, 0x01, 0x13, 0x00, 0x00, 0x07, 
	0x21, 0x00, 0x49, 0x13, 0x2f, 0x0b, 0x00, 0x00, 
	0x08, 0x0d, 0x00, 0x03, 0x08, 0x3a, 0x21, 0x04, 
	0x3b, 0x0b, 0x39, 0x0b, 0x49, 0x13, 0x38, 0x0b, 
	0x00, 0x00, 0x09, 0x16, 0x00, 0x03, 0x0e, 0x3a, 
	0x0b, 0x3b, 0x0b, 0x39, 0x0b, 0x49, 0x13, 0x00, 
	0x00, 0x0a, 0x13, 0x01, 0x03, 0x0e, 0x0b, 0x0b, 
	0x3a, 0x21, 0x04, 0x3b, 0x0b, 0x39, 0x21, 0x08, 
	0x01, 0x13, 0x00, 0x00, 0x0b, 0x15, 0x01, 0x27, 
	0x19, 0x49, 0x13, 0x01, 0x13, 0x00, 0x00, 0x0c, 
	0x05, 0x00, 0x03, 0x08, 0x3a, 0x21, 0x01, 0x3b, 
	0x0b, 0x39, 0x0b, 0x49, 0x13, 0x02, 0x17, 0xb7, 
	0x42, 0x17, 0x00, 0x00, 0x0d, 0x49, 0x00, 0x02, 
	0x18, 0x7e, 0x18, 0x00, 0x00, 0x0e, 0x16, 0x00, 
	0x03, 0x0e, 0x3a, 0x0b, 0x3b, 0x05, 0x39, 0x0b, 
	0x49, 0x13, 0x00, 0x00, 0x0f, 0x0d, 0x00, 0x03, 
	0x0e, 0x3a, 0x21, 0x03, 0x3b, 0x0b, 0x39, 0x0b, 
	0x49, 0x13, 0x00, 0x00, 0x10, 0x15, 0x01, 0x27, 
	0x19, 0x01, 0x13, 0x00, 0x00, 0x11, 0x11, 0x01, 
	0x25, 0x0e, 0x13, 0x0b, 0x90, 0x01, 0x0b, 0x91, 
	0x01, 0x06, 0x03, 0x1f, 0x1b, 0x1f, 0x11, 0x01, 
	0x12, 0x06, 0x10, 0x17, 0x00, 0x00, 0x12, 0x24, 
	0x00, 0x0b, 0x0b, 0x3e, 0x0b, 0x03, 0x08, 0x00, 
	0x00, 0x13, 0x17, 0x01, 0x0b, 0x0b, 0x3a, 0x0b, 
	0x3b, 0x0b, 0x39, 0x0b, 0x01, 0x13, 0x00, 0x00, 
	0x14, 0x13, 0x01, 0x0b, 0x0b, 0x3a, 0x0b, 0x3b, 
	0x0b, 0x39, 0x0b, 0x01, 0x13, 0x00, 0x00, 0x15, 
	0x0f, 0x00, 0x0b, 0x0b, 0x00, 0x00, 0x16, 0x13, 
	0x01, 0x03, 0x0e, 0x0b, 0x05, 0x3a, 0x0b, 0x3b, 
	0x05, 0x39, 0x0b, 0x01, 0x13, 0x00, 0x00, 0x17, 
	0x0d, 0x00, 0x03, 0x0e, 0x3a, 0x0b, 0x3b, 0x05, 
	0x39, 0x0b, 0x49, 0x13, 0x38, 0x05, 0x00, 0x00, 
	0x18, 0x26, 0x00, 0x49, 0x13, 0x00, 0x00, 0x19, 
	0x13, 0x01, 0x03, 0x0e, 0x0b, 0x0b, 0x3a, 0x0b, 
	0x3b, 0x05, 0x39, 0x0b, 0x01, 0x13, 0x00, 0x00, 
	0x1a, 0x13, 0x01, 0x0b, 0x0b, 0x3a, 0x0b, 0x3b, 
	0x05, 0x39, 0x0b, 0x01, 0x13, 0x00, 0x00, 0x1b, 
	0x17, 0x01, 0x0b, 0x0b, 0x3a, 0x0b, 0x3b, 0x05, 
	0x39, 0x0b, 0x01, 0x13, 0x00, 0x00, 0x1c, 0x0d, 
	0x00, 0x03, 0x0e, 0x3a, 0x0b, 0x3b, 0x05, 0x39, 
	0x0b, 0x49, 0x13, 0x00, 0x00, 0x1d, 0x13, 0x00, 
	0x03, 0x0e, 0x3c, 0x19, 0x00, 0x00, 0x1e, 0x34, 
	0x00, 0x03, 0x0e, 0x3a, 0x0b, 0x3b, 0x0b, 0x39, 
	0x0b, 0x49, 0x13, 0x3f, 0x19, 0x3c, 0x19, 0x00, 
	0x00, 0x1f, 0x2e, 0x01, 0x3f, 0x19, 0x03, 0x0e, 
	0x3a, 0x0b, 0x3b, 0x05, 0x39, 0x0b, 0x27, 0x19, 
	0x49, 0x13, 0x3c, 0x19, 0x01, 0x13, 0x00, 0x00, 
	0x20, 0x2e, 0x01, 0x3f, 0x19, 0x03, 0x0e, 0x3a, 
	0x0b, 0x3b, 0x0b, 0x39, 0x0b, 0x27, 0x19, 0x49, 
	0x13, 0x11, 0x01, 0x12, 0x06, 0x40, 0x18, 0x7a, 
	0x19, 0x00, 0x00, 0x21, 0x05, 0x00, 0x03, 0x0e, 
	0x3a, 0x0b, 0x3b, 0x0b, 0x39, 0x0b, 0x49, 0x13, 
	0x02, 0x17, 0xb7, 0x42, 0x17, 0x00, 0x00, 0x22, 
	0x34, 0x00, 0x03, 0x08, 0x3a, 0x0b, 0x3b, 0x0b, 
	0x39, 0x0b, 0x49, 0x13, 0x02, 0x17, 0xb7, 0x42, 
	0x17, 0x00, 0x00, 0x23, 0x48, 0x01, 0x7d, 0x01, 
	0x7f, 0x13, 0x00, 0x00, 0x00, 0x01, 0x0d, 0x00, 
	0x03, 0x0e, 0x3a, 0x21, 0x04, 0x3b, 0x05, 0x39, 
	0x0b, 0x49, 0x13, 0x38, 0x0b, 0x00, 0x00, 0x02, 
	0x0d, 0x00, 0x03, 0x0e, 0x3a, 0x0b, 0x3b, 0x0b, 
	0x39, 0x0b, 0x49, 0x13, 0x38, 0x0b, 0x00, 0x00, 
	0x03, 0x05, 0x00, 0x49, 0x13, 0x00, 0x00, 0x04, 
	0x0f, 0x00, 0x0b, 0x21, 0x04, 0x49, 0x13, 0x00, 
	0x00, 0x05, 0x24, 0x00, 0x0b, 0x0b, 0x3e, 0x0b, 
	0x03, 0x0e, 0x00, 0x00, 0x06, 0x01, 0x01, 0x49, 
	0x13, 0x01, 0x13, 0x00, 0x00, 0x07, 0x21, 0x00, 
	0x49, 0x13, 0x2f, 0x0b, 0x00, 0x00, 0x08, 0x0d, 
	0x00, 0x03, 0x08, 0x3a, 0x21, 0x04, 0x3b, 0x0b, 
	0x39, 0x0b, 0x49, 0x13, 0x38, 0x0b, 0x00, 0x00, 
	0x09, 0x16, 0x00, 0x03, 0x0e, 0x3a, 0x0b, 0x3b, 
	0x0b, 0x39, 0x0b, 0x49, 0x13, 0x00, 0x00, 0x0a, 
	0x13, 0x01, 0x03, 0x0e, 0x0b, 0x0b, 0x3a, 0x21, 
	0x04, 0x3b, 0x0b, 0x39, 0x21, 0x08, 0x01, 0x13, 
	0x00, 0x00, 0x0b, 0x15, 0x01, 0x27, 0x19, 0x49, 
	0x13, 0x01, 0x13, 0x00, 0x00, 0x0c, 0x05, 0x00, 
	0x03, 0x08, 0x3a, 0x21, 0x01, 0x3b, 0x0b, 0x39, 
	0x0b, 0x49, 0x13, 0x02, 0x17, 0xb7, 0x42, 0x17, 
	0x00, 0x00, 0x0d, 0x49, 0x00, 0x02, 0x18, 0x7e, 
	0x18, 0x00, 0x00, 0x0e, 0x16, 0x00, 0x03, 0x0e, 
	0x3a, 0x0b, 0x3b, 0x05, 0x39, 0x0b, 0x49, 0x13, 
	0x00, 0x00, 0x0f, 0x0d, 0x00, 0x03, 0x0e, 0x3a, 
	0x21, 0x03, 0x3b, 0x0b, 0x39, 0x0b, 0x49, 0x13, 
	0x00, 0x00, 0x10, 0x15, 0x01, 0x27, 0x19, 0x01, 
	0x13, 0x00, 0x00, 0x11, 0x11, 0x01, 0x25, 0x0e, 
	0x13, 0x0b, 0x90, 0x01, 0x0b, 0x91, 0x01, 0x06, 
	0x03, 0x1f, 0x1b, 0x1f, 0x11, 0x01, 0x12, 0x06, 
	0x10, 0x17, 0x00, 0x00, 0x12, 0x24, 0x00, 0x0b, 
	0x0b, 0x3e, 0x0b, 0x03, 0x08, 0x00, 0x00, 0x13, 
	0x17, 0x01, 0x0b, 0x0b, 0x3a, 0x0b, 0x3b, 0x0b, 
	0x39, 0x0b, 0x01, 0x13, 0x00, 0x00, 0x14, 0x13, 
	0x01, 0x0b, 0x0b, 0x3a, 0x0b, 0x3b, 0x0b, 0x39, 
	0x0b, 0x01, 0x13, 0x00, 0x00, 0x15, 0x0f, 0x00, 
	0x0b, 0x0b, 0x00, 0x00, 0x16, 0x13, 0x01, 0x03, 
	0x0e, 0x0b, 0x05, 0x3a, 0x0b, 0x3b, 0x05, 0x39, 
	0x0b, 0x01, 0x13, 0x00, 0x00, 0x17, 0x0d, 0x00, 
	0x03, 0x0e, 0x3a, 0x0b, 0x3b, 0x05, 0x39, 0x0b, 
	0x49, 0x13, 0x38, 0x05, 0x00, 0x00, 0x18, 0x26, 
	0x00, 0x49, 0x13, 0x00, 0x00, 0x19, 0x13, 0x01, 
	0x03, 0x0e, 0x0b, 0x0b, 0x3a, 0x0b, 0x3b, 0x05, 
	0x39, 0x0b, 0x01, 0x13, 0x00, 0x00, 0x1a, 0x13, 
	0x01, 0x0b, 0x0b, 0x3a, 0x0b, 0x3b, 0x05, 0x39, 
	0x0b, 0x01, 0x13, 0x00, 0x00, 0x1b, 0x17, 0x01, 
	0x0b, 0x0b, 0x3a, 0x0b, 0x3b, 0x05, 0x39, 0x0b, 
	0x01, 0x13, 0x00, 0x00, 0x1c, 0x0d, 0x00, 0x03, 
	0x0e, 0x3a, 0x0b, 0x3b, 0x05, 0x39, 0x0b, 0x49, 
	0x13, 0x00, 0x00, 0x1d, 0x13, 0x00, 0x03, 0x0e, 
	0x3c, 0x19, 0x00, 0x00, 0x1e, 0x34, 0x00, 0x03, 
	0x0e, 0x3a, 0x0b, 0x3b, 0x0b, 0x39, 0x0b, 0x49, 
	0x13, 0x3f, 0x19, 0x3c, 0x19, 0x00, 0x00, 0x1f, 
	0x2e, 0x01, 0x3f, 0x19, 0x03, 0x0e, 0x3a, 0x0b, 
	0x3b, 0x05, 0x39, 0x0b, 0x27, 0x19, 0x49, 0x13, 
	0x3c, 0x19, 0x01, 0x13, 0x00, 0x00, 0x20, 0x2e, 
	0x01, 0x3f, 0x19, 0x03, 0x0e, 0x3a, 0x0b, 0x3b, 
	0x0b, 0x39, 0x0b, 0x27, 0x19, 0x49, 0x13, 0x11, 
	0x01, 0x12, 0x06, 0x40, 0x18, 0x7a, 0x19, 0x00, 
	0x00, 0x21, 0x34, 0x00, 0x03, 0x08, 0x3a, 0x0b, 
	0x3b, 0x0b, 0x39, 0x0b, 0x49, 0x13, 0x02, 0x17, 
	0xb7, 0x42, 0x17, 0x00, 0x00, 0x22, 0x48, 0x01, 
	0x7d, 0x01, 0x7f, 0x13, 0x00, 0x00, 0x00, 0x01, 
	0x0d, 0x00, 0x03, 0x0e, 0x3a, 0x21, 0x04, 0x3b, 
	0x05, 0x39, 0x0b, 0x49, 0x13, 0x38, 0x0b, 0x00, 
	0x00, 0x02, 0x0d, 0x00, 0x03, 0x0e, 0x3a, 0x0b, 
	0x3b, 0x0b, 0x39, 0x0b, 0x49, 0x13, 0x38, 0x0b, 
	0x00, 0x00, 0x03, 0x05, 0x00, 0x49, 0x13, 0x00, 
	0x00, 0x04, 0x0f, 0x00, 0x0b, 0x21, 0x04, 0x49, 
	0x13, 0x00, 0x00, 0x05, 0x24, 0x00, 0x0b, 0x0b, 
	0x3e, 0x0b, 0x03, 0x0e, 0x00, 0x00, 0x06, 0x01, 
	0x01, 0x49, 0x13, 0x01, 0x13, 0x00, 0x00, 0x07, 
	0x21, 0x00, 0x49, 0x13, 0x2f, 0x0b, 0x00, 0x00, 
	0x08, 0x0d, 0x00, 0x03, 0x08, 0x3a, 0x21, 0x04, 
	0x3b, 0x0b, 0x39, 0x0b, 0x49, 0x13, 0x38, 0x0b, 
	0x00, 0x00, 0x09, 0x16, 0x00, 0x03, 0x0e, 0x3a, 
	0x0b, 0x3b, 0x0b, 0x39, 0x0b, 0x49, 0x13, 0x00, 
	0x00, 0x0a, 0x13, 0x01, 0x03, 0x0e, 0x0b, 0x0b, 
	0x3a, 0x21, 0x04, 0x3b, 0x0b, 0x39, 0x21, 0x08, 
	0x01, 0x13, 0x00, 0x00, 0x0b, 0x15, 0x01, 0x27, 
	0x19, 0x49, 0x13, 0x01, 0x13, 0x00, 0x00, 0x0c, 
	0x16, 0x00, 0x03, 0x0e, 0x3a, 0x0b, 0x3b, 0x05, 
	0x39, 0x0b, 0x49, 0x13, 0x00, 0x00, 0x0d, 0x0d, 
	0x00, 0x03, 0x0e, 0x3a, 0x21, 0x03, 0x3b, 0x0b, 
	0x39, 0x0b, 0x49, 0x13, 0x00, 0x00, 0x0e, 0x15, 
	0x01, 0x27, 0x19, 0x01, 0x13, 0x00, 0x00, 0x0f, 
	0x11, 0x01, 0x25, 0x0e, 0x13, 0x0b, 0x90, 0x01, 
	0x0b, 0x91, 0x01, 0x06, 0x03, 0x1f, 0x1b, 0x1f, 
	0x11, 0x01, 0x12, 0x06, 0x10, 0x17, 0x00, 0x00, 
	0x10, 0x24, 0x00, 0x0b, 0x0b, 0x3e, 0x0b, 0x03, 
	0x08, 0x00, 0x00, 0x11, 0x17, 0x01, 0x0b, 0x0b, 
	0x3a, 0x0b, 0x3b, 0x0b, 0x39, 0x0b, 0x01, 0x13, 
	0x00, 0x00, 0x12, 0x13, 0x01, 0x0b, 0x0b, 0x3a, 
	0x0b, 0x3b, 0x0b, 0x39, 0x0b, 0x01, 0x13, 0x00, 
	0x00, 0x13, 0x0f, 0x00, 0x0b, 0x0b, 0x00, 0x00, 
	0x14, 0x13, 0x01, 0x03, 0x0e, 0x0b, 0x05, 0x3a, 
	0x0b, 0x3b, 0x05, 0x39, 0x0b, 0x01, 0x13, 0x00, 
	0x00, 0x15, 0x0d, 0x00, 0x03, 0x0e, 0x3a, 0x0b, 
	0x3b, 0x05, 0x39, 0x0b, 0x49, 0x13, 0x38, 0x05, 
	0x00, 0x00, 0x16, 0x26, 0x00, 0x49, 0x13, 0x00, 
	0x00, 0x17, 0x13, 0x01, 0x03, 0x0e, 0x0b, 0x0b, 
	0x3a, 0x0b, 0x3b, 0x05, 0x39, 0x0b, 0x01, 0x13, 
	0x00, 0x00, 0x18, 0x13, 0x01, 0x0b, 0x0b, 0x3a, 
	0x0b, 0x3b, 0x05, 0x39, 0x0b, 0x01, 0x13, 0x00, 
	0x00, 0x19, 0x17, 0x01, 0x0b, 0x0b, 0x3a, 0x0b, 
	0x3b, 0x05, 0x39, 0x0b, 0x01, 0x13, 0x00, 0x00, 
	0x1a, 0x0d, 0x00, 0x03, 0x0e, 0x3a, 0x0b, 0x3b, 
	0x05, 0x39, 0x0b, 0x49, 0x13, 0x00, 0x00, 0x1b, 
	0x13, 0x00, 0x03, 0x0e, 0x3c, 0x19, 0x00, 0x00, 
	0x1c, 0x34, 0x00, 0x03, 0x0e, 0x3a, 0x0b, 0x3b, 
	0x0b, 0x39, 0x0b, 0x49, 0x13, 0x3f, 0x19, 0x3c, 
	0x19, 0x00, 0x00, 0x1d, 0x2e, 0x01, 0x3f, 0x19, 
	0x03, 0x0e, 0x3a, 0x0b, 0x3b, 0x05, 0x39, 0x0b, 
	0x27, 0x19, 0x49, 0x13, 0x3c, 0x19, 0x01, 0x13, 
	0x00, 0x00, 0x1e, 0x2e, 0x01, 0x3f, 0x19, 0x03, 
	0x0e, 0x3a, 0x0b, 0x3b, 0x0b, 0x39, 0x0b, 0x27, 
	0x19, 0x49, 0x13, 0x11, 0x01, 0x12, 0x06, 0x40, 
	0x18, 0x7a, 0x19, 0x00, 0x00, 0x1f, 0x05, 0x00, 
	0x03, 0x08, 0x3a, 0x0b, 0x3b, 0x0b, 0x39, 0x0b, 
	0x49, 0x13, 0x02, 0x17, 0xb7, 0x42, 0x17, 0x00, 
	0x00, 0x20, 0x05, 0x00, 0x03, 0x0e, 0x3a, 0x0b, 
	0x3b, 0x0b, 0x39, 0x0b, 0x49, 0x13, 0x02, 0x17, 
	0xb7, 0x42, 0x17, 0x00, 0x00, 0x21, 0x34, 0x00, 
	0x03, 0x08, 0x3a, 0x0b, 0x3b, 0x0b, 0x39, 0x0b, 
	0x49, 0x13, 0x02, 0x17, 0xb7, 0x42, 0x17, 0x00, 
	0x00, 0x22, 0x2e, 0x01, 0x3f, 0x19, 0x03, 0x0e, 
	0x3a, 0x0b, 0x3b, 0x0b, 0x39, 0x0b, 0x27, 0x19, 
	0x49, 0x13, 0x3c, 0x19, 0x01, 0x13, 0x00, 0x00, 
	0x23, 0x48, 0x01, 0x7d, 0x01, 0x7f, 0x13, 0x00, 
	0x00, 0x24, 0x49, 0x00, 0x02, 0x18, 0x7e, 0x18, 
	0x00, 0x00, 0x00, 0x01, 0x11, 0x01, 0x10, 0x17, 
	0x11, 0x01, 0x12, 0x0f, 0x03, 0x0e, 0x1b, 0x0e, 
	0x25, 0x0e, 0x13, 0x05, 0x00, 0x00, 0x02, 0x2e, 
	0x00, 0x03, 0x0e, 0x3f, 0x19, 0x49, 0x15, 0x11, 
	0x01, 0x12, 0x0f, 0x00, 0x00, 0x03, 0x3b, 0x00, 
	0x00, 0x00, 0x00, 0x01, 0x0d, 0x00, 0x03, 0x0e, 
	0x3a, 0x21, 0x05, 0x3b, 0x05, 0x39, 0x0b, 0x49, 
	0x13, 0x38, 0x0b, 0x00, 0x00, 0x02, 0x0d, 0x00, 
	0x03, 0x0e, 0x3a, 0x0b, 0x3b, 0x0b, 0x39, 0x0b, 
	0x49, 0x13, 0x38, 0x0b, 0x00, 0x00, 0x03, 0x05, 
	0x00, 0x49, 0x13, 0x00, 0x00, 0x04, 0x0f, 0x00, 
	0x0b, 0x21, 0x04, 0x49, 0x13, 0x00, 0x00, 0x05, 
	0x24, 0x00, 0x0b, 0x0b, 0x3e, 0x0b, 0x03, 0x0e, 
	0x00, 0x00, 0x06, 0x01, 0x01, 0x49, 0x13, 0x01, 
	0x13, 0x00, 0x00, 0x07, 0x21, 0x00, 0x49, 0x13, 
	0x2f, 0x0b, 0x00, 0x00, 0x08, 0x0d, 0x00, 0x03, 
	0x08, 0x3a, 0x21, 0x05, 0x3b, 0x0b, 0x39, 0x0b, 
	0x49, 0x13, 0x38, 0x0b, 0x00, 0x00, 0x09, 0x16, 
	0x00, 0x03, 0x0e, 0x3a, 0x0b, 0x3b, 0x0b, 0x39, 
	0x0b, 0x49, 0x13, 0x00, 0x00, 0x0a, 0x49, 0x00, 
	0x02, 0x18, 0x7e, 0x18, 0x00, 0x00, 0x0b, 0x13, 
	0x01, 0x03, 0x0e, 0x0b, 0x0b, 0x3a, 0x21, 0x05, 
	0x3b, 0x0b, 0x39, 0x21, 0x08, 0x01, 0x13, 0x00, 
	0x00, 0x0c, 0x15, 0x01, 0x27, 0x19, 0x49, 0x13, 
	0x01, 0x13, 0x00, 0x00, 0x0d, 0x05, 0x00, 0x31, 
	0x13, 0x02, 0x17, 0xb7, 0x42, 0x17, 0x00, 0x00, 
	0x0e, 0x48, 0x01, 0x7d, 0x01, 0x7f, 0x13, 0x01, 
	0x13, 0x00, 0x00, 0x0f, 0x16, 0x00, 0x03, 0x0e, 
	0x3a, 0x0b, 0x3b, 0x05, 0x39, 0x0b, 0x49, 0x13, 
	0x00, 0x00, 0x10, 0x0d, 0x00, 0x03, 0x0e, 0x3a, 
	0x21, 0x04, 0x3b, 0x0b, 0x39, 0x0b, 0x49, 0x13, 
	0x00, 0x00, 0x11, 0x15, 0x01, 0x27, 0x19, 0x01, 
	0x13, 0x00, 0x00, 0x12, 0x2e, 0x00, 0x3f, 0x19, 
	0x03, 0x0e, 0x3a, 0x21, 0x07, 0x3b, 0x05, 0x39, 
	0x21, 0x06, 0x27, 0x19, 0x3c, 0x19, 0x00, 0x00, 
	0x13, 0x34, 0x00, 0x31, 0x13, 0x02, 0x17, 0xb7, 
	0x42, 0x17, 0x00, 0x00, 0x14, 0x48, 0x00, 0x7d, 
	0x01, 0x7f, 0x13, 0x00, 0x00, 0x15, 0x11, 0x01, 
	0x25, 0x0e, 0x13, 0x0b, 0x90, 0x01, 0x0b, 0x91, 
	0x01, 0x06, 0x03, 0x1f, 0x1b, 0x1f, 0x11, 0x01, 
	0x12, 0x06, 0x10, 0x17, 0x00, 0x00, 0x16, 0x24, 
	0x00, 0x0b, 0x0b, 0x3e, 0x0b, 0x03, 0x08, 0x00, 
	0x00, 0x17, 0x17, 0x01, 0x0b, 0x0b, 0x3a, 0x0b, 
	0x3b, 0x0b, 0x39, 0x0b, 0x01, 0x13, 0x00, 0x00, 
	0x18, 0x13, 0x01, 0x0b, 0x0b, 0x3a, 0x0b, 0x3b, 
	0x0b, 0x39, 0x0b, 0x01, 0x13, 0x00, 0x00, 0x19, 
	0x0f, 0x00, 0x0b, 0x0b, 0x00, 0x00, 0x1a, 0x13, 
	0x01, 0x03, 0x0e, 0x0b, 0x05, 0x3a, 0x0b, 0x3b, 
	0x05, 0x39, 0x0b, 0x01, 0x13, 0x00, 0x00, 0x1b, 
	0x0d, 0x00, 0x03, 0x0e, 0x3a, 0x0b, 0x3b, 0x05, 
	0x39, 0x0b, 0x49, 0x13, 0x38, 0x05, 0x00, 0x00, 
	0x1c, 0x26, 0x00, 0x49, 0x13, 0x00, 0x00, 0x1d, 
	0x13, 0x01, 0x03, 0x0e, 0x0b, 0x0b, 0x3a, 0x0b, 
	0x3b, 0x05, 0x39, 0x0b, 0x01, 0x13, 0x00, 0x00, 
	0x1e, 0x13, 0x01, 0x0b, 0x0b, 0x3a, 0x0b, 0x3b, 
	0x05, 0x39, 0x0b, 0x01, 0x13, 0x00, 0x00, 0x1f, 
	0x17, 0x01, 0x0b, 0x0b, 0x3a, 0x0b, 0x3b, 0x05, 
	0x39, 0x0b, 0x01, 0x13, 0x00, 0x00, 0x20, 0x0d, 
	0x00, 0x03, 0x0e, 0x3a, 0x0b, 0x3b, 0x05, 0x39, 
	0x0b, 0x49, 0x13, 0x00, 0x00, 0x21, 0x13, 0x00, 
	0x03, 0x0e, 0x3c, 0x19, 0x00, 0x00, 0x22, 0x34, 
	0x00, 0x03, 0x0e, 0x3a, 0x0b, 0x3b, 0x05, 0x39, 
	0x0b, 0x49, 0x13, 0x3f, 0x19, 0x3c, 0x19, 0x00, 
	0x00, 0x23, 0x2e, 0x01, 0x3f, 0x19, 0x03, 0x0e, 
	0x3a, 0x0b, 0x3b, 0x05, 0x39, 0x0b, 0x27, 0x19, 
	0x3c, 0x19, 0x01, 0x13, 0x00, 0x00, 0x24, 0x2e, 
	0x01, 0x3f, 0x19, 0x03, 0x0e, 0x3a, 0x0b, 0x3b, 
	0x0b, 0x39, 0x0b, 0x27, 0x19, 0x49, 0x13, 0x3c, 
	0x19, 0x01, 0x13, 0x00, 0x00, 0x25, 0x2e, 0x01, 
	0x3f, 0x19, 0x03, 0x0e, 0x3a, 0x0b, 0x3b, 0x0b, 
	0x39, 0x0b, 0x27, 0x19, 0x3c, 0x19, 0x01, 0x13, 
	0x00, 0x00, 0x26, 0x2e, 0x01, 0x3f, 0x19, 0x03, 
	0x0e, 0x3a, 0x0b, 0x3b, 0x0b, 0x39, 0x0b, 0x27, 
	0x19, 0x49, 0x13, 0x11, 0x01, 0x12, 0x06, 0x40, 
	0x18, 0x7a, 0x19, 0x01, 0x13, 0x00, 0x00, 0x27, 
	0x05, 0x00, 0x03, 0x08, 0x3a, 0x0b, 0x3b, 0x0b, 
	0x39, 0x0b, 0x49, 0x13, 0x02, 0x17, 0xb7, 0x42, 
	0x17, 0x00, 0x00, 0x28, 0x48, 0x01, 0x7d, 0x01, 
	0x82, 0x01, 0x19, 0x7f, 0x13, 0x00, 0x00, 0x29, 
	0x2e, 0x01, 0x3f, 0x19, 0x03, 0x0e, 0x3a, 0x0b, 
	0x3b, 0x05, 0x39, 0x0b, 0x27, 0x19, 0x49, 0x13, 
	0x20, 0x0b, 0x01, 0x13, 0x00, 0x00, 0x2a, 0x05, 
	0x00, 0x03, 0x0e, 0x3a, 0x0b, 0x3b, 0x0b, 0x39, 
	0x0b, 0x49, 0x13, 0x00, 0x00, 0x2b, 0x05, 0x00, 
	0x03, 0x08, 0x3a, 0x0b, 0x3b, 0x0b, 0x39, 0x0b, 
	0x49, 0x13, 0x00, 0x00, 0x2c, 0x34, 0x00, 0x03, 
	0x08, 0x3a, 0x0b, 0x3b, 0x0b, 0x39, 0x0b, 0x49, 
	0x13, 0x00, 0x00, 0x2d, 0x0b, 0x01, 0x00, 0x00, 
	0x2e, 0x34, 0x00, 0x03, 0x0e, 0x3a, 0x0b, 0x3b, 
	0x0b, 0x39, 0x0b, 0x49, 0x13, 0x00, 0x00, 0x2f, 
	0x48, 0x01, 0x7d, 0x01, 0x7f, 0x13, 0x00, 0x00, 
	0x30, 0x2e, 0x01, 0x31, 0x13, 0x11, 0x01, 0x12, 
	0x06, 0x40, 0x18, 0x7a, 0x19, 0x00, 0x00, 0x31, 
	0x34, 0x00, 0x31, 0x13, 0x00, 0x00, 0x32, 0x0b, 
	0x01, 0x31, 0x13, 0x11, 0x01, 0x12, 0x06, 0x01, 
	0x13, 0x00, 0x00, 0x33, 0x1d, 0x01, 0x31, 0x13, 
	0x52, 0x01, 0xb8, 0x42, 0x0b, 0x11, 0x01, 0x12, 
	0x06, 0x58, 0x0b, 0x59, 0x05, 0x57, 0x0b, 0x00, 
	0x00, 0x34, 0x48, 0x01, 0x7d, 0x01, 0x01, 0x13, 
	0x00, 0x00, 0x00, 0x01, 0x0d, 0x00, 0x03, 0x0e, 
	0x3a, 0x21, 0x04, 0x3b, 0x05, 0x39, 0x0b, 0x49, 
	0x13, 0x38, 0x0b, 0x00, 0x00, 0x02, 0x0d, 0x00, 
	0x03, 0x0e, 0x3a, 0x0b, 0x3b, 0x0b, 0x39, 0x0b, 
	0x49, 0x13, 0x38, 0x0b, 0x00, 0x00, 0x03, 0x05, 
	0x00, 0x49, 0x13, 0x00, 0x00, 0x04, 0x0f, 0x00, 
	0x0b, 0x21, 0x04, 0x49, 0x13, 0x00, 0x00, 0x05, 
	0x49, 0x00, 0x02, 0x18, 0x7e, 0x18, 0x00, 0x00, 
	0x06, 0x24, 0x00, 0x0b, 0x0b, 0x3e, 0x0b, 0x03, 
	0x0e, 0x00, 0x00, 0x07, 0x01, 0x01, 0x49, 0x13, 
	0x01, 0x13, 0x00, 0x00, 0x08, 0x21, 0x00, 0x49, 
	0x13, 0x2f, 0x0b, 0x00, 0x00, 0x09, 0x0d, 0x00, 
	0x03, 0x08, 0x3a, 0x21, 0x04, 0x3b, 0x0b, 0x39, 
	0x0b, 0x49, 0x13, 0x38, 0x0b, 0x00, 0x00, 0x0a, 
	0x16, 0x00, 0x03, 0x0e, 0x3a, 0x0b, 0x3b, 0x0b, 
	0x39, 0x0b, 0x49, 0x13, 0x00, 0x00, 0x0b, 0x15, 
	0x01, 0x27, 0x19, 0x49, 0x13, 0x01, 0x13, 0x00, 
	0x00, 0x0c, 0x13, 0x01, 0x03, 0x0e, 0x0b, 0x0b, 
	0x3a, 0x21, 0x04, 0x3b, 0x0b, 0x39, 0x21, 0x08, 
	0x01, 0x13, 0x00, 0x00, 0x0d, 0x05, 0x00, 0x03, 
	0x08, 0x3a, 0x21, 0x01, 0x3b, 0x0b, 0x39, 0x0b, 
	0x49, 0x13, 0x02, 0x17, 0xb7, 0x42, 0x17, 0x00, 
	0x00, 0x0e, 0x34, 0x00, 0x03, 0x0e, 0x3a, 0x21, 
	0x01, 0x3b, 0x0b, 0x39, 0x0b, 0x49, 0x13, 0x02, 
	0x17, 0xb7, 0x42, 0x17, 0x00, 0x00, 0x0f, 0x34, 
	0x00, 0x03, 0x0e, 0x3a, 0x21, 0x04, 0x3b, 0x05, 
	0x39, 0x0b, 0x49, 0x13, 0x3f, 0x19, 0x3c, 0x19, 
	0x00, 0x00, 0x10, 0x0b, 0x01, 0x55, 0x17, 0x01, 
	0x13, 0x00, 0x00, 0x11, 0x34, 0x00, 0x03, 0x08, 
	0x3a, 0x21, 0x01, 0x3b, 0x0b, 0x39, 0x0b, 0x49, 
	0x13, 0x02, 0x17, 0xb7, 0x42, 0x17, 0x00, 0x00, 
	0x12, 0x16, 0x00, 0x03, 0x0e, 0x3a, 0x0b, 0x3b, 
	0x05, 0x39, 0x0b, 0x49, 0x13, 0x00, 0x00, 0x13, 
	0x0d, 0x00, 0x03, 0x0e, 0x3a, 0x21, 0x03, 0x3b, 
	0x0b, 0x39, 0x0b, 0x49, 0x13, 0x00, 0x00, 0x14, 
	0x13, 0x01, 0x03, 0x0e, 0x0b, 0x0b, 0x3a, 0x21, 
	0x04, 0x3b, 0x05, 0x39, 0x21, 0x08, 0x01, 0x13, 
	0x00, 0x00, 0x15, 0x15, 0x01, 0x27, 0x19, 0x01, 
	0x13, 0x00, 0x00, 0x16, 0x48, 0x01, 0x7d, 0x01, 
	0x00, 0x00, 0x17, 0x11, 0x01, 0x25, 0x0e, 0x13, 
	0x0b, 0x90, 0x01, 0x0b, 0x91, 0x01, 0x06, 0x03, 
	0x1f, 0x1b, 0x1f, 0x11, 0x01, 0x12, 0x06, 0x10, 
	0x17, 0x00, 0x00, 0x18, 0x24, 0x00, 0x0b, 0x0b, 
	0x3e, 0x0b, 0x03, 0x08, 0x00, 0x00, 0x19, 0x17, 
	0x01, 0x0b, 0x0b, 0x3a, 0x0b, 0x3b, 0x0b, 0x39, 
	0x0b, 0x01, 0x13, 0x00, 0x00, 0x1a, 0x13, 0x01, 
	0x0b, 0x0b, 0x3a, 0x0b, 0x3b, 0x0b, 0x39, 0x0b, 
	0x01, 0x13, 0x00, 0x00, 0x1b, 0x0f, 0x00, 0x0b, 
	0x0b, 0x00, 0x00, 0x1c, 0x13, 0x01, 0x03, 0x0e, 
	0x0b, 0x05, 0x3a, 0x0b, 0x3b, 0x05, 0x39, 0x0b, 
	0x01, 0x13, 0x00, 0x00, 0x1d, 0x0d, 0x00, 0x03, 
	0x0e, 0x3a, 0x0b, 0x3b, 0x05, 0x39, 0x0b, 0x49, 
	0x13, 0x38, 0x05, 0x00, 0x00, 0x1e, 0x26, 0x00, 
	0x49, 0x13, 0x00, 0x00, 0x1f, 0x13, 0x01, 0x0b, 
	0x0b, 0x3a, 0x0b, 0x3b, 0x05, 0x39, 0x0b, 0x01, 
	0x13, 0x00, 0x00, 0x20, 0x17, 0x01, 0x0b, 0x0b, 
	0x3a, 0x0b, 0x3b, 0x05, 0x39, 0x0b, 0x01, 0x13, 
	0x00, 0x00, 0x21, 0x0d, 0x00, 0x03, 0x0e, 0x3a, 
	0x0b, 0x3b, 0x05, 0x39, 0x0b, 0x49, 0x13, 0x00, 
	0x00, 0x22, 0x13, 0x00, 0x03, 0x0e, 0x3c, 0x19, 
	0x00, 0x00, 0x23, 0x2e, 0x01, 0x3f, 0x19, 0x03, 
	0x0e, 0x3a, 0x0b, 0x3b, 0x05, 0x39, 0x0b, 0x27, 
	0x19, 0x49, 0x13, 0x3c, 0x19, 0x01, 0x13, 0x00, 
	0x00, 0x24, 0x2e, 0x01, 0x3f, 0x19, 0x03, 0x0e, 
	0x3a, 0x0b, 0x3b, 0x0b, 0x39, 0x0b, 0x27, 0x19, 
	0x3c, 0x19, 0x01, 0x13, 0x00, 0x00, 0x25, 0x2e, 
	0x01, 0x3f, 0x19, 0x03, 0x0e, 0x3a, 0x0b, 0x3b, 
	0x05, 0x39, 0x0b, 0x27, 0x19, 0x3c, 0x19, 0x01, 
	0x13, 0x00, 0x00, 0x26, 0x2e, 0x01, 0x3f, 0x19, 
	0x03, 0x0e, 0x3a, 0x0b, 0x3b, 0x0b, 0x39, 0x0b, 
	0x27, 0x19, 0x49, 0x13, 0x11, 0x01, 0x12, 0x06, 
	0x40, 0x18, 0x7a, 0x19, 0x01, 0x13, 0x00, 0x00, 
	0x27, 0x05, 0x00, 0x03, 0x08, 0x3a, 0x0b, 0x3b, 
	0x05, 0x39, 0x0b, 0x49, 0x13, 0x02, 0x17, 0xb7, 
	0x42, 0x17, 0x00, 0x00, 0x28, 0x48, 0x01, 0x7d, 
	0x01, 0x82, 0x01, 0x19, 0x7f, 0x13, 0x01, 0x13, 
	0x00, 0x00, 0x29, 0x48, 0x00, 0x7d, 0x01, 0x82, 
	0x01, 0x19, 0x7f, 0x13, 0x00, 0x00, 0x2a, 0x2e, 
	0x01, 0x3f, 0x19, 0x03, 0x0e, 0x3a, 0x0b, 0x3b, 
	0x05, 0x39, 0x0b, 0x27, 0x19, 0x49, 0x13, 0x11, 
	0x01, 0x12, 0x06, 0x40, 0x18, 0x7a, 0x19, 0x01, 
	0x13, 0x00, 0x00, 0x2b, 0x34, 0x00, 0x03, 0x08, 
	0x3a, 0x0b, 0x3b, 0x0b, 0x39, 0x0b, 0x49, 0x13, 
	0x00, 0x00, 0x2c, 0x34, 0x00, 0x03, 0x0e, 0x3a, 
	0x0b, 0x3b, 0x05, 0x39, 0x0b, 0x49, 0x13, 0x02, 
	0x17, 0xb7, 0x42, 0x17, 0x00, 0x00, 0x2d, 0x48, 
	0x01, 0x7d, 0x01, 0x7f, 0x13, 0x00, 0x00, 0x2e, 
	0x48, 0x01, 0x7d, 0x01, 0x82, 0x01, 0x19, 0x7f, 
	0x13, 0x00, 0x00, 0x2f, 0x2e, 0x01, 0x3f, 0x19, 
	0x03, 0x0e, 0x3a, 0x0b, 0x3b, 0x0b, 0x39, 0x0b, 
	0x27, 0x19, 0x49, 0x13, 0x11, 0x01, 0x12, 0x06, 
	0x40, 0x18, 0x7a, 0x19, 0x00, 0x00, 0x30, 0x48, 
	0x01, 0x7d, 0x01, 0x01, 0x13, 0x00, 0x00, 0x31, 
	0x48, 0x01, 0x7d, 0x01, 0x7f, 0x13, 0x01, 0x13, 
	0x00, 0x00, 0x00, 0x01, 0x05, 0x00, 0x31, 0x13, 
	0x02, 0x17, 0xb7, 0x42, 0x17, 0x00, 0x00, 0x02, 
	0x05, 0x00, 0x03, 0x08, 0x3a, 0x21, 0x02, 0x3b, 
	0x0b, 0x39, 0x0b, 0x49, 0x13, 0x00, 0x00, 0x03, 
	0x24, 0x00, 0x0b, 0x0b, 0x3e, 0x0b, 0x03, 0x0e, 
	0x00, 0x00, 0x04, 0x34, 0x00, 0x03, 0x08, 0x3a, 
	0x21, 0x02, 0x3b, 0x0b, 0x39, 0x0b, 0x49, 0x13, 
	0x00, 0x00, 0x05, 0x34, 0x00, 0x31, 0x13, 0x00, 
	0x00, 0x06, 0x34, 0x00, 0x31, 0x13, 0x02, 0x18, 
	0x00, 0x00, 0x07, 0x2e, 0x01, 0x03, 0x0e, 0x3a, 
	0x21, 0x02, 0x3b, 0x0b, 0x39, 0x21, 0x01, 0x27, 
	0x19, 0x49, 0x13, 0x20, 0x21, 0x03, 0x01, 0x13, 
	0x00, 0x00, 0x08, 0x05, 0x00, 0x03, 0x0e, 0x3a, 
	0x21, 0x02, 0x3b, 0x0b, 0x39, 0x0b, 0x49, 0x13, 
	0x00, 0x00, 0x09, 0x11, 0x01, 0x25, 0x0e, 0x13, 
	0x0b, 0x90, 0x01, 0x0b, 0x91, 0x01, 0x06, 0x03, 
	0x1f, 0x1b, 0x1f, 0x11, 0x01, 0x12, 0x06, 0x10, 
	0x17, 0x00, 0x00, 0x0a, 0x24, 0x00, 0x0b, 0x0b, 
	0x3e, 0x0b, 0x03, 0x08, 0x00, 0x00, 0x0b, 0x2e, 
	0x00, 0x3f, 0x19, 0x03, 0x0e, 0x3a, 0x0b, 0x3b, 
	0x0b, 0x39, 0x0b, 0x27, 0x19, 0x49, 0x13, 0x3c, 
	0x19, 0x00, 0x00, 0x0c, 0x0f, 0x00, 0x0b, 0x0b, 
	0x49, 0x13, 0x00, 0x00, 0x0d, 0x2e, 0x01, 0x3f, 
	0x19, 0x03, 0x0e, 0x3a, 0x0b, 0x3b, 0x0b, 0x39, 
	0x0b, 0x27, 0x19, 0x49, 0x13, 0x11, 0x01, 0x12, 
	0x06, 0x40, 0x18, 0x7a, 0x19, 0x01, 0x13, 0x00, 
	0x00, 0x0e, 0x05, 0x00, 0x03, 0x0e, 0x3a, 0x0b, 
	0x3b, 0x0b, 0x39, 0x0b, 0x49, 0x13, 0x02, 0x17, 
	0xb7, 0x42, 0x17, 0x00, 0x00, 0x0f, 0x1d, 0x01, 
	0x31, 0x13, 0x52, 0x01, 0xb8, 0x42, 0x0b, 0x55, 
	0x17, 0x58, 0x0b, 0x59, 0x0b, 0x57, 0x0b, 0x00, 
	0x00, 0x10, 0x34, 0x00, 0x31, 0x13, 0x02, 0x17, 
	0xb7, 0x42, 0x17, 0x00, 0x00, 0x11, 0x1d, 0x01, 
	0x31, 0x13, 0x52, 0x01, 0xb8, 0x42, 0x0b, 0x55, 
	0x17, 0x58, 0x0b, 0x59, 0x0b, 0x57, 0x0b, 0x01, 
	0x13, 0x00, 0x00, 0x12, 0x1d, 0x01, 0x31, 0x13, 
	0x52, 0x01, 0xb8, 0x42, 0x0b, 0x11, 0x01, 0x12, 
	0x06, 0x58, 0x0b, 0x59, 0x0b, 0x57, 0x0b, 0x00, 
	0x00, 0x13, 0x48, 0x00, 0x7d, 0x01, 0x7f, 0x13, 
	0x00, 0x00, 0x14, 0x34, 0x00, 0x03, 0x0e, 0x3a, 
	0x0b, 0x3b, 0x0b, 0x39, 0x0b, 0x49, 0x13, 0x00, 
	0x00, 0x15, 0x2e, 0x01, 0x03, 0x0e, 0x3a, 0x0b, 
	0x3b, 0x0b, 0x39, 0x0b, 0x27, 0x19, 0x49, 0x13, 
	0x20, 0x0b, 0x00, 0x00, 0x00, 0x01, 0x05, 0x00, 
	0x31, 0x13, 0x02, 0x17, 0xb7, 0x42, 0x17, 0x00, 
	0x00, 0x02, 0x05, 0x00, 0x03, 0x08, 0x3a, 0x21, 
	0x02, 0x3b, 0x0b, 0x39, 0x0b, 0x49, 0x13, 0x00, 
	0x00, 0x03, 0x24, 0x00, 0x0b, 0x0b, 0x3e, 0x0b, 
	0x03, 0x0e, 0x00, 0x00, 0x04, 0x34, 0x00, 0x03, 
	0x08, 0x3a, 0x21, 0x02, 0x3b, 0x0b, 0x39, 0x0b, 
	0x49, 0x13, 0x00, 0x00, 0x05, 0x34, 0x00, 0x31, 
	0x13, 0x02, 0x18, 0x00, 0x00, 0x06, 0x16, 0x00, 
	0x03, 0x0e, 0x3a, 0x0b, 0x3b, 0x0b, 0x39, 0x0b, 
	0x49, 0x13, 0x00, 0x00, 0x07, 0x34, 0x00, 0x31, 
	0x13, 0x00, 0x00, 0x08, 0x05, 0x00, 0x03, 0x08, 
	0x3a, 0x21, 0x01, 0x3b, 0x21, 0x07, 0x39, 0x0b, 
	0x49, 0x13, 0x02, 0x17, 0xb7, 0x42, 0x17, 0x00, 
	0x00, 0x09, 0x2e, 0x01, 0x03, 0x0e, 0x3a, 0x21, 
	0x02, 0x3b, 0x0b, 0x39, 0x21, 0x01, 0x27, 0x19, 
	0x49, 0x13, 0x20, 0x21, 0x03, 0x01, 0x13, 0x00, 
	0x00, 0x0a, 0x05, 0x00, 0x03, 0x0e, 0x3a, 0x21, 
	0x02, 0x3b, 0x0b, 0x39, 0x0b, 0x49, 0x13, 0x00, 
	0x00, 0x0b, 0x11, 0x01, 0x25, 0x0e, 0x13, 0x0b, 
	0x90, 0x01, 0x0b, 0x91, 0x01, 0x06, 0x03, 0x1f, 
	0x1b, 0x1f, 0x11, 0x01, 0x12, 0x06, 0x10, 0x17, 
	0x00, 0x00, 0x0c, 0x24, 0x00, 0x0b, 0x0b, 0x3e, 
	0x0b, 0x03, 0x08, 0x00, 0x00, 0x0d, 0x2e, 0x00, 
	0x3f, 0x19, 0x03, 0x0e, 0x3a, 0x0b, 0x3b, 0x0b, 
	0x39, 0x0b, 0x27, 0x19, 0x49, 0x13, 0x3c, 0x19, 
	0x00, 0x00, 0x0e, 0x0f, 0x00, 0x0b, 0x0b, 0x49, 
	0x13, 0x00, 0x00, 0x0f, 0x2e, 0x01, 0x3f, 0x19, 
	0x03, 0x0e, 0x3a, 0x0b, 0x3b, 0x0b, 0x39, 0x0b, 
	0x27, 0x19, 0x49, 0x13, 0x11, 0x01, 0x12, 0x06, 
	0x40, 0x18, 0x7a, 0x19, 0x01, 0x13, 0x00, 0x00, 
	0x10, 0x05, 0x00, 0x03, 0x0e, 0x3a, 0x0b, 0x3b, 
	0x0b, 0x39, 0x0b, 0x49, 0x13, 0x02, 0x17, 0xb7, 
	0x42, 0x17, 0x00, 0x00, 0x11, 0x1d, 0x01, 0x31, 
	0x13, 0x52, 0x01, 0xb8, 0x42, 0x0b, 0x55, 0x17, 
	0x58, 0x0b, 0x59, 0x0b, 0x57, 0x0b, 0x00, 0x00, 
	0x12, 0x34, 0x00, 0x31, 0x13, 0x02, 0x17, 0xb7, 
	0x42, 0x17, 0x00, 0x00, 0x13, 0x1d, 0x01, 0x31, 
	0x13, 0x52, 0x01, 0xb8, 0x42, 0x0b, 0x55, 0x17, 
	0x58, 0x0b, 0x59, 0x0b, 0x57, 0x0b, 0x01, 0x13, 
	0x00, 0x00, 0x14, 0x1d, 0x01, 0x31, 0x13, 0x52, 
	0x01, 0xb8, 0x42, 0x0b, 0x11, 0x01, 0x12, 0x06, 
	0x58, 0x0b, 0x59, 0x0b, 0x57, 0x0b, 0x00, 0x00, 
	0x15, 0x48, 0x00, 0x7d, 0x01, 0x7f, 0x13, 0x00, 
	0x00, 0x16, 0x34, 0x00, 0x03, 0x0e, 0x3a, 0x0b, 
	0x3b, 0x0b, 0x39, 0x0b, 0x49, 0x13, 0x00, 0x00, 
	0x17, 0x2e, 0x01, 0x03, 0x0e, 0x3a, 0x0b, 0x3b, 
	0x0b, 0x39, 0x0b, 0x27, 0x19, 0x49, 0x13, 0x20, 
	0x0b, 0x00, 0x00, 0x00, 0x01, 0x05, 0x00, 0x31, 
	0x13, 0x02, 0x17, 0xb7, 0x42, 0x17, 0x00, 0x00, 
	0x02, 0x05, 0x00, 0x03, 0x08, 0x3a, 0x21, 0x02, 
	0x3b, 0x0b, 0x39, 0x0b, 0x49, 0x13, 0x00, 0x00, 
	0x03, 0x24, 0x00, 0x0b, 0x0b, 0x3e, 0x0b, 0x03, 
	0x0e, 0x00, 0x00, 0x04, 0x34, 0x00, 0x03, 0x08, 
	0x3a, 0x21, 0x02, 0x3b, 0x0b, 0x39, 0x0b, 0x49, 
	0x13, 0x00, 0x00, 0x05, 0x34, 0x00, 0x31, 0x13, 
	0x02, 0x18, 0x00, 0x00, 0x06, 0x16, 0x00, 0x03, 
	0x0e, 0x3a, 0x0b, 0x3b, 0x0b, 0x39, 0x0b, 0x49, 
	0x13, 0x00, 0x00, 0x07, 0x34, 0x00, 0x31, 0x13, 
	0x00, 0x00, 0x08, 0x05, 0x00, 0x03, 0x08, 0x3a, 
	0x21, 0x01, 0x3b, 0x21, 0x06, 0x39, 0x0b, 0x49, 
	0x13, 0x02, 0x17, 0xb7, 0x42, 0x17, 0x00, 0x00, 
	0x09, 0x2e, 0x01, 0x03, 0x0e, 0x3a, 0x21, 0x02, 
	0x3b, 0x0b, 0x39, 0x21, 0x01, 0x27, 0x19, 0x49, 
	0x13, 0x20, 0x21, 0x03, 0x01, 0x13, 0x00, 0x00, 
	0x0a, 0x05, 0x00, 0x03, 0x0e, 0x3a, 0x21, 0x02, 
	0x3b, 0x0b, 0x39, 0x0b, 0x49, 0x13, 0x00, 0x00, 
	0x0b, 0x11, 0x01, 0x25, 0x0e, 0x13, 0x0b, 0x90, 
	0x01, 0x0b, 0x91, 0x01, 0x06, 0x03, 0x1f, 0x1b, 
	0x1f, 0x11, 0x01, 0x12, 0x06, 0x10, 0x17, 0x00, 
	0x00, 0x0c, 0x24, 0x00, 0x0b, 0x0b, 0x3e, 0x0b, 
	0x03, 0x08, 0x00, 0x00, 0x0d, 0x0f, 0x00, 0x0b, 
	0x0b, 0x00, 0x00, 0x0e, 0x2e, 0x00, 0x3f, 0x19, 
	0x03, 0x0e, 0x3a, 0x0b, 0x3b, 0x0b, 0x39, 0x0b, 
	0x27, 0x19, 0x49, 0x13, 0x3c, 0x19, 0x00, 0x00, 
	0x0f, 0x0f, 0x00, 0x0b, 0x0b, 0x49, 0x13, 0x00, 
	0x00, 0x10, 0x2e, 0x01, 0x3f, 0x19, 0x03, 0x0e, 
	0x3a, 0x0b, 0x3b, 0x0b, 0x39, 0x0b, 0x27, 0x19, 
	0x49, 0x13, 0x11, 0x01, 0x12, 0x06, 0x40, 0x18, 
	0x7a, 0x19, 0x01, 0x13, 0x00, 0x00, 0x11, 0x05, 
	0x00, 0x03, 0x0e, 0x3a, 0x0b, 0x3b, 0x0b, 0x39, 
	0x0b, 0x49, 0x13, 0x02, 0x17, 0xb7, 0x42, 0x17, 
	0x00, 0x00, 0x12, 0x1d, 0x01, 0x31, 0x13, 0x52, 
	0x01, 0xb8, 0x42, 0x0b, 0x55, 0x17, 0x58, 0x0b, 
	0x59, 0x0b, 0x57, 0x0b, 0x00, 0x00, 0x13, 0x34, 
	0x00, 0x31, 0x13, 0x02, 0x17, 0xb7, 0x42, 0x17, 
	0x00, 0x00, 0x14, 0x1d, 0x01, 0x31, 0x13, 0x52, 
	0x01, 0xb8, 0x42, 0x0b, 0x55, 0x17, 0x58, 0x0b, 
	0x59, 0x0b, 0x57, 0x0b, 0x01, 0x13, 0x00, 0x00, 
	0x15, 0x1d, 0x01, 0x31, 0x13, 0x52, 0x01, 0xb8, 
	0x42, 0x0b, 0x11, 0x01, 0x12, 0x06, 0x58, 0x0b, 
	0x59, 0x0b, 0x57, 0x0b, 0x00, 0x00, 0x16, 0x48, 
	0x00, 0x7d, 0x01, 0x7f, 0x13, 0x00, 0x00, 0x17, 
	0x34, 0x00, 0x03, 0x0e, 0x3a, 0x0b, 0x3b, 0x0b, 
	0x39, 0x0b, 0x49, 0x13, 0x00, 0x00, 0x18, 0x2e, 
	0x01, 0x03, 0x0e, 0x3a, 0x0b, 0x3b, 0x0b, 0x39, 
	0x0b, 0x27, 0x19, 0x49, 0x13, 0x20, 0x0b, 0x00, 
	0x00, 0x00, 0x01, 0x05, 0x00, 0x31, 0x13, 0x02, 
	0x17, 0xb7, 0x42, 0x17, 0x00, 0x00, 0x02, 0x24, 
	0x00, 0x0b, 0x0b, 0x3e, 0x0b, 0x03, 0x0e, 0x00, 
	0x00, 0x03, 0x34, 0x00, 0x31, 0x13, 0x00, 0x00, 
	0x04, 0x05, 0x00, 0x03, 0x08, 0x3a, 0x21, 0x02, 
	0x3b, 0x0b, 0x39, 0x0b, 0x49, 0x13, 0x00, 0x00, 
	0x05, 0x34, 0x00, 0x03, 0x08, 0x3a, 0x21, 0x02, 
	0x3b, 0x0b, 0x39, 0x21, 0x11, 0x49, 0x13, 0x00, 
	0x00, 0x06, 0x34, 0x00, 0x31, 0x13, 0x02, 0x18, 
	0x00, 0x00, 0x07, 0x1d, 0x01, 0x31, 0x13, 0x52, 
	0x01, 0xb8, 0x42, 0x0b, 0x11, 0x01, 0x12, 0x06, 
	0x58, 0x21, 0x01, 0x59, 0x0b, 0x57, 0x0b, 0x00, 
	0x00, 0x08, 0x11, 0x01, 0x25, 0x0e, 0x13, 0x0b, 
	0x90, 0x01, 0x0b, 0x91, 0x01, 0x06, 0x03, 0x1f, 
	0x1b, 0x1f, 0x11, 0x01, 0x12, 0x06, 0x10, 0x17, 
	0x00, 0x00, 0x09, 0x24, 0x00, 0x0b, 0x0b, 0x3e, 
	0x0b, 0x03, 0x08, 0x00, 0x00, 0x0a, 0x16, 0x00, 
	0x03, 0x0e, 0x3a, 0x0b, 0x3b, 0x0b, 0x39, 0x0b, 
	0x49, 0x13, 0x00, 0x00, 0x0b, 0x0f, 0x00, 0x0b, 
	0x0b, 0x00, 0x00, 0x0c, 0x2e, 0x00, 0x3f, 0x19, 
	0x03, 0x0e, 0x3a, 0x0b, 0x3b, 0x0b, 0x39, 0x0b, 
	0x27, 0x19, 0x49, 0x13, 0x3c, 0x19, 0x00, 0x00, 
	0x0d, 0x0f, 0x00, 0x0b, 0x0b, 0x49, 0x13, 0x00, 
	0x00, 0x0e, 0x2e, 0x01, 0x3f, 0x19, 0x03, 0x0e, 
	0x3a, 0x0b, 0x3b, 0x0b, 0x39, 0x0b, 0x27, 0x19, 
	0x49, 0x13, 0x11, 0x01, 0x12, 0x06, 0x40, 0x18, 
	0x7a, 0x19, 0x01, 0x13, 0x00, 0x00, 0x0f, 0x05, 
	0x00, 0x03, 0x0e, 0x3a, 0x0b, 0x3b, 0x0b, 0x39, 
	0x0b, 0x49, 0x13, 0x02, 0x17, 0xb7, 0x42, 0x17, 
	0x00, 0x00, 0x10, 0x34, 0x00, 0x03, 0x0e, 0x3a, 
	0x0b, 0x3b, 0x0b, 0x39, 0x0b, 0x49, 0x13, 0x02, 
	0x18, 0x00, 0x00, 0x11, 0x0b, 0x01, 0x55, 0x17, 
	0x01, 0x13, 0x00, 0x00, 0x12, 0x34, 0x00, 0x03, 
	0x08, 0x3a, 0x0b, 0x3b, 0x0b, 0x39, 0x0b, 0x49, 
	0x13, 0x02, 0x17, 0xb7, 0x42, 0x17, 0x00, 0x00, 
	0x13, 0x1d, 0x01, 0x31, 0x13, 0x52, 0x01, 0xb8, 
	0x42, 0x0b, 0x11, 0x01, 0x12, 0x06, 0x58, 0x0b, 
	0x59, 0x0b, 0x57, 0x0b, 0x01, 0x13, 0x00, 0x00, 
	0x14, 0x48, 0x00, 0x7d, 0x01, 0x7f, 0x13, 0x00, 
	0x00, 0x15, 0x2e, 0x01, 0x03, 0x0e, 0x3a, 0x0b, 
	0x3b, 0x0b, 0x39, 0x0b, 0x27, 0x19, 0x49, 0x13, 
	0x20, 0x0b, 0x01, 0x13, 0x00, 0x00, 0x16, 0x05, 
	0x00, 0x03, 0x0e, 0x3a, 0x0b, 0x3b, 0x0b, 0x39, 
	0x0b, 0x49, 0x13, 0x00, 0x00, 0x17, 0x34, 0x00, 
	0x03, 0x0e, 0x3a, 0x0b, 0x3b, 0x0b, 0x39, 0x0b, 
	0x49, 0x13, 0x00, 0x00, 0x18, 0x2e, 0x01, 0x03, 
	0x0e, 0x3a, 0x0b, 0x3b, 0x0b, 0x39, 0x0b, 0x27, 
	0x19, 0x49, 0x13, 0x20, 0x0b, 0x00, 0x00, 0x00, 
	0x01, 0x05, 0x00, 0x31, 0x13, 0x02, 0x17, 0xb7, 
	0x42, 0x17, 0x00, 0x00, 0x02, 0x05, 0x00, 0x03, 
	0x08, 0x3a, 0x21, 0x02, 0x3b, 0x0b, 0x39, 0x0b, 
	0x49, 0x13, 0x00, 0x00, 0x03, 0x24, 0x00, 0x0b, 
	0x0b, 0x3e, 0x0b, 0x03, 0x0e, 0x00, 0x00, 0x04, 
	0x34, 0x00, 0x03, 0x08, 0x3a, 0x21, 0x02, 0x3b, 
	0x0b, 0x39, 0x0b, 0x49, 0x13, 0x00, 0x00, 0x05, 
	0x34, 0x00, 0x31, 0x13, 0x02, 0x18, 0x00, 0x00, 
	0x06, 0x16, 0x00, 0x03, 0x0e, 0x3a, 0x0b, 0x3b, 
	0x0b, 0x39, 0x0b, 0x49, 0x13, 0x00, 0x00, 0x07, 
	0x34, 0x00, 0x31, 0x13, 0x00, 0x00, 0x08, 0x0f, 
	0x00, 0x0b, 0x21, 0x04, 0x49, 0x13, 0x00, 0x00, 
	0x09, 0x05, 0x00, 0x03, 0x08, 0x3a, 0x21, 0x01, 
	0x3b, 0x21, 0x07, 0x39, 0x0b, 0x49, 0x13, 0x02, 
	0x17, 0xb7, 0x42, 0x17, 0x00, 0x00, 0x0a, 0x2e, 
	0x01, 0x03, 0x0e, 0x3a, 0x21, 0x02, 0x3b, 0x0b, 
	0x39, 0x21, 0x01, 0x27, 0x19, 0x49, 0x13, 0x20, 
	0x21, 0x03, 0x01, 0x13, 0x00, 0x00, 0x0b, 0x05, 
	0x00, 0x03, 0x0e, 0x3a, 0x21, 0x02, 0x3b, 0x0b, 
	0x39, 0x0b, 0x49, 0x13, 0x00, 0x00, 0x0c, 0x11, 
	0x01, 0x25, 0x0e, 0x13, 0x0b, 0x90, 0x01, 0x0b, 
	0x91, 0x01, 0x06, 0x03, 0x1f, 0x1b, 0x1f, 0x11, 
	0x01, 0x12, 0x06, 0x10, 0x17, 0x00, 0x00, 0x0d, 
	0x24, 0x00, 0x0b, 0x0b, 0x3e, 0x0b, 0x03, 0x08, 
	0x00, 0x00, 0x0e, 0x2e, 0x00, 0x3f, 0x19, 0x03, 
	0x0e, 0x3a, 0x0b, 0x3b, 0x0b, 0x39, 0x0b, 0x27, 
	0x19, 0x49, 0x13, 0x3c, 0x19, 0x00, 0x00, 0x0f, 
	0x2e, 0x01, 0x3f, 0x19, 0x03, 0x0e, 0x3a, 0x0b, 
	0x3b, 0x0b, 0x39, 0x0b, 0x27, 0x19, 0x49, 0x13, 
	0x11, 0x01, 0x12, 0x06, 0x40, 0x18, 0x7a, 0x19, 
	0x01, 0x13, 0x00, 0x00, 0x10, 0x05, 0x00, 0x03, 
	0x0e, 0x3a, 0x0b, 0x3b, 0x0b, 0x39, 0x0b, 0x49, 
	0x13, 0x02, 0x17, 0xb7, 0x42, 0x17, 0x00, 0x00, 
	0x11, 0x1d, 0x01, 0x31, 0x13, 0x52, 0x01, 0xb8, 
	0x42, 0x0b, 0x55, 0x17, 0x58, 0x0b, 0x59, 0x0b, 
	0x57, 0x0b, 0x00, 0x00, 0x12, 0x34, 0x00, 0x31, 
	0x13, 0x02, 0x17, 0xb7, 0x42, 0x17, 0x00, 0x00, 
	0x13, 0x1d, 0x01, 0x31, 0x13, 0x52, 0x01, 0xb8, 
	0x42, 0x0b, 0x55, 0x17, 0x58, 0x0b, 0x59, 0x0b, 
	0x57, 0x0b, 0x01, 0x13, 0x00, 0x00, 0x14, 0x1d, 
	0x01, 0x31, 0x13, 0x52, 0x01, 0xb8, 0x42, 0x0b, 
	0x11, 0x01, 0x12, 0x06, 0x58, 0x0b, 0x59, 0x0b, 
	0x57, 0x0b, 0x00, 0x00, 0x15, 0x48, 0x00, 0x7d, 
	0x01, 0x7f, 0x13, 0x00, 0x00, 0x16, 0x26, 0x00, 
	0x00, 0x00, 0x17, 0x34, 0x00, 0x03, 0x0e, 0x3a, 
	0x0b, 0x3b, 0x0b, 0x39, 0x0b, 0x49, 0x13, 0x00, 
	0x00, 0x18, 0x2e, 0x01, 0x03, 0x0e, 0x3a, 0x0b, 
	0x3b, 0x0b, 0x39, 0x0b, 0x27, 0x19, 0x49, 0x13, 
	0x20, 0x0b, 0x00, 0x00, 0x00, 0x01, 0x0d, 0x00, 
	0x03, 0x0e, 0x3a, 0x21, 0x04, 0x3b, 0x05, 0x39, 
	0x0b, 0x49, 0x13, 0x38, 0x0b, 0x00, 0x00, 0x02, 
	0x0d, 0x00, 0x03, 0x0e, 0x3a, 0x0b, 0x3b, 0x0b, 
	0x39, 0x0b, 0x49, 0x13, 0x38, 0x0b, 0x00, 0x00, 
	0x03, 0x0f, 0x00, 0x0b, 0x21, 0x04, 0x49, 0x13, 
	0x00, 0x00, 0x04, 0x05, 0x00, 0x49, 0x13, 0x00, 
	0x00, 0x05, 0x24, 0x00, 0x0b, 0x0b, 0x3e, 0x0b, 
	0x03, 0x0e, 0x00, 0x00, 0x06, 0x01, 0x01, 0x49, 
	0x13, 0x01, 0x13, 0x00, 0x00, 0x07, 0x21, 0x00, 
	0x49, 0x13, 0x2f, 0x0b, 0x00, 0x00, 0x08, 0x0d, 
	0x00, 0x03, 0x08, 0x3a, 0x21, 0x04, 0x3b, 0x0b, 
	0x39, 0x0b, 0x49, 0x13, 0x38, 0x0b, 0x00, 0x00, 
	0x09, 0x16, 0x00, 0x03, 0x0e, 0x3a, 0x0b, 0x3b, 
	0x0b, 0x39, 0x0b, 0x49, 0x13, 0x00, 0x00, 0x0a, 
	0x13, 0x01, 0x03, 0x0e, 0x0b, 0x0b, 0x3a, 0x21, 
	0x04, 0x3b, 0x0b, 0x39, 0x21, 0x08, 0x01, 0x13, 
	0x00, 0x00, 0x0b, 0x15, 0x01, 0x27, 0x19, 0x49, 
	0x13, 0x01, 0x13, 0x00, 0x00, 0x0c, 0x16, 0x00, 
	0x03, 0x0e, 0x3a, 0x0b, 0x3b, 0x05, 0x39, 0x0b, 
	0x49, 0x13, 0x00, 0x00, 0x0d, 0x0d, 0x00, 0x03, 
	0x0e, 0x3a, 0x21, 0x03, 0x3b, 0x0b, 0x39, 0x0b, 
	0x49, 0x13, 0x00, 0x00, 0x0e, 0x15, 0x01, 0x27, 
	0x19, 0x01, 0x13, 0x00, 0x00, 0x0f, 0x11, 0x01, 
	0x25, 0x0e, 0x13, 0x0b, 0x90, 0x01, 0x0b, 0x91, 
	0x01, 0x06, 0x03, 0x1f, 0x1b, 0x1f, 0x11, 0x01, 
	0x12, 0x06, 0x10, 0x17, 0x00, 0x00, 0x10, 0x24, 
	0x00, 0x0b, 0x0b, 0x3e, 0x0b, 0x03, 0x08, 0x00, 
	0x00, 0x11, 0x17, 0x01, 0x0b, 0x0b, 0x3a, 0x0b, 
	0x3b, 0x0b, 0x39, 0x0b, 0x01, 0x13, 0x00, 0x00, 
	0x12, 0x13, 0x01, 0x0b, 0x0b, 0x3a, 0x0b, 0x3b, 
	0x0b, 0x39, 0x0b, 0x01, 0x13, 0x00, 0x00, 0x13, 
	0x0f, 0x00, 0x0b, 0x0b, 0x00, 0x00, 0x14, 0x13, 
	0x01, 0x03, 0x0e, 0x0b, 0x05, 0x3a, 0x0b, 0x3b, 
	0x05, 0x39, 0x0b, 0x01, 0x13, 0x00, 0x00, 0x15, 
	0x0d, 0x00, 0x03, 0x0e, 0x3a, 0x0b, 0x3b, 0x05, 
	0x39, 0x0b, 0x49, 0x13, 0x38, 0x05, 0x00, 0x00, 
	0x16, 0x26, 0x00, 0x49, 0x13, 0x00, 0x00, 0x17, 
	0x13, 0x01, 0x03, 0x0e, 0x0b, 0x0b, 0x3a, 0x0b, 
	0x3b, 0x05, 0x39, 0x0b, 0x01, 0x13, 0x00, 0x00, 
	0x18, 0x13, 0x01, 0x0b, 0x0b, 0x3a, 0x0b, 0x3b, 
	0x05, 0x39, 0x0b, 0x01, 0x13, 0x00, 0x00, 0x19, 
	0x17, 0x01, 0x0b, 0x0b, 0x3a, 0x0b, 0x3b, 0x05, 
	0x39, 0x0b, 0x01, 0x13, 0x00, 0x00, 0x1a, 0x0d, 
	0x00, 0x03, 0x0e, 0x3a, 0x0b, 0x3b, 0x05, 0x39, 
	0x0b, 0x49, 0x13, 0x00, 0x00, 0x1b, 0x13, 0x00, 
	0x03, 0x0e, 0x3c, 0x19, 0x00, 0x00, 0x1c, 0x34, 
	0x00, 0x03, 0x0e, 0x3a, 0x0b, 0x3b, 0x05, 0x39, 
	0x0b, 0x49, 0x13, 0x3f, 0x19, 0x3c, 0x19, 0x00, 
	0x00, 0x1d, 0x2e, 0x00, 0x3f, 0x19, 0x03, 0x0e, 
	0x3a, 0x0b, 0x3b, 0x0b, 0x39, 0x0b, 0x27, 0x19, 
	0x49, 0x13, 0x11, 0x01, 0x12, 0x06, 0x40, 0x18, 
	0x7a, 0x19, 0x00, 0x00, 0x00, 0x99, 0x00, 0x00, 
	0x00, 0x05, 0x00, 0x04, 0x00, 0x58, 0x00, 0x00, 
	0x00, 0x01, 0x01, 0x01, 0xf6, 0xf2, 0x0d, 0x00, 
	0x01, 0x01, 0x01, 0x01, 0x00, 0x00, 0x00, 0x01, 
	0x00, 0x00, 0x01, 0x01, 0x01, 0x1f, 0x05, 0xef, 
	0x00, 0x00, 0x00, 0x75, 0x00, 0x00, 0x00, 0xe9, 
	0x01, 0x00, 0x00, 0x4d, 0x01, 0x00, 0x00, 0x9d, 
	0x01, 0x00, 0x00, 0x02, 0x01, 0x1f, 0x02, 0x0b, 
	0x08, 0x09, 0x00, 0x00, 0x00, 0x00, 0x5b, 0x00, 
	0x00, 0x00, 0x02, 0xe6, 0x00, 0x00, 0x00, 0x01, 
	0xdd, 0x00, 0x00, 0x00, 0x03, 0x66, 0x00, 0x00, 
	0x00, 0x03, 0x6e, 0x00, 0x00, 0x00, 0x03, 0x66, 
	0x00, 0x00, 0x00, 0x04, 0x00, 0x00, 0x00, 0x00, 
	0x03, 0x00, 0x05, 0x02, 0x40, 0x03, 0x01, 0x00, 
	0x1e, 0x05, 0x01, 0x09, 0x00, 0x00, 0x18, 0x05, 
	0x03, 0x09, 0x00, 0x00, 0x06, 0x01, 0x05, 0x0a, 
	0x09, 0x00, 0x00, 0x16, 0x05, 0x01, 0x09, 0x04, 
	0x00, 0x18, 0x05, 0x0a, 0x09, 0x04, 0x00, 0x01, 
	0x05, 0x0a, 0x09, 0x04, 0x00, 0x01, 0x05, 0x0a, 
	0x00, 0x05, 0x02, 0x4c, 0x03, 0x01, 0x00, 0x00, 
	0x01, 0x01, 0xf6, 0x00, 0x00, 0x00, 0x05, 0x00, 
	0x04, 0x00, 0x5d, 0x00, 0x00, 0x00, 0x01, 0x01, 
	0x01, 0xf6, 0xf2, 0x0d, 0x00, 0x01, 0x01, 0x01, 
	0x01, 0x00, 0x00, 0x00, 0x01, 0x00, 0x00, 0x01, 
	0x01, 0x01, 0x1f, 0x05, 0xef, 0x00, 0x00, 0x00, 
	0x75, 0x00, 0x00, 0x00, 0xe9, 0x01, 0x00, 0x00, 
	0x4d, 0x01, 0x00, 0x00, 0x9d, 0x01, 0x00, 0x00, 
	0x02, 0x01, 0x1f, 0x02, 0x0b, 0x09, 0x4c, 0x02, 
	0x00, 0x00, 0x00, 0x9e, 0x02, 0x00, 0x00, 0x02, 
	0xe6, 0x00, 0x00, 0x00, 0x01, 0xdd, 0x00, 0x00, 
	0x00, 0x03, 0x66, 0x00, 0x00, 0x00, 0x03, 0x6e, 
	0x00, 0x00, 0x00, 0x03, 0xa8, 0x02, 0x00, 0x00, 
	0x01, 0x66, 0x00, 0x00, 0x00, 0x04, 0x3b, 0x02, 
	0x00, 0x00, 0x03, 0x00, 0x05, 0x02, 0x4c, 0x03, 
	0x01, 0x00, 0x24, 0x05, 0x01, 0x09, 0x00, 0x00, 
	0x18, 0x05, 0x03, 0x09, 0x00, 0x00, 0x18, 0x05, 
	0x03, 0x09, 0x00, 0x00, 0x19, 0x05, 0x03, 0x09, 
	0x00, 0x00, 0x06, 0x13, 0x05, 0x01, 0x09, 0x08, 
	0x00, 0x1b, 0x05, 0x03, 0x09, 0x08, 0x00, 0x06, 
	0x18, 0x05, 0x03, 0x09, 0x00, 0x00, 0x00, 0x02, 
	0x04, 0x01, 0x06, 0x01, 0x05, 0x09, 0x09, 0x00, 
	0x00, 0x00, 0x02, 0x04, 0x00, 0x12, 0x05, 0x01, 
	0x09, 0x08, 0x00, 0x00, 0x02, 0x04, 0x01, 0x1c, 
	0x05, 0x09, 0x09, 0x0c, 0x00, 0x01, 0x05, 0x09, 
	0x09, 0x04, 0x00, 0x00, 0x02, 0x04, 0x00, 0x12, 
	0x05, 0x01, 0x09, 0x04, 0x00, 0x01, 0x05, 0x01, 
	0x09, 0x0c, 0x00, 0x00, 0x02, 0x04, 0x01, 0x1c, 
	0x05, 0x09, 0x09, 0x04, 0x00, 0x00, 0x02, 0x04, 
	0x00, 0x06, 0x18, 0x05, 0x03, 0x09, 0x00, 0x00, 
	0x18, 0x05, 0x03, 0x09, 0x00, 0x00, 0x06, 0x18, 
	0x05, 0x01, 0x00, 0x05, 0x02, 0x94, 0x03, 0x01, 
	0x00, 0x00, 0x01, 0x01, 0xa5, 0x00, 0x00, 0x00, 
	0x05, 0x00, 0x04, 0x00, 0x58, 0x00, 0x00, 0x00, 
	0x01, 0x01, 0x01, 0xf6, 0xf2, 0x0d, 0x00, 0x01, 
	0x01, 0x01, 0x01, 0x00, 0x00, 0x00, 0x01, 0x00, 
	0x00, 0x01, 0x01, 0x01, 0x1f, 0x05, 0xef, 0x00, 
	0x00, 0x00, 0x75, 0x00, 0x00, 0x00, 0xe9, 0x01, 
	0x00, 0x00, 0x4d, 0x01, 0x00, 0x00, 0x9d, 0x01, 
	0x00, 0x00, 0x02, 0x01, 0x1f, 0x02, 0x0b, 0x08, 
	0xb1, 0x02, 0x00, 0x00, 0x00, 0x03, 0x03, 0x00, 
	0x00, 0x02, 0xe6, 0x00, 0x00, 0x00, 0x01, 0xdd, 
	0x00, 0x00, 0x00, 0x03, 0x66, 0x00, 0x00, 0x00, 
	0x03, 0x6e, 0x00, 0x00, 0x00, 0x03, 0x66, 0x00, 
	0x00, 0x00, 0x04, 0x00, 0x00, 0x00, 0x00, 0x03, 
	0x00, 0x05, 0x02, 0x94, 0x03, 0x01, 0x00, 0x20, 
	0x05, 0x01, 0x09, 0x00, 0x00, 0x18, 0x05, 0x03, 
	0x09, 0x00, 0x00, 0x06, 0x01, 0x05, 0x0a, 0x09, 
	0x00, 0x00, 0x16, 0x05, 0x01, 0x09, 0x04, 0x00, 
	0x18, 0x05, 0x0a, 0x09, 0x04, 0x00, 0x01, 0x05, 
	0x0a, 0x09, 0x04, 0x00, 0x01, 0x05, 0x0a, 0x09, 
	0x04, 0x00, 0x01, 0x05, 0x0a, 0x09, 0x04, 0x00, 
	0x01, 0x05, 0x0a, 0x00, 0x05, 0x02, 0xa8, 0x03, 
	0x01, 0x00, 0x00, 0x01, 0x01, 0xf3, 0x00, 0x00, 
	0x00, 0x05, 0x00, 0x04, 0x00, 0x58, 0x00, 0x00, 
	0x00, 0x01, 0x01, 0x01, 0xf6, 0xf2, 0x0d, 0x00, 
	0x01, 0x01, 0x01, 0x01, 0x00, 0x00, 0x00, 0x01, 
	0x00, 0x00, 0x01, 0x01, 0x01, 0x1f, 0x05, 0xef, 
	0x00, 0x00, 0x00, 0x75, 0x00, 0x00, 0x00, 0x0e, 
	0x03, 0x00, 0x00, 0x4d, 0x01, 0x00, 0x00, 0x9d, 
	0x01, 0x00, 0x00, 0x02, 0x01, 0x1f, 0x02, 0x0b, 
	0x08, 0x5d, 0x03, 0x00, 0x00, 0x00, 0xac, 0x03, 
	0x00, 0x00, 0x02, 0xe6, 0x00, 0x00, 0x00, 0x01, 
	0xdd, 0x00, 0x00, 0x00, 0x03, 0x66, 0x00, 0x00, 
	0x00, 0x03, 0x6e, 0x00, 0x00, 0x00, 0x03, 0x00, 
	0x00, 0x00, 0x00, 0x03, 0x66, 0x00, 0x00, 0x00, 
	0x04, 0x00, 0x05, 0x02, 0xa8, 0x03, 0x01, 0x00, 
	0x41, 0x05, 0x01, 0x09, 0x00, 0x00, 0x18, 0x05, 
	0x03, 0x09, 0x00, 0x00, 0x19, 0x05, 0x03, 0x09, 
	0x00, 0x00, 0x06, 0x14, 0x05, 0x01, 0x09, 0x0c, 
	0x00, 0x1a, 0x05, 0x09, 0x09, 0x00, 0x00, 0x14, 
	0x05, 0x01, 0x09, 0x04, 0x00, 0x1b, 0x05, 0x0e, 
	0x09, 0x04, 0x00, 0x13, 0x05, 0x01, 0x09, 0x04, 
	0x00, 0x1a, 0x05, 0x09, 0x09, 0x04, 0x00, 0x06, 
	0x18, 0x05, 0x03, 0x09, 0x00, 0x00, 0x06, 0x01, 
	0x05, 0x0e, 0x09, 0x04, 0x00, 0x00, 0x02, 0x04, 
	0x01, 0x01, 0x05, 0x06, 0x09, 0x08, 0x00, 0x00, 
	0x02, 0x04, 0x02, 0x01, 0x05, 0x2a, 0x09, 0x04, 
	0x00, 0x01, 0x05, 0x21, 0x09, 0x04, 0x00, 0x00, 
	0x02, 0x04, 0x00, 0x06, 0x18, 0x05, 0x05, 0x09, 
	0x00, 0x00, 0x06, 0x01, 0x05, 0x17, 0x09, 0x04, 
	0x00, 0x06, 0x18, 0x05, 0x03, 0x09, 0x00, 0x00, 
	0x06, 0x18, 0x05, 0x01, 0x09, 0x0c, 0x00, 0x01, 
	0x05, 0x01, 0x00, 0x05, 0x02, 0xf0, 0x03, 0x01, 
	0x00, 0x00, 0x01, 0x01, 0xde, 0x01, 0x00, 0x00, 
	0x05, 0x00, 0x04, 0x00, 0x53, 0x00, 0x00, 0x00, 
	0x01, 0x01, 0x01, 0xf6, 0xf2, 0x0d, 0x00, 0x01, 
	0x01, 0x01, 0x01, 0x00, 0x00, 0x00, 0x01, 0x00, 
	0x00, 0x01, 0x01, 0x01, 0x1f, 0x05, 0xef, 0x00, 
	0x00, 0x00, 0x75, 0x00, 0x00, 0x00, 0x0e, 0x03, 
	0x00, 0x00, 0x4d, 0x01, 0x00, 0x00, 0x9d, 0x01, 
	0x00, 0x00, 0x02, 0x01, 0x1f, 0x02, 0x0b, 0x07, 
	0xb5, 0x03, 0x00, 0x00, 0x00, 0x04, 0x04, 0x00, 
	0x00, 0x02, 0xe6, 0x00, 0x00, 0x00, 0x01, 0xdd, 
	0x00, 0x00, 0x00, 0x03, 0x66, 0x00, 0x00, 0x00, 
	0x03, 0x6e, 0x00, 0x00, 0x00, 0x03, 0x0c, 0x04, 
	0x00, 0x00, 0x04, 0x00, 0x05, 0x02, 0xf0, 0x03, 
	0x01, 0x00, 0x36, 0x05, 0x01, 0x09, 0x00, 0x00, 
	0x19, 0x05, 0x03, 0x09, 0x00, 0x00, 0x06, 0x01, 
	0x05, 0x0b, 0x09, 0x00, 0x00, 0x01, 0x05, 0x06, 
	0x09, 0x08, 0x00, 0x1f, 0x05, 0x0a, 0x09, 0x04, 
	0x00, 0x0d, 0x05, 0x01, 0x09, 0x1c, 0x00, 0x06, 
	0x21, 0x05, 0x07, 0x09, 0x00, 0x00, 0x06, 0x01, 
	0x05, 0x0a, 0x09, 0x08, 0x00, 0x00, 0x02, 0x04, 
	0x01, 0x1a, 0x05, 0x12, 0x09, 0x04, 0x00, 0x00, 
	0x02, 0x04, 0x00, 0x06, 0x19, 0x05, 0x08, 0x09, 
	0x00, 0x00, 0x19, 0x05, 0x08, 0x09, 0x00, 0x00, 
	0x06, 0x01, 0x05, 0x10, 0x09, 0x0c, 0x00, 0x06, 
	0x18, 0x05, 0x08, 0x09, 0x00, 0x00, 0x01, 0x05, 
	0x0f, 0x09, 0x04, 0x00, 0x06, 0x01, 0x05, 0x0f, 
	0x09, 0x00, 0x00, 0x00, 0x02, 0x04, 0x02, 0x06, 
	0x12, 0x05, 0x1c, 0x09, 0x00, 0x00, 0x00, 0x02, 
	0x04, 0x01, 0x01, 0x05, 0x12, 0x09, 0x08, 0x00, 
	0x00, 0x02, 0x04, 0x00, 0x24, 0x05, 0x04, 0x09, 
	0x04, 0x00, 0x06, 0x01, 0x05, 0x04, 0x09, 0x08, 
	0x00, 0x01, 0x05, 0x04, 0x09, 0x00, 0x00, 0x06, 
	0x19, 0x05, 0x07, 0x09, 0x00, 0x00, 0x06, 0x01, 
	0x05, 0x0b, 0x09, 0x04, 0x00, 0x01, 0x05, 0x0a, 
	0x09, 0x04, 0x00, 0x06, 0x18, 0x05, 0x02, 0x09, 
	0x08, 0x00, 0x18, 0x05, 0x07, 0x09, 0x00, 0x00, 
	0x06, 0x01, 0x05, 0x0b, 0x09, 0x04, 0x00, 0x01, 
	0x05, 0x0a, 0x09, 0x04, 0x00, 0x06, 0x1d, 0x05, 
	0x0e, 0x09, 0x00, 0x00, 0x18, 0x05, 0x0e, 0x09, 
	0x04, 0x00, 0x06, 0x18, 0x05, 0x0e, 0x09, 0x04, 
	0x00, 0x16, 0x05, 0x16, 0x09, 0x04, 0x00, 0x06, 
	0x18, 0x05, 0x0e, 0x09, 0x04, 0x00, 0x13, 0x05, 
	0x12, 0x09, 0x04, 0x00, 0x06, 0x01, 0x05, 0x12, 
	0x09, 0x00, 0x00, 0x06, 0x03, 0x72, 0x01, 0x05, 
	0x05, 0x09, 0x00, 0x00, 0x18, 0x05, 0x05, 0x09, 
	0x00, 0x00, 0x06, 0x01, 0x05, 0x0d, 0x09, 0x04, 
	0x00, 0x06, 0x18, 0x05, 0x05, 0x09, 0x08, 0x00, 
	0x06, 0x16, 0x05, 0x0d, 0x09, 0x08, 0x00, 0x01, 
	0x05, 0x0d, 0x09, 0x00, 0x00, 0x06, 0x40, 0x05, 
	0x07, 0x09, 0x00, 0x00, 0x06, 0x01, 0x05, 0x0b, 
	0x09, 0x04, 0x00, 0x01, 0x05, 0x0a, 0x09, 0x04, 
	0x00, 0x06, 0x18, 0x05, 0x02, 0x09, 0x08, 0x00, 
	0x1e, 0x05, 0x07, 0x09, 0x00, 0x00, 0x06, 0x01, 
	0x05, 0x0b, 0x09, 0x04, 0x00, 0x01, 0x05, 0x0a, 
	0x09, 0x04, 0x00, 0x06, 0x1b, 0x05, 0x04, 0x09, 
	0x04, 0x00, 0x06, 0x1d, 0x05, 0x01, 0x09, 0x04, 
	0x00, 0x01, 0x05, 0x01, 0x09, 0x14, 0x00, 0x11, 
	0x05, 0x04, 0x09, 0x04, 0x00, 0x1d, 0x05, 0x01, 
	0x09, 0x08, 0x00, 0x01, 0x05, 0x01, 0x09, 0x14, 
	0x00, 0x01, 0x05, 0x01, 0x00, 0x05, 0x02, 0xe0, 
	0x04, 0x01, 0x00, 0x00, 0x01, 0x01, 0x5c, 0x00, 
	0x00, 0x00, 0x05, 0x00, 0x04, 0x00, 0x4a, 0x00, 
	0x00, 0x00, 0x01, 0x01, 0x01, 0xf6, 0xf2, 0x0d, 
	0x00, 0x01, 0x01, 0x01, 0x01, 0x00, 0x00, 0x00, 
	0x01, 0x00, 0x00, 0x01, 0x01, 0x01, 0x1f, 0x04, 
	0xef, 0x00, 0x00, 0x00, 0x75, 0x00, 0x00, 0x00, 
	0x0e, 0x03, 0x00, 0x00, 0x4d, 0x01, 0x00, 0x00, 
	0x02, 0x01, 0x1f, 0x02, 0x0b, 0x06, 0x15, 0x04, 
	0x00, 0x00, 0x00, 0x64, 0x04, 0x00, 0x00, 0x02, 
	0xe6, 0x00, 0x00, 0x00, 0x01, 0xdd, 0x00, 0x00, 
	0x00, 0x03, 0x66, 0x00, 0x00, 0x00, 0x03, 0x6e, 
	0x00, 0x00, 0x00, 0x03, 0x00, 0x05, 0x02, 0xe0, 
	0x04, 0x01, 0x00, 0x00, 0x01, 0x01, 0xf9, 0x00, 
	0x00, 0x00, 0x05, 0x00, 0x04, 0x00, 0x58, 0x00, 
	0x00, 0x00, 0x01, 0x01, 0x01, 0xf6, 0xf2, 0x0d, 
	0x00, 0x01, 0x01, 0x01, 0x01, 0x00, 0x00, 0x00, 
	0x01, 0x00, 0x00, 0x01, 0x01, 0x01, 0x1f, 0x05, 
	0xef, 0x00, 0x00, 0x00, 0x75, 0x00, 0x00, 0x00, 
	0x0e, 0x03, 0x00, 0x00, 0x4d, 0x01, 0x00, 0x00, 
	0x9d, 0x01, 0x00, 0x00, 0x02, 0x01, 0x1f, 0x02, 
	0x0b, 0x08, 0x6d, 0x04, 0x00, 0x00, 0x00, 0xbc, 
	0x04, 0x00, 0x00, 0x02, 0xe6, 0x00, 0x00, 0x00, 
	0x01, 0xdd, 0x00, 0x00, 0x00, 0x03, 0x66, 0x00, 
	0x00, 0x00, 0x03, 0x6e, 0x00, 0x00, 0x00, 0x03, 
	0x3b, 0x02, 0x00, 0x00, 0x03, 0x66, 0x00, 0x00, 
	0x00, 0x04, 0x00, 0x05, 0x02, 0xe0, 0x04, 0x01, 
	0x00, 0x44, 0x05, 0x01, 0x09, 0x00, 0x00, 0x18, 
	0x05, 0x03, 0x09, 0x00, 0x00, 0x19, 0x05, 0x03, 
	0x09, 0x00, 0x00, 0x06, 0x14, 0x05, 0x01, 0x09, 
	0x0c, 0x00, 0x1a, 0x05, 0x09, 0x09, 0x00, 0x00, 
	0x14, 0x05, 0x01, 0x09, 0x08, 0x00, 0x01, 0x05, 
	0x01, 0x09, 0x04, 0x00, 0x1b, 0x05, 0x0e, 0x09, 
	0x04, 0x00, 0x13, 0x05, 0x01, 0x09, 0x04, 0x00, 
	0x1a, 0x05, 0x09, 0x09, 0x04, 0x00, 0x06, 0x18, 
	0x05, 0x03, 0x09, 0x00, 0x00, 0x06, 0x01, 0x05, 
	0x0e, 0x09, 0x04, 0x00, 0x00, 0x02, 0x04, 0x01, 
	0x01, 0x05, 0x06, 0x09, 0x08, 0x00, 0x00, 0x02, 
	0x04, 0x02, 0x01, 0x05, 0x38, 0x09, 0x04, 0x00, 
	0x01, 0x05, 0x2f, 0x09, 0x04, 0x00, 0x00, 0x02, 
	0x04, 0x00, 0x06, 0x18, 0x05, 0x05, 0x09, 0x00, 
	0x00, 0x06, 0x01, 0x05, 0x17, 0x09, 0x04, 0x00, 
	0x06, 0x18, 0x05, 0x03, 0x09, 0x00, 0x00, 0x06, 
	0x18, 0x05, 0x01, 0x09, 0x0c, 0x00, 0x01, 0x05, 
	0x01, 0x00, 0x05, 0x02, 0x30, 0x05, 0x01, 0x00, 
	0x00, 0x01, 0x01, 0xf9, 0x00, 0x00, 0x00, 0x05, 
	0x00, 0x04, 0x00, 0x58, 0x00, 0x00, 0x00, 0x01, 
	0x01, 0x01, 0xf6, 0xf2, 0x0d, 0x00, 0x01, 0x01, 
	0x01, 0x01, 0x00, 0x00, 0x00, 0x01, 0x00, 0x00, 
	0x01, 0x01, 0x01, 0x1f, 0x05, 0xef, 0x00, 0x00, 
	0x00, 0x75, 0x00, 0x00, 0x00, 0x0e, 0x03, 0x00, 
	0x00, 0x4d, 0x01, 0x00, 0x00, 0x9d, 0x01, 0x00, 
	0x00, 0x02, 0x01, 0x1f, 0x02, 0x0b, 0x08, 0xc4, 
	0x04, 0x00, 0x00, 0x00, 0x13, 0x05, 0x00, 0x00, 
	0x02, 0xe6, 0x00, 0x00, 0x00, 0x01, 0xdd, 0x00, 
	0x00, 0x00, 0x03, 0x66, 0x00, 0x00, 0x00, 0x03, 
	0x6e, 0x00, 0x00, 0x00, 0x03, 0x00, 0x00, 0x00, 
	0x00, 0x03, 0x66, 0x00, 0x00, 0x00, 0x04, 0x00, 
	0x05, 0x02, 0x30, 0x05, 0x01, 0x00, 0x43, 0x05, 
	0x01, 0x09, 0x00, 0x00, 0x18, 0x05, 0x03, 0x09, 
	0x00, 0x00, 0x19, 0x05, 0x03, 0x09, 0x00, 0x00, 
	0x06, 0x14, 0x05, 0x01, 0x09, 0x0c, 0x00, 0x1a, 
	0x05, 0x09, 0x09, 0x00, 0x00, 0x14, 0x05, 0x01, 
	0x09, 0x08, 0x00, 0x01, 0x05, 0x01, 0x09, 0x04, 
	0x00, 0x1b, 0x05, 0x18, 0x09, 0x04, 0x00, 0x13, 
	0x05, 0x01, 0x09, 0x04, 0x00, 0x1a, 0x05, 0x09, 
	0x09, 0x04, 0x00, 0x06, 0x18, 0x05, 0x03, 0x09, 
	0x00, 0x00, 0x06, 0x01, 0x05, 0x18, 0x09, 0x04, 
	0x00, 0x00, 0x02, 0x04, 0x01, 0x01, 0x05, 0x06, 
	0x09, 0x08, 0x00, 0x00, 0x02, 0x04, 0x02, 0x01, 
	0x05, 0x3e, 0x09, 0x04, 0x00, 0x01, 0x05, 0x35, 
	0x09, 0x04, 0x00, 0x00, 0x02, 0x04, 0x00, 0x06, 
	0x18, 0x05, 0x05, 0x09, 0x00, 0x00, 0x06, 0x01, 
	0x05, 0x17, 0x09, 0x04, 0x00, 0x06, 0x18, 0x05, 
	0x03, 0x09, 0x00, 0x00, 0x06, 0x18, 0x05, 0x01, 
	0x09, 0x0c, 0x00, 0x01, 0x05, 0x01, 0x00, 0x05, 
	0x02, 0x80, 0x05, 0x01, 0x00, 0x00, 0x01, 0x01, 
	0xfb, 0x06, 0x00, 0x00, 0x05, 0x00, 0x04, 0x00, 
	0x58, 0x00, 0x00, 0x00, 0x01, 0x01, 0x01, 0xf6, 
	0xf2, 0x0d, 0x00, 0x01, 0x01, 0x01, 0x01, 0x00, 
	0x00, 0x00, 0x01, 0x00, 0x00, 0x01, 0x01, 0x01, 
	0x1f, 0x05, 0xef, 0x00, 0x00, 0x00, 0x75, 0x00, 
	0x00, 0x00, 0x27, 0x05, 0x00, 0x00, 0x4d, 0x01, 
	0x00, 0x00, 0x9d, 0x01, 0x00, 0x00, 0x02, 0x01, 
	0x1f, 0x02, 0x0b, 0x08, 0x77, 0x05, 0x00, 0x00, 
	0x00, 0xc7, 0x05, 0x00, 0x00, 0x02, 0x1c, 0x05, 
	0x00, 0x00, 0x02, 0xe6, 0x00, 0x00, 0x00, 0x01, 
	0xdd, 0x00, 0x00, 0x00, 0x03, 0x66, 0x00, 0x00, 
	0x00, 0x03, 0x6e, 0x00, 0x00, 0x00, 0x03, 0x66, 
	0x00, 0x00, 0x00, 0x04, 0x00, 0x05, 0x02, 0x80, 
	0x05, 0x01, 0x00, 0x04, 0x02, 0x03, 0x81, 0x1a, 
	0x01, 0x05, 0x01, 0x09, 0x00, 0x00, 0x18, 0x05, 
	0x03, 0x09, 0x00, 0x00, 0x18, 0x05, 0x03, 0x09, 
	0x00, 0x00, 0x18, 0x05, 0x03, 0x09, 0x00, 0x00, 
	0x18, 0x05, 0x03, 0x09, 0x00, 0x00, 0x19, 0x05, 
	0x03, 0x09, 0x00, 0x00, 0x19, 0x05, 0x03, 0x09, 
	0x00, 0x00, 0x06, 0x0f, 0x05, 0x01, 0x09, 0x08, 
	0x00, 0x21, 0x05, 0x0e, 0x09, 0x04, 0x00, 0x0d, 
	0x05, 0x01, 0x09, 0x14, 0x00, 0x01, 0x05, 0x01, 
	0x09, 0x04, 0x00, 0x21, 0x05, 0x0e, 0x09, 0x04, 
	0x00, 0x15, 0x05, 0x03, 0x09, 0x04, 0x00, 0x06, 
	0x19, 0x05, 0x03, 0x09, 0x00, 0x00, 0x06, 0x01, 
	0x05, 0x0e, 0x09, 0x04, 0x00, 0x18, 0x05, 0x26, 
	0x09, 0x10, 0x00, 0x06, 0x01, 0x05, 0x03, 0x09, 
	0x00, 0x00, 0x06, 0x01, 0x05, 0x26, 0x09, 0x0c, 
	0x00, 0x01, 0x05, 0x34, 0x09, 0x04, 0x00, 0x01, 
	0x05, 0x3d, 0x09, 0x04, 0x00, 0x01, 0x05, 0x42, 
	0x09, 0x04, 0x00, 0x06, 0x19, 0x05, 0x03, 0x09, 
	0x00, 0x00, 0x06, 0x01, 0x05, 0x06, 0x09, 0x04, 
	0x00, 0x06, 0x19, 0x05, 0x05, 0x09, 0x08, 0x00, 
	0x18, 0x05, 0x05, 0x09, 0x00, 0x00, 0x06, 0x01, 
	0x05, 0x0c, 0x09, 0x04, 0x00, 0x42, 0x05, 0x01, 
	0x09, 0x08, 0x00, 0x01, 0x05, 0x01, 0x09, 0x0c, 
	0x00, 0x01, 0x05, 0x01, 0x09, 0x04, 0x00, 0x01, 
	0x05, 0x01, 0x09, 0x04, 0x00, 0x06, 0x03, 0x5b, 
	0x01, 0x05, 0x05, 0x09, 0x00, 0x00, 0x06, 0x01, 
	0x05, 0x1b, 0x09, 0x0c, 0x00, 0x06, 0x18, 0x05, 
	0x05, 0x09, 0x00, 0x00, 0x06, 0x01, 0x05, 0x25, 
	0x09, 0x08, 0x00, 0x01, 0x05, 0x08, 0x09, 0x04, 
	0x00, 0x06, 0x1f, 0x05, 0x07, 0x09, 0x00, 0x00, 
	0x06, 0x01, 0x05, 0x19, 0x09, 0x08, 0x00, 0x01, 
	0x05, 0x19, 0x09, 0x04, 0x00, 0x06, 0x19, 0x05, 
	0x07, 0x09, 0x00, 0x00, 0x06, 0x01, 0x05, 0x0a, 
	0x09, 0x08, 0x00, 0x06, 0x1a, 0x05, 0x09, 0x09, 
	0x00, 0x00, 0x06, 0x01, 0x05, 0x1f, 0x09, 0x08, 
	0x00, 0x01, 0x05, 0x1f, 0x09, 0x04, 0x00, 0x06, 
	0x18, 0x05, 0x09, 0x09, 0x00, 0x00, 0x06, 0x01, 
	0x05, 0x29, 0x09, 0x04, 0x00, 0x18, 0x05, 0x0c, 
	0x09, 0x04, 0x00, 0x16, 0x05, 0x12, 0x09, 0x04, 
	0x00, 0x06, 0x18, 0x05, 0x09, 0x09, 0x00, 0x00, 
	0x06, 0x01, 0x05, 0x0c, 0x09, 0x04, 0x00, 0x06, 
	0x19, 0x05, 0x0b, 0x09, 0x00, 0x00, 0x06, 0x01, 
	0x05, 0x24, 0x09, 0x04, 0x00, 0x18, 0x05, 0x0b, 
	0x09, 0x04, 0x00, 0x01, 0x05, 0x0b, 0x09, 0x04, 
	0x00, 0x16, 0x05, 0x24, 0x09, 0x04, 0x00, 0x01, 
	0x05, 0x16, 0x09, 0x04, 0x00, 0x06, 0x18, 0x05, 
	0x0b, 0x09, 0x04, 0x00, 0x21, 0x05, 0x09, 0x09, 
	0x08, 0x00, 0x06, 0x18, 0x05, 0x14, 0x09, 0x00, 
	0x00, 0x16, 0x05, 0x09, 0x09, 0x08, 0x00, 0x06, 
	0x18, 0x05, 0x09, 0x09, 0x00, 0x00, 0x06, 0x01, 
	0x05, 0x14, 0x09, 0x04, 0x00, 0x19, 0x05, 0x02, 
	0x09, 0x04, 0x00, 0x15, 0x05, 0x14, 0x09, 0x08, 
	0x00, 0x06, 0x18, 0x05, 0x19, 0x09, 0x00, 0x00, 
	0x18, 0x05, 0x02, 0x09, 0x04, 0x00, 0x18, 0x05, 
	0x09, 0x09, 0x00, 0x00, 0x06, 0x01, 0x05, 0x10, 
	0x00, 0x05, 0x02, 0x90, 0x06, 0x01, 0x00, 0x06, 
	0x03, 0x93, 0x7a, 0x01, 0x05, 0x01, 0x09, 0x00, 
	0x00, 0x1e, 0x05, 0x03, 0x09, 0x00, 0x00, 0x18, 
	0x05, 0x03, 0x09, 0x00, 0x00, 0x18, 0x05, 0x03, 
	0x09, 0x00, 0x00, 0x18, 0x05, 0x03, 0x09, 0x00, 
	0x00, 0x18, 0x05, 0x03, 0x09, 0x00, 0x00, 0x18, 
	0x05, 0x03, 0x09, 0x00, 0x00, 0x18, 0x05, 0x03, 
	0x09, 0x00, 0x00, 0x18, 0x05, 0x03, 0x09, 0x00, 
	0x00, 0x18, 0x05, 0x03, 0x09, 0x00, 0x00, 0x18, 
	0x05, 0x03, 0x09, 0x00, 0x00, 0x19, 0x05, 0x03, 
	0x09, 0x00, 0x00, 0x06, 0x01, 0x05, 0x06, 0x09, 
	0x04, 0x00, 0x03, 0x6e, 0x01, 0x05, 0x01, 0x09, 
	0x14, 0x00, 0x06, 0x2c, 0x05, 0x03, 0x09, 0x00, 
	0x00, 0x06, 0x03, 0x6b, 0x01, 0x05, 0x01, 0x09, 
	0x04, 0x00, 0x2c, 0x05, 0x03, 0x09, 0x04, 0x00, 
	0x06, 0x19, 0x05, 0x03, 0x09, 0x00, 0x00, 0x06, 
	0x18, 0x05, 0x06, 0x09, 0x04, 0x00, 0x16, 0x05, 
	0x05, 0x09, 0x04, 0x00, 0x06, 0x18, 0x05, 0x03, 
	0x09, 0x00, 0x00, 0x22, 0x05, 0x17, 0x09, 0x00, 
	0x00, 0x19, 0x05, 0x03, 0x09, 0x00, 0x00, 0x06, 
	0x1b, 0x05, 0x0f, 0x09, 0x04, 0x00, 0x13, 0x05, 
	0x06, 0x09, 0x04, 0x00, 0x06, 0x18, 0x05, 0x03, 
	0x09, 0x00, 0x00, 0x06, 0x01, 0x05, 0x08, 0x09, 
	0x04, 0x00, 0x06, 0x18, 0x05, 0x03, 0x09, 0x00, 
	0x00, 0x06, 0x19, 0x05, 0x0f, 0x09, 0x04, 0x00, 
	0x15, 0x05, 0x0a, 0x09, 0x04, 0x00, 0x19, 0x05, 
	0x06, 0x09, 0x04, 0x00, 0x1b, 0x05, 0x0e, 0x09, 
	0x04, 0x00, 0x11, 0x05, 0x0a, 0x09, 0x04, 0x00, 
	0x06, 0x19, 0x05, 0x03, 0x09, 0x00, 0x00, 0x06, 
	0x01, 0x05, 0x06, 0x09, 0x04, 0x00, 0x06, 0x19, 
	0x05, 0x05, 0x09, 0x00, 0x00, 0x06, 0x01, 0x05, 
	0x08, 0x09, 0x04, 0x00, 0x06, 0x19, 0x05, 0x05, 
	0x09, 0x00, 0x00, 0x06, 0x01, 0x05, 0x08, 0x09, 
	0x04, 0x00, 0x06, 0x19, 0x05, 0x07, 0x09, 0x00, 
	0x00, 0x06, 0x01, 0x05, 0x0e, 0x09, 0x04, 0x00, 
	0x06, 0x18, 0x05, 0x07, 0x09, 0x00, 0x00, 0x06, 
	0x01, 0x05, 0x09, 0x09, 0x04, 0x00, 0x06, 0x18, 
	0x05, 0x07, 0x09, 0x00, 0x00, 0x06, 0x18, 0x05, 
	0x07, 0x09, 0x04, 0x00, 0x16, 0x05, 0x0a, 0x09, 
	0x04, 0x00, 0x06, 0x18, 0x05, 0x07, 0x09, 0x04, 
	0x00, 0x01, 0x05, 0x07, 0x09, 0x00, 0x00, 0x01, 
	0x05, 0x07, 0x09, 0x04, 0x00, 0x01, 0x05, 0x07, 
	0x09, 0x04, 0x00, 0x01, 0x05, 0x1a, 0x09, 0x00, 
	0x00, 0x1a, 0x05, 0x05, 0x09, 0x08, 0x00, 0x18, 
	0x05, 0x05, 0x09, 0x00, 0x00, 0x06, 0x18, 0x05, 
	0x1d, 0x09, 0x00, 0x00, 0x01, 0x05, 0x08, 0x09, 
	0x04, 0x00, 0x16, 0x05, 0x09, 0x09, 0x04, 0x00, 
	0x06, 0x18, 0x05, 0x05, 0x09, 0x00, 0x00, 0x06, 
	0x01, 0x05, 0x08, 0x09, 0x04, 0x00, 0x06, 0x18, 
	0x05, 0x07, 0x09, 0x0c, 0x00, 0x18, 0x05, 0x05, 
	0x09, 0x00, 0x00, 0x06, 0x41, 0x05, 0x01, 0x09, 
	0x04, 0x00, 0x01, 0x05, 0x01, 0x09, 0x04, 0x00, 
	0x03, 0x56, 0x01, 0x05, 0x05, 0x09, 0x04, 0x00, 
	0x41, 0x05, 0x01, 0x09, 0x04, 0x00, 0x01, 0x05, 
	0x01, 0x09, 0x04, 0x00, 0x03, 0x56, 0x01, 0x05, 
	0x05, 0x09, 0x04, 0x00, 0x06, 0x1b, 0x05, 0x03, 
	0x09, 0x04, 0x00, 0x19, 0x05, 0x03, 0x09, 0x00, 
	0x00, 0x19, 0x05, 0x03, 0x09, 0x00, 0x00, 0x06, 
	0x15, 0x05, 0x08, 0x09, 0x04, 0x00, 0x19, 0x05, 
	0x06, 0x09, 0x04, 0x00, 0x06, 0x19, 0x05, 0x05, 
	0x09, 0x00, 0x00, 0x06, 0x01, 0x05, 0x0c, 0x09, 
	0x04, 0x00, 0x06, 0x18, 0x05, 0x05, 0x09, 0x00, 
	0x00, 0x06, 0x1a, 0x05, 0x08, 0x09, 0x08, 0x00, 
	0x14, 0x05, 0x07, 0x09, 0x04, 0x00, 0x06, 0x18, 
	0x05, 0x05, 0x09, 0x00, 0x00, 0x06, 0x01, 0x05, 
	0x08, 0x09, 0x04, 0x00, 0x06, 0x19, 0x05, 0x05, 
	0x09, 0x00, 0x00, 0x06, 0x01, 0x05, 0x0a, 0x09, 
	0x04, 0x00, 0x01, 0x05, 0x08, 0x09, 0x04, 0x00, 
	0x06, 0x1a, 0x05, 0x07, 0x09, 0x04, 0x00, 0x01, 
	0x05, 0x07, 0x09, 0x00, 0x00, 0x01, 0x05, 0x07, 
	0x09, 0x04, 0x00, 0x01, 0x05, 0x07, 0x09, 0x04, 
	0x00, 0x01, 0x05, 0x1a, 0x09, 0x00, 0x00, 0x1a, 
	0x05, 0x03, 0x09, 0x00, 0x00, 0x06, 0x01, 0x05, 
	0x09, 0x09, 0x0c, 0x00, 0x01, 0x05, 0x06, 0x09, 
	0x04, 0x00, 0x06, 0x19, 0x05, 0x05, 0x09, 0x00, 
	0x00, 0x06, 0x01, 0x05, 0x08, 0x09, 0x04, 0x00, 
	0x06, 0x19, 0x05, 0x05, 0x09, 0x00, 0x00, 0x00, 
	0x02, 0x04, 0x01, 0x06, 0x01, 0x05, 0x16, 0x09, 
	0x04, 0x00, 0x00, 0x02, 0x04, 0x00, 0x01, 0x05, 
	0x08, 0x09, 0x04, 0x00, 0x00, 0x02, 0x04, 0x01, 
	0x01, 0x05, 0x0f, 0x09, 0x0c, 0x00, 0x00, 0x02, 
	0x04, 0x00, 0x06, 0x19, 0x05, 0x07, 0x09, 0x00, 
	0x00, 0x18, 0x05, 0x07, 0x09, 0x08, 0x00, 0x01, 
	0x05, 0x07, 0x09, 0x08, 0x00, 0x01, 0x05, 0x1d, 
	0x09, 0x00, 0x00, 0x06, 0x16, 0x05, 0x0c, 0x09, 
	0x04, 0x00, 0x06, 0x1b, 0x05, 0x1d, 0x09, 0x00, 
	0x00, 0x1b, 0x05, 0x03, 0x09, 0x08, 0x00, 0x18, 
	0x05, 0x03, 0x09, 0x08, 0x00, 0x18, 0x05, 0x03, 
	0x09, 0x00, 0x00, 0x06, 0x01, 0x05, 0x06, 0x09, 
	0x04, 0x00, 0x06, 0x18, 0x05, 0x05, 0x09, 0x08, 
	0x00, 0x00, 0x02, 0x04, 0x01, 0x01, 0x05, 0x05, 
	0x09, 0x00, 0x00, 0x00, 0x02, 0x04, 0x00, 0x01, 
	0x05, 0x05, 0x09, 0x00, 0x00, 0x00, 0x02, 0x04, 
	0x01, 0x06, 0x01, 0x05, 0x05, 0x09, 0x14, 0x00, 
	0x01, 0x05, 0x05, 0x09, 0x10, 0x00, 0x00, 0x02, 
	0x04, 0x00, 0x06, 0x01, 0x05, 0x05, 0x09, 0x00, 
	0x00, 0x01, 0x05, 0x05, 0x09, 0x00, 0x00, 0x00, 
	0x02, 0x04, 0x01, 0x06, 0x01, 0x05, 0x05, 0x09, 
	0x04, 0x00, 0x00, 0x02, 0x04, 0x00, 0x06, 0x01, 
	0x05, 0x05, 0x09, 0x00, 0x00, 0x00, 0x02, 0x04, 
	0x01, 0x06, 0x01, 0x05, 0x05, 0x09, 0x04, 0x00, 
	0x01, 0x05, 0x05, 0x09, 0x04, 0x00, 0x00, 0x02, 
	0x04, 0x00, 0x06, 0x01, 0x05, 0x05, 0x09, 0x00, 
	0x00, 0x00, 0x02, 0x04, 0x01, 0x06, 0x01, 0x05, 
	0x05, 0x09, 0x04, 0x00, 0x00, 0x02, 0x04, 0x00, 
	0x06, 0x01, 0x05, 0x05, 0x09, 0x00, 0x00, 0x00, 
	0x02, 0x04, 0x01, 0x06, 0x01, 0x05, 0x05, 0x09, 
	0x0c, 0x00, 0x00, 0x02, 0x04, 0x00, 0x03, 0x6a, 
	0x01, 0x05, 0x0c, 0x09, 0x08, 0x00, 0x06, 0x26, 
	0x05, 0x07, 0x09, 0x04, 0x00, 0x01, 0x05, 0x07, 
	0x09, 0x00, 0x00, 0x01, 0x05, 0x07, 0x09, 0x04, 
	0x00, 0x01, 0x05, 0x07, 0x09, 0x04, 0x00, 0x06, 
	0x01, 0x05, 0x07, 0x09, 0x04, 0x00, 0x00, 0x02, 
	0x04, 0x02, 0x06, 0x1e, 0x05, 0x05, 0x09, 0x00, 
	0x00, 0x00, 0x02, 0x04, 0x04, 0x06, 0x01, 0x05, 
	0x05, 0x09, 0x0c, 0x00, 0x00, 0x02, 0x04, 0x06, 
	0x01, 0x05, 0x05, 0x09, 0x08, 0x00, 0x00, 0x02, 
	0x04, 0x15, 0x06, 0x01, 0x05, 0x05, 0x09, 0x10, 
	0x00, 0x00, 0x02, 0x04, 0x00, 0x01, 0x05, 0x05, 
	0x09, 0x00, 0x00, 0x00, 0x02, 0x04, 0x15, 0x06, 
	0x01, 0x05, 0x05, 0x09, 0x04, 0x00, 0x00, 0x02, 
	0x04, 0x00, 0x06, 0x01, 0x05, 0x05, 0x09, 0x00, 
	0x00, 0x00, 0x02, 0x04, 0x15, 0x06, 0x01, 0x05, 
	0x05, 0x09, 0x04, 0x00, 0x00, 0x02, 0x04, 0x16, 
	0x06, 0x01, 0x05, 0x05, 0x09, 0x04, 0x00, 0x06, 
	0x01, 0x05, 0x05, 0x09, 0x04, 0x00, 0x01, 0x05, 
	0x05, 0x09, 0x10, 0x00, 0x00, 0x02, 0x04, 0x1d, 
	0x06, 0x01, 0x05, 0x05, 0x09, 0x04, 0x00, 0x00, 
	0x02, 0x04, 0x00, 0x01, 0x05, 0x05, 0x09, 0x00, 
	0x00, 0x00, 0x02, 0x04, 0x1d, 0x06, 0x01, 0x05, 
	0x05, 0x09, 0x04, 0x00, 0x00, 0x02, 0x04, 0x00, 
	0x06, 0x01, 0x05, 0x05, 0x09, 0x00, 0x00, 0x00, 
	0x02, 0x04, 0x1d, 0x06, 0x01, 0x05, 0x05, 0x09, 
	0x0c, 0x00, 0x00, 0x02, 0x04, 0x07, 0x01, 0x05, 
	0x05, 0x09, 0x08, 0x00, 0x00, 0x02, 0x04, 0x09, 
	0x01, 0x05, 0x05, 0x09, 0x04, 0x00, 0x01, 0x05, 
	0x05, 0x09, 0x04, 0x00, 0x00, 0x02, 0x04, 0x0a, 
	0x01, 0x05, 0x05, 0x09, 0x08, 0x00, 0x00, 0x02, 
	0x04, 0x0c, 0x01, 0x05, 0x05, 0x09, 0x08, 0x00, 
	0x01, 0x05, 0x05, 0x09, 0x04, 0x00, 0x00, 0x02, 
	0x04, 0x0d, 0x01, 0x05, 0x05, 0x09, 0x08, 0x00, 
	0x00, 0x02, 0x04, 0x0f, 0x01, 0x05, 0x05, 0x09, 
	0x08, 0x00, 0x01, 0x05, 0x05, 0x09, 0x04, 0x00, 
	0x00, 0x02, 0x04, 0x10, 0x01, 0x05, 0x05, 0x09, 
	0x04, 0x00, 0x00, 0x02, 0x04, 0x13, 0x01, 0x05, 
	0x05, 0x09, 0x04, 0x00, 0x00, 0x02, 0x04, 0x10, 
	0x01, 0x05, 0x05, 0x09, 0x04, 0x00, 0x00, 0x02, 
	0x04, 0x12, 0x01, 0x05, 0x05, 0x09, 0x0c, 0x00, 
	0x00, 0x02, 0x04, 0x1b, 0x06, 0x01, 0x05, 0x05, 
	0x09, 0x04, 0x00, 0x00, 0x02, 0x04, 0x18, 0x01, 
	0x05, 0x05, 0x09, 0x04, 0x00, 0x00, 0x02, 0x04, 
	0x19, 0x06, 0x01, 0x05, 0x05, 0x09, 0x0c, 0x00, 
	0x00, 0x02, 0x04, 0x1c, 0x06, 0x01, 0x05, 0x05, 
	0x09, 0x04, 0x00, 0x06, 0x01, 0x05, 0x05, 0x09, 
	0x04, 0x00, 0x01, 0x05, 0x05, 0x00, 0x05, 0x02, 
	0xe4, 0x08, 0x01, 0x00, 0x00, 0x01, 0x01, 0xf2, 
	0x0c, 0x00, 0x00, 0x05, 0x00, 0x04, 0x00, 0x58, 
	0x00, 0x00, 0x00, 0x01, 0x01, 0x01, 0xf6, 0xf2, 
	0x0d, 0x00, 0x01, 0x01, 0x01, 0x01, 0x00, 0x00, 
	0x00, 0x01, 0x00, 0x00, 0x01, 0x01, 0x01, 0x1f, 
	0x05, 0xef, 0x00, 0x00, 0x00, 0x75, 0x00, 0x00, 
	0x00, 0x27, 0x05, 0x00, 0x00, 0x4d, 0x01, 0x00, 
	0x00, 0x9d, 0x01, 0x00, 0x00, 0x02, 0x01, 0x1f, 
	0x02, 0x0b, 0x08, 0xcf, 0x05, 0x00, 0x00, 0x00, 
	0x1f, 0x06, 0x00, 0x00, 0x02, 0x1c, 0x05, 0x00, 
	0x00, 0x02, 0xe6, 0x00, 0x00, 0x00, 0x01, 0xdd, 
	0x00, 0x00, 0x00, 0x03, 0x66, 0x00, 0x00, 0x00, 
	0x03, 0x6e, 0x00, 0x00, 0x00, 0x03, 0x66, 0x00, 
	0x00, 0x00, 0x04, 0x00, 0x05, 0x02, 0xe4, 0x08, 
	0x01, 0x00, 0x04, 0x02, 0x03, 0xa1, 0x12, 0x01, 
	0x05, 0x01, 0x09, 0x00, 0x00, 0x1e, 0x05, 0x03, 
	0x09, 0x00, 0x00, 0x18, 0x05, 0x03, 0x09, 0x00, 
	0x00, 0x18, 0x05, 0x03, 0x09, 0x00, 0x00, 0x18, 
	0x05, 0x03, 0x09, 0x00, 0x00, 0x18, 0x05, 0x03, 
	0x09, 0x00, 0x00, 0x18, 0x05, 0x03, 0x09, 0x00, 
	0x00, 0x18, 0x05, 0x03, 0x09, 0x00, 0x00, 0x18, 
	0x05, 0x03, 0x09, 0x00, 0x00, 0x18, 0x05, 0x03, 
	0x09, 0x00, 0x00, 0x18, 0x05, 0x03, 0x09, 0x00, 
	0x00, 0x18, 0x05, 0x03, 0x09, 0x00, 0x00, 0x18, 
	0x05, 0x03, 0x09, 0x00, 0x00, 0x19, 0x05, 0x03, 
	0x09, 0x00, 0x00, 0x06, 0x03, 0x6c, 0x01, 0x05, 
	0x01, 0x09, 0x2c, 0x00, 0x2b, 0x05, 0x19, 0x09, 
	0x0c, 0x00, 0x00, 0x02, 0x04, 0x01, 0x01, 0x05, 
	0x13, 0x09, 0x04, 0x00, 0x00, 0x02, 0x04, 0x00, 
	0x06, 0x1a, 0x05, 0x03, 0x09, 0x00, 0x00, 0x06, 
	0x01, 0x05, 0x06, 0x09, 0x04, 0x00, 0x06, 0x19, 
	0x05, 0x05, 0x09, 0x00, 0x00, 0x06, 0x01, 0x05, 
	0x0c, 0x09, 0x08, 0x00, 0x06, 0x18, 0x05, 0x05, 
	0x09, 0x00, 0x00, 0x06, 0x01, 0x05, 0x0c, 0x09, 
	0x04, 0x00, 0x03, 0xef, 0x01, 0x01, 0x05, 0x01, 
	0x09, 0x30, 0x00, 0x00, 0x02, 0x04, 0x02, 0x03, 
	0x8b, 0x7e, 0x01, 0x05, 0x13, 0x09, 0x04, 0x00, 
	0x00, 0x02, 0x04, 0x01, 0x1a, 0x05, 0x14, 0x09, 
	0x08, 0x00, 0x00, 0x02, 0x04, 0x00, 0x06, 0x1d, 
	0x05, 0x03, 0x09, 0x04, 0x00, 0x1b, 0x05, 0x03, 
	0x09, 0x00, 0x00, 0x06, 0x01, 0x05, 0x06, 0x09, 
	0x0c, 0x00, 0x06, 0x19, 0x05, 0x05, 0x09, 0x00, 
	0x00, 0x1b, 0x05, 0x05, 0x09, 0x00, 0x00, 0x06, 
	0x01, 0x05, 0x09, 0x09, 0x08, 0x00, 0x06, 0x18, 
	0x05, 0x05, 0x09, 0x00, 0x00, 0x06, 0x01, 0x05, 
	0x0c, 0x09, 0x04, 0x00, 0x06, 0x1b, 0x05, 0x05, 
	0x09, 0x00, 0x00, 0x06, 0x12, 0x05, 0x07, 0x09, 
	0x04, 0x00, 0x01, 0x05, 0x09, 0x09, 0x04, 0x00, 
	0x1c, 0x05, 0x08, 0x09, 0x04, 0x00, 0x06, 0x19, 
	0x05, 0x07, 0x09, 0x00, 0x00, 0x18, 0x05, 0x07, 
	0x09, 0x00, 0x00, 0x06, 0x01, 0x05, 0x0e, 0x09, 
	0x04, 0x00, 0x06, 0x1a, 0x05, 0x05, 0x09, 0x00, 
	0x00, 0x06, 0x21, 0x05, 0x09, 0x09, 0x04, 0x00, 
	0x0d, 0x05, 0x08, 0x09, 0x04, 0x00, 0x06, 0x19, 
	0x05, 0x07, 0x09, 0x00, 0x00, 0x06, 0x01, 0x05, 
	0x13, 0x09, 0x04, 0x00, 0x18, 0x05, 0x07, 0x09, 
	0x08, 0x00, 0x16, 0x05, 0x13, 0x09, 0x04, 0x00, 
	0x06, 0x18, 0x05, 0x07, 0x09, 0x00, 0x00, 0x01, 
	0x05, 0x07, 0x09, 0x00, 0x00, 0x01, 0x05, 0x07, 
	0x09, 0x00, 0x00, 0x06, 0x18, 0x05, 0x07, 0x09, 
	0x04, 0x00, 0x16, 0x05, 0x07, 0x09, 0x04, 0x00, 
	0x06, 0x01, 0x05, 0x07, 0x09, 0x04, 0x00, 0x01, 
	0x05, 0x1f, 0x09, 0x00, 0x00, 0x18, 0x05, 0x07, 
	0x09, 0x00, 0x00, 0x06, 0x33, 0x05, 0x09, 0x09, 
	0x0c, 0x00, 0x06, 0x18, 0x05, 0x29, 0x09, 0x00, 
	0x00, 0x18, 0x05, 0x02, 0x09, 0x00, 0x00, 0xc7, 
	0x05, 0x23, 0x09, 0x00, 0x00, 0x18, 0x05, 0x03, 
	0x09, 0x08, 0x00, 0x18, 0x05, 0x03, 0x09, 0x00, 
	0x00, 0x06, 0x01, 0x05, 0x0a, 0x09, 0x08, 0x00, 
	0x06, 0x03, 0xbb, 0x7e, 0x01, 0x05, 0x05, 0x09, 
	0x00, 0x00, 0x06, 0x01, 0x05, 0x0b, 0x09, 0x04, 
	0x00, 0x00, 0x02, 0x04, 0x01, 0x01, 0x05, 0x09, 
	0x09, 0x04, 0x00, 0x00, 0x02, 0x04, 0x00, 0x01, 
	0x05, 0x0b, 0x09, 0x04, 0x00, 0x00, 0x02, 0x04, 
	0x02, 0x01, 0x05, 0x0b, 0x09, 0x08, 0x00, 0x00, 
	0x02, 0x04, 0x03, 0x01, 0x05, 0x0b, 0x09, 0x08, 
	0x00, 0x00, 0x02, 0x04, 0x00, 0x06, 0x18, 0x05, 
	0x05, 0x09, 0x00, 0x00, 0x06, 0x01, 0x05, 0x0b, 
	0x09, 0x0c, 0x00, 0x19, 0x05, 0x11, 0x09, 0x04, 
	0x00, 0x15, 0x05, 0x09, 0x09, 0x04, 0x00, 0x06, 
	0x19, 0x05, 0x05, 0x09, 0x00, 0x00, 0x06, 0x1c, 
	0x05, 0x0a, 0x09, 0x04, 0x00, 0x00, 0x02, 0x04, 
	0x01, 0x06, 0x12, 0x05, 0x25, 0x09, 0x08, 0x00, 
	0x00, 0x02, 0x04, 0x00, 0x2c, 0x05, 0x05, 0x09, 
	0x00, 0x00, 0x1d, 0x05, 0x03, 0x09, 0x00, 0x00, 
	0x06, 0x01, 0x05, 0x10, 0x09, 0x04, 0x00, 0x01, 
	0x05, 0x06, 0x09, 0x08, 0x00, 0x06, 0x19, 0x05, 
	0x05, 0x09, 0x00, 0x00, 0x06, 0x01, 0x05, 0x11, 
	0x09, 0x04, 0x00, 0x1a, 0x05, 0x08, 0x09, 0x04, 
	0x00, 0x14, 0x05, 0x11, 0x09, 0x04, 0x00, 0x06, 
	0x18, 0x05, 0x05, 0x09, 0x00, 0x00, 0x06, 0x01, 
	0x05, 0x16, 0x09, 0x04, 0x00, 0x06, 0x19, 0x05, 
	0x05, 0x09, 0x00, 0x00, 0x06, 0x01, 0x05, 0x08, 
	0x09, 0x04, 0x00, 0x06, 0x19, 0x05, 0x07, 0x09, 
	0x00, 0x00, 0x06, 0x01, 0x05, 0x11, 0x09, 0x04, 
	0x00, 0x06, 0x18, 0x05, 0x07, 0x09, 0x08, 0x00, 
	0x18, 0x05, 0x07, 0x09, 0x08, 0x00, 0x01, 0x05, 
	0x07, 0x09, 0x00, 0x00, 0x06, 0x18, 0x05, 0x07, 
	0x09, 0x04, 0x00, 0x16, 0x05, 0x07, 0x09, 0x08, 
	0x00, 0x06, 0x01, 0x05, 0x25, 0x09, 0x00, 0x00, 
	0x18, 0x05, 0x07, 0x09, 0x04, 0x00, 0x18, 0x05, 
	0x07, 0x09, 0x04, 0x00, 0x06, 0x01, 0x05, 0x07, 
	0x09, 0x04, 0x00, 0x06, 0x18, 0x05, 0x27, 0x09, 
	0x00, 0x00, 0x18, 0x05, 0x07, 0x09, 0x04, 0x00, 
	0x00, 0x02, 0x04, 0x04, 0x06, 0x03, 0x55, 0x01, 
	0x05, 0x0b, 0x09, 0x08, 0x00, 0x00, 0x02, 0x04, 
	0x05, 0x01, 0x05, 0x0b, 0x09, 0x04, 0x00, 0x01, 
	0x05, 0x0b, 0x09, 0x04, 0x00, 0x00, 0x02, 0x04, 
	0x06, 0x01, 0x05, 0x0b, 0x09, 0x08, 0x00, 0x00, 
	0x02, 0x04, 0x07, 0x01, 0x05, 0x0b, 0x09, 0x08, 
	0x00, 0x01, 0x05, 0x0b, 0x09, 0x04, 0x00, 0x00, 
	0x02, 0x04, 0x08, 0x01, 0x05, 0x0b, 0x09, 0x08, 
	0x00, 0x00, 0x02, 0x04, 0x09, 0x01, 0x05, 0x0b, 
	0x09, 0x08, 0x00, 0x01, 0x05, 0x0b, 0x09, 0x04, 
	0x00, 0x00, 0x02, 0x04, 0x0a, 0x01, 0x05, 0x0b, 
	0x09, 0x04, 0x00, 0x00, 0x02, 0x04, 0x0c, 0x01, 
	0x05, 0x09, 0x09, 0x04, 0x00, 0x00, 0x02, 0x04, 
	0x0a, 0x01, 0x05, 0x0b, 0x09, 0x04, 0x00, 0x00, 
	0x02, 0x04, 0x0b, 0x01, 0x05, 0x0b, 0x09, 0x0c, 
	0x00, 0x00, 0x02, 0x04, 0x00, 0x06, 0x1c, 0x05, 
	0x07, 0x09, 0x00, 0x00, 0x06, 0x01, 0x05, 0x13, 
	0x09, 0x08, 0x00, 0x06, 0x18, 0x05, 0x07, 0x09, 
	0x00, 0x00, 0x06, 0x01, 0x05, 0x18, 0x09, 0x04, 
	0x00, 0x06, 0x19, 0x05, 0x07, 0x09, 0x00, 0x00, 
	0x06, 0x01, 0x05, 0x0a, 0x09, 0x04, 0x00, 0x06, 
	0x1d, 0x05, 0x0c, 0x09, 0x00, 0x00, 0x06, 0x19, 
	0x05, 0x09, 0x09, 0x04, 0x00, 0x15, 0x05, 0x0f, 
	0x09, 0x04, 0x00, 0x06, 0x19, 0x05, 0x09, 0x09, 
	0x00, 0x00, 0x01, 0x05, 0x09, 0x09, 0x04, 0x00, 
	0x01, 0x05, 0x09, 0x09, 0x04, 0x00, 0x01, 0x05, 
	0x09, 0x09, 0x04, 0x00, 0x01, 0x05, 0x21, 0x09, 
	0x00, 0x00, 0x18, 0x05, 0x09, 0x09, 0x04, 0x00, 
	0x06, 0x01, 0x05, 0x09, 0x09, 0x04, 0x00, 0x00, 
	0x02, 0x04, 0x02, 0x03, 0x72, 0x01, 0x05, 0x34, 
	0x09, 0x04, 0x00, 0x01, 0x05, 0x34, 0x09, 0x04, 
	0x00, 0x00, 0x02, 0x04, 0x00, 0x06, 0x43, 0x05, 
	0x05, 0x09, 0x08, 0x00, 0x19, 0x05, 0x05, 0x09, 
	0x00, 0x00, 0x06, 0x01, 0x05, 0x08, 0x09, 0x04, 
	0x00, 0x06, 0x19, 0x05, 0x07, 0x09, 0x04, 0x00, 
	0x06, 0x01, 0x05, 0x07, 0x09, 0x04, 0x00, 0x01, 
	0x05, 0x07, 0x09, 0x08, 0x00, 0x06, 0x18, 0x05, 
	0x27, 0x09, 0x00, 0x00, 0x18, 0x05, 0x07, 0x09, 
	0x04, 0x00, 0x1d, 0x05, 0x05, 0x09, 0x04, 0x00, 
	0x00, 0x02, 0x04, 0x01, 0x06, 0x01, 0x05, 0x05, 
	0x09, 0x04, 0x00, 0x00, 0x02, 0x04, 0x00, 0x01, 
	0x05, 0x05, 0x09, 0x04, 0x00, 0x00, 0x02, 0x04, 
	0x01, 0x06, 0x01, 0x05, 0x05, 0x09, 0x00, 0x00, 
	0x00, 0x02, 0x04, 0x00, 0x01, 0x05, 0x05, 0x09, 
	0x00, 0x00, 0x00, 0x02, 0x04, 0x01, 0x06, 0x01, 
	0x05, 0x05, 0x09, 0x0c, 0x00, 0x01, 0x05, 0x05, 
	0x09, 0x14, 0x00, 0x00, 0x02, 0x04, 0x00, 0x06, 
	0x01, 0x05, 0x05, 0x09, 0x00, 0x00, 0x01, 0x05, 
	0x05, 0x09, 0x00, 0x00, 0x00, 0x02, 0x04, 0x01, 
	0x06, 0x01, 0x05, 0x05, 0x09, 0x04, 0x00, 0x00, 
	0x02, 0x04, 0x00, 0x06, 0x01, 0x05, 0x05, 0x09, 
	0x00, 0x00, 0x00, 0x02, 0x04, 0x01, 0x06, 0x01, 
	0x05, 0x05, 0x09, 0x04, 0x00, 0x01, 0x05, 0x05, 
	0x09, 0x04, 0x00, 0x00, 0x02, 0x04, 0x00, 0x06, 
	0x01, 0x05, 0x05, 0x09, 0x00, 0x00, 0x00, 0x02, 
	0x04, 0x01, 0x06, 0x01, 0x05, 0x05, 0x09, 0x04, 
	0x00, 0x00, 0x02, 0x04, 0x00, 0x06, 0x01, 0x05, 
	0x05, 0x09, 0x00, 0x00, 0x00, 0x02, 0x04, 0x01, 
	0x06, 0x01, 0x05, 0x05, 0x09, 0x08, 0x00, 0x00, 
	0x02, 0x04, 0x00, 0x06, 0x01, 0x05, 0x3e, 0x09, 
	0x00, 0x00, 0x1f, 0x05, 0x03, 0x09, 0x00, 0x00, 
	0x06, 0x01, 0x05, 0x11, 0x09, 0x04, 0x00, 0x01, 
	0x05, 0x0f, 0x09, 0x08, 0x00, 0x01, 0x05, 0x27, 
	0x09, 0x04, 0x00, 0x01, 0x05, 0x06, 0x09, 0x04, 
	0x00, 0x06, 0x1c, 0x05, 0x05, 0x09, 0x00, 0x00, 
	0x06, 0x01, 0x05, 0x11, 0x09, 0x04, 0x00, 0x01, 
	0x05, 0x08, 0x09, 0x04, 0x00, 0x06, 0x1a, 0x05, 
	0x07, 0x09, 0x00, 0x00, 0x06, 0x01, 0x05, 0x12, 
	0x09, 0x04, 0x00, 0x06, 0x1b, 0x05, 0x09, 0x09, 
	0x00, 0x00, 0x06, 0x18, 0x05, 0x0f, 0x09, 0x04, 
	0x00, 0x14, 0x05, 0x15, 0x09, 0x04, 0x00, 0x19, 
	0x05, 0x0d, 0x09, 0x04, 0x00, 0x06, 0x18, 0x05, 
	0x09, 0x09, 0x00, 0x00, 0x14, 0x05, 0x22, 0x09, 
	0x04, 0x00, 0x06, 0x2e, 0x05, 0x0e, 0x09, 0x04, 
	0x00, 0x06, 0x03, 0x71, 0x01, 0x05, 0x05, 0x09, 
	0x00, 0x00, 0x19, 0x05, 0x07, 0x09, 0x00, 0x00, 
	0x18, 0x05, 0x07, 0x09, 0x00, 0x00, 0x06, 0x01, 
	0x05, 0x0f, 0x09, 0x08, 0x00, 0x01, 0x05, 0x0f, 
	0x09, 0x08, 0x00, 0x06, 0x1a, 0x05, 0x07, 0x09, 
	0x00, 0x00, 0x1b, 0x05, 0x09, 0x09, 0x00, 0x00, 
	0x06, 0x01, 0x05, 0x15, 0x09, 0x04, 0x00, 0x00, 
	0x02, 0x04, 0x01, 0x06, 0x01, 0x05, 0x29, 0x09, 
	0x04, 0x00, 0x00, 0x02, 0x04, 0x00, 0x34, 0x05, 
	0x08, 0x09, 0x00, 0x00, 0x06, 0x20, 0x05, 0x2e, 
	0x09, 0x04, 0x00, 0x01, 0x05, 0x17, 0x09, 0x04, 
	0x00, 0x0e, 0x05, 0x0c, 0x09, 0x04, 0x00, 0x06, 
	0x20, 0x05, 0x2e, 0x09, 0x00, 0x00, 0x06, 0x01, 
	0x05, 0x2e, 0x09, 0x04, 0x00, 0x06, 0x1b, 0x05, 
	0x07, 0x09, 0x00, 0x00, 0x19, 0x05, 0x09, 0x09, 
	0x00, 0x00, 0x06, 0x01, 0x05, 0x17, 0x09, 0x04, 
	0x00, 0x01, 0x05, 0x0c, 0x09, 0x04, 0x00, 0x06, 
	0x19, 0x05, 0x0b, 0x09, 0x00, 0x00, 0x06, 0x01, 
	0x05, 0x15, 0x09, 0x04, 0x00, 0x01, 0x05, 0x18, 
	0x09, 0x04, 0x00, 0x01, 0x05, 0x15, 0x09, 0x08, 
	0x00, 0x06, 0x18, 0x05, 0x0b, 0x09, 0x00, 0x00, 
	0x1f, 0x05, 0x07, 0x09, 0x00, 0x00, 0x06, 0x01, 
	0x05, 0x1d, 0x09, 0x04, 0x00, 0x01, 0x05, 0x13, 
	0x09, 0x04, 0x00, 0x00, 0x02, 0x04, 0x01, 0x01, 
	0x05, 0x27, 0x09, 0x08, 0x00, 0x00, 0x02, 0x04, 
	0x00, 0x06, 0x28, 0x05, 0x03, 0x09, 0x00, 0x00, 
	0x06, 0x01, 0x05, 0x14, 0x09, 0x04, 0x00, 0x01, 
	0x05, 0x14, 0x09, 0x0c, 0x00, 0x06, 0x18, 0x05, 
	0x03, 0x09, 0x00, 0x00, 0x00, 0x02, 0x04, 0x01, 
	0x06, 0x01, 0x05, 0x1b, 0x09, 0x0c, 0x00, 0x00, 
	0x02, 0x04, 0x00, 0x06, 0x25, 0x05, 0x05, 0x09, 
	0x00, 0x00, 0x03, 0xc5, 0x7c, 0x01, 0x05, 0x0d, 
	0x09, 0x00, 0x00, 0x1c, 0x05, 0x03, 0x09, 0x00, 
	0x00, 0x18, 0x05, 0x03, 0x09, 0x00, 0x00, 0x18, 
	0x05, 0x03, 0x09, 0x00, 0x00, 0x18, 0x05, 0x03, 
	0x09, 0x00, 0x00, 0x18, 0x05, 0x03, 0x09, 0x00, 
	0x00, 0x18, 0x05, 0x03, 0x09, 0x00, 0x00, 0x19, 
	0x05, 0x03, 0x09, 0x00, 0x00, 0x18, 0x05, 0x03, 
	0x09, 0x00, 0x00, 0x18, 0x05, 0x03, 0x09, 0x00, 
	0x00, 0x1b, 0x05, 0x03, 0x09, 0x00, 0x00, 0x06, 
	0x01, 0x05, 0x29, 0x09, 0x00, 0x00, 0x1e, 0x05, 
	0x11, 0x09, 0x00, 0x00, 0x10, 0x05, 0x29, 0x09, 
	0x04, 0x00, 0x1e, 0x05, 0x06, 0x09, 0x08, 0x00, 
	0x10, 0x05, 0x29, 0x09, 0x04, 0x00, 0x06, 0x18, 
	0x05, 0x03, 0x09, 0x00, 0x00, 0x1d, 0x05, 0x03, 
	0x09, 0x00, 0x00, 0x06, 0x01, 0x05, 0x06, 0x09, 
	0x04, 0x00, 0x10, 0x05, 0x16, 0x09, 0x04, 0x00, 
	0x06, 0x21, 0x05, 0x03, 0x09, 0x00, 0x00, 0x06, 
	0x01, 0x05, 0x11, 0x09, 0x0c, 0x00, 0x1a, 0x05, 
	0x06, 0x09, 0x04, 0x00, 0x14, 0x05, 0x11, 0x09, 
	0x04, 0x00, 0x06, 0x1a, 0x05, 0x03, 0x09, 0x00, 
	0x00, 0x06, 0x01, 0x05, 0x06, 0x09, 0x04, 0x00, 
	0x03, 0x6f, 0x01, 0x05, 0x0d, 0x09, 0x04, 0x00, 
	0x29, 0x05, 0x16, 0x09, 0x0c, 0x00, 0x06, 0x1a, 
	0x05, 0x03, 0x09, 0x04, 0x00, 0x06, 0x01, 0x05, 
	0x0e, 0x09, 0x0c, 0x00, 0x06, 0x19, 0x05, 0x03, 
	0x09, 0x00, 0x00, 0x06, 0x01, 0x05, 0x06, 0x09, 
	0x04, 0x00, 0x19, 0x05, 0x21, 0x09, 0x04, 0x00, 
	0x01, 0x05, 0x07, 0x09, 0x04, 0x00, 0x06, 0x19, 
	0x05, 0x05, 0x09, 0x00, 0x00, 0x18, 0x05, 0x05, 
	0x09, 0x04, 0x00, 0x06, 0x16, 0x05, 0x0e, 0x09, 
	0x04, 0x00, 0x18, 0x05, 0x05, 0x09, 0x04, 0x00, 
	0x01, 0x05, 0x05, 0x09, 0x04, 0x00, 0x06, 0x5b, 
	0x05, 0x03, 0x09, 0x00, 0x00, 0x06, 0x01, 0x05, 
	0x21, 0x09, 0x00, 0x00, 0x01, 0x05, 0x16, 0x09, 
	0x04, 0x00, 0x01, 0x05, 0x06, 0x09, 0x08, 0x00, 
	0x06, 0x18, 0x05, 0x05, 0x09, 0x00, 0x00, 0x06, 
	0x01, 0x05, 0x14, 0x09, 0x04, 0x00, 0x06, 0x1c, 
	0x05, 0x03, 0x09, 0x00, 0x00, 0x06, 0x01, 0x05, 
	0x23, 0x09, 0x00, 0x00, 0x01, 0x05, 0x06, 0x09, 
	0x08, 0x00, 0x06, 0x18, 0x05, 0x05, 0x09, 0x00, 
	0x00, 0x06, 0x01, 0x05, 0x13, 0x09, 0x08, 0x00, 
	0x01, 0x05, 0x13, 0x09, 0x00, 0x00, 0x00, 0x02, 
	0x04, 0x02, 0x06, 0xe2, 0x05, 0x05, 0x09, 0x00, 
	0x00, 0x00, 0x02, 0x04, 0x04, 0x06, 0x01, 0x05, 
	0x05, 0x09, 0x0c, 0x00, 0x00, 0x02, 0x04, 0x06, 
	0x01, 0x05, 0x05, 0x09, 0x08, 0x00, 0x00, 0x02, 
	0x04, 0x15, 0x06, 0x01, 0x05, 0x05, 0x09, 0x10, 
	0x00, 0x00, 0x02, 0x04, 0x00, 0x01, 0x05, 0x05, 
	0x09, 0x00, 0x00, 0x00, 0x02, 0x04, 0x15, 0x06, 
	0x01, 0x05, 0x05, 0x09, 0x04, 0x00, 0x00, 0x02, 
	0x04, 0x00, 0x06, 0x01, 0x05, 0x05, 0x09, 0x00, 
	0x00, 0x00, 0x02, 0x04, 0x15, 0x06, 0x01, 0x05, 
	0x05, 0x09, 0x04, 0x00, 0x00, 0x02, 0x04, 0x16, 
	0x06, 0x01, 0x05, 0x05, 0x09, 0x04, 0x00, 0x06, 
	0x01, 0x05, 0x05, 0x09, 0x04, 0x00, 0x01, 0x05, 
	0x05, 0x09, 0x0c, 0x00, 0x00, 0x02, 0x04, 0x1d, 
	0x06, 0x01, 0x05, 0x05, 0x09, 0x04, 0x00, 0x00, 
	0x02, 0x04, 0x00, 0x01, 0x05, 0x05, 0x09, 0x00, 
	0x00, 0x00, 0x02, 0x04, 0x1d, 0x06, 0x01, 0x05, 
	0x05, 0x09, 0x04, 0x00, 0x00, 0x02, 0x04, 0x00, 
	0x06, 0x01, 0x05, 0x05, 0x09, 0x00, 0x00, 0x00, 
	0x02, 0x04, 0x1d, 0x06, 0x01, 0x05, 0x05, 0x09, 
	0x0c, 0x00, 0x00, 0x02, 0x04, 0x07, 0x01, 0x05, 
	0x05, 0x09, 0x08, 0x00, 0x00, 0x02, 0x04, 0x09, 
	0x01, 0x05, 0x05, 0x09, 0x04, 0x00, 0x01, 0x05, 
	0x05, 0x09, 0x04, 0x00, 0x00, 0x02, 0x04, 0x0a, 
	0x01, 0x05, 0x05, 0x09, 0x08, 0x00, 0x00, 0x02, 
	0x04, 0x0c, 0x01, 0x05, 0x05, 0x09, 0x08, 0x00, 
	0x01, 0x05, 0x05, 0x09, 0x04, 0x00, 0x00, 0x02, 
	0x04, 0x0d, 0x01, 0x05, 0x05, 0x09, 0x08, 0x00, 
	0x00, 0x02, 0x04, 0x0f, 0x01, 0x05, 0x05, 0x09, 
	0x08, 0x00, 0x01, 0x05, 0x05, 0x09, 0x04, 0x00, 
	0x00, 0x02, 0x04, 0x10, 0x01, 0x05, 0x05, 0x09, 
	0x04, 0x00, 0x00, 0x02, 0x04, 0x13, 0x01, 0x05, 
	0x05, 0x09, 0x04, 0x00, 0x00, 0x02, 0x04, 0x10, 
	0x01, 0x05, 0x05, 0x09, 0x04, 0x00, 0x00, 0x02, 
	0x04, 0x12, 0x01, 0x05, 0x05, 0x09, 0x0c, 0x00, 
	0x00, 0x02, 0x04, 0x1b, 0x06, 0x01, 0x05, 0x05, 
	0x09, 0x04, 0x00, 0x00, 0x02, 0x04, 0x18, 0x01, 
	0x05, 0x05, 0x09, 0x04, 0x00, 0x00, 0x02, 0x04, 
	0x19, 0x06, 0x01, 0x05, 0x05, 0x09, 0x0c, 0x00, 
	0x00, 0x02, 0x04, 0x1c, 0x06, 0x01, 0x05, 0x05, 
	0x09, 0x04, 0x00, 0x06, 0x01, 0x05, 0x05, 0x09, 
	0x04, 0x00, 0x00, 0x02, 0x04, 0x00, 0x06, 0x3d, 
	0x05, 0x0b, 0x09, 0x00, 0x00, 0x06, 0x01, 0x05, 
	0x17, 0x09, 0x04, 0x00, 0x1e, 0x05, 0x0d, 0x09, 
	0x04, 0x00, 0x10, 0x05, 0x17, 0x09, 0x04, 0x00, 
	0x06, 0x18, 0x05, 0x0b, 0x09, 0x00, 0x00, 0x06, 
	0x01, 0x05, 0x1c, 0x09, 0x04, 0x00, 0x06, 0x19, 
	0x05, 0x0b, 0x09, 0x00, 0x00, 0x06, 0x01, 0x05, 
	0x0e, 0x09, 0x04, 0x00, 0x06, 0x19, 0x05, 0x0d, 
	0x09, 0x00, 0x00, 0x06, 0x19, 0x05, 0x0d, 0x09, 
	0x04, 0x00, 0x15, 0x05, 0x17, 0x09, 0x04, 0x00, 
	0x06, 0x18, 0x05, 0x0d, 0x09, 0x08, 0x00, 0x18, 
	0x05, 0x0d, 0x09, 0x00, 0x00, 0x01, 0x05, 0x0d, 
	0x09, 0x00, 0x00, 0x01, 0x05, 0x0d, 0x09, 0x04, 
	0x00, 0x01, 0x05, 0x0d, 0x09, 0x04, 0x00, 0x01, 
	0x05, 0x25, 0x09, 0x00, 0x00, 0x18, 0x05, 0x0d, 
	0x09, 0x08, 0x00, 0x01, 0x05, 0x0d, 0x09, 0x00, 
	0x00, 0x06, 0x18, 0x05, 0x0d, 0x09, 0x04, 0x00, 
	0x16, 0x05, 0x0d, 0x09, 0x08, 0x00, 0x06, 0x01, 
	0x05, 0x2b, 0x09, 0x00, 0x00, 0x18, 0x05, 0x0d, 
	0x09, 0x04, 0x00, 0x18, 0x05, 0x0d, 0x09, 0x04, 
	0x00, 0x06, 0x01, 0x05, 0x0d, 0x09, 0x04, 0x00, 
	0x06, 0x18, 0x05, 0x2d, 0x09, 0x00, 0x00, 0x18, 
	0x05, 0x06, 0x09, 0x04, 0x00, 0x1b, 0x05, 0x10, 
	0x09, 0x00, 0x00, 0x06, 0x01, 0x05, 0x13, 0x09, 
	0x04, 0x00, 0x06, 0x19, 0x05, 0x0d, 0x09, 0x04, 
	0x00, 0x06, 0x01, 0x05, 0x0d, 0x09, 0x04, 0x00, 
	0x01, 0x05, 0x0d, 0x09, 0x08, 0x00, 0x06, 0x18, 
	0x05, 0x0d, 0x09, 0x00, 0x00, 0x01, 0x05, 0x0d, 
	0x09, 0x04, 0x00, 0x01, 0x05, 0x0d, 0x09, 0x04, 
	0x00, 0x01, 0x05, 0x0d, 0x09, 0x04, 0x00, 0x01, 
	0x05, 0x25, 0x09, 0x00, 0x00, 0x18, 0x05, 0x2d, 
	0x09, 0x00, 0x00, 0x18, 0x05, 0x06, 0x09, 0x04, 
	0x00, 0x00, 0x02, 0x04, 0x02, 0x06, 0x03, 0x69, 
	0x01, 0x05, 0x38, 0x09, 0x04, 0x00, 0x01, 0x05, 
	0x38, 0x09, 0x04, 0x00, 0x00, 0x02, 0x04, 0x00, 
	0x06, 0x48, 0x05, 0x09, 0x09, 0x00, 0x00, 0x06, 
	0x19, 0x05, 0x19, 0x09, 0x04, 0x00, 0x16, 0x05, 
	0x0a, 0x09, 0x04, 0x00, 0x16, 0x05, 0x09, 0x09, 
	0x04, 0x00, 0x06, 0x18, 0x05, 0x08, 0x09, 0x00, 
	0x00, 0x18, 0x05, 0x19, 0x09, 0x08, 0x00, 0x1f, 
	0x05, 0x0b, 0x09, 0x00, 0x00, 0x06, 0x01, 0x05, 
	0x0f, 0x09, 0x04, 0x00, 0x06, 0x18, 0x05, 0x0b, 
	0x09, 0x00, 0x00, 0x06, 0x01, 0x05, 0x11, 0x09, 
	0x04, 0x00, 0x06, 0x14, 0x05, 0x24, 0x09, 0x00, 
	0x00, 0x06, 0x01, 0x05, 0x17, 0x09, 0x04, 0x00, 
	0x01, 0x05, 0x24, 0x09, 0x04, 0x00, 0x01, 0x05, 
	0x24, 0x09, 0x04, 0x00, 0x03, 0x6d, 0x01, 0x05, 
	0x2e, 0x09, 0x08, 0x00, 0x06, 0x03, 0x90, 0x7d, 
	0x01, 0x05, 0x05, 0x09, 0x00, 0x00, 0x06, 0x01, 
	0x05, 0x1c, 0x09, 0x0c, 0x00, 0x01, 0x05, 0x0f, 
	0x09, 0x08, 0x00, 0x01, 0x05, 0x0f, 0x09, 0x04, 
	0x00, 0x06, 0x2b, 0x05, 0x05, 0x09, 0x00, 0x00, 
	0x06, 0x01, 0x05, 0x08, 0x09, 0x0c, 0x00, 0x06, 
	0x18, 0x05, 0x07, 0x09, 0x00, 0x00, 0x06, 0x01, 
	0x05, 0x11, 0x09, 0x04, 0x00, 0x06, 0x1c, 0x05, 
	0x05, 0x09, 0x00, 0x00, 0x06, 0x01, 0x05, 0x14, 
	0x09, 0x04, 0x00, 0x06, 0x18, 0x05, 0x05, 0x09, 
	0x00, 0x00, 0x06, 0x1d, 0x05, 0x12, 0x09, 0x04, 
	0x00, 0x11, 0x05, 0x08, 0x09, 0x04, 0x00, 0x06, 
	0x19, 0x05, 0x07, 0x09, 0x00, 0x00, 0x06, 0x01, 
	0x05, 0x12, 0x09, 0x08, 0x00, 0x06, 0x18, 0x05, 
	0x07, 0x09, 0x00, 0x00, 0x06, 0x01, 0x05, 0x0b, 
	0x09, 0x04, 0x00, 0x06, 0x1d, 0x05, 0x05, 0x09, 
	0x04, 0x00, 0x06, 0x01, 0x05, 0x30, 0x09, 0x04, 
	0x00, 0x06, 0x1a, 0x05, 0x05, 0x09, 0x10, 0x00, 
	0x1a, 0x05, 0x05, 0x09, 0x00, 0x00, 0x06, 0x01, 
	0x05, 0x17, 0x09, 0x08, 0x00, 0x01, 0x05, 0x17, 
	0x09, 0x04, 0x00, 0x06, 0x18, 0x05, 0x05, 0x09, 
	0x00, 0x00, 0x06, 0x01, 0x05, 0x08, 0x09, 0x0c, 
	0x00, 0x06, 0x19, 0x05, 0x02, 0x09, 0x00, 0x00, 
	0x18, 0x05, 0x02, 0x09, 0x00, 0x00, 0x18, 0x05, 
	0x02, 0x09, 0x00, 0x00, 0x18, 0x05, 0x02, 0x09, 
	0x00, 0x00, 0x06, 0x16, 0x05, 0x0a, 0x09, 0x04, 
	0x00, 0x18, 0x05, 0x05, 0x09, 0x04, 0x00, 0x06, 
	0x18, 0x05, 0x04, 0x09, 0x00, 0x00, 0x06, 0x01, 
	0x05, 0x0c, 0x09, 0x04, 0x00, 0x01, 0x05, 0x0c, 
	0x09, 0x04, 0x00, 0x13, 0x05, 0x0d, 0x09, 0x04, 
	0x00, 0x06, 0x1e, 0x05, 0x05, 0x09, 0x00, 0x00, 
	0x06, 0x01, 0x05, 0x10, 0x09, 0x04, 0x00, 0x1a, 
	0x05, 0x18, 0x09, 0x04, 0x00, 0x01, 0x05, 0x0e, 
	0x09, 0x04, 0x00, 0x14, 0x05, 0x10, 0x09, 0x04, 
	0x00, 0x19, 0x05, 0x09, 0x09, 0x04, 0x00, 0x19, 
	0x05, 0x05, 0x09, 0x04, 0x00, 0x13, 0x05, 0x10, 
	0x09, 0x04, 0x00, 0x06, 0x19, 0x05, 0x05, 0x09, 
	0x00, 0x00, 0x18, 0x05, 0x05, 0x09, 0x00, 0x00, 
	0x18, 0x05, 0x05, 0x09, 0x04, 0x00, 0x19, 0x05, 
	0x05, 0x09, 0x00, 0x00, 0x06, 0x01, 0x05, 0x08, 
	0x09, 0x04, 0x00, 0x06, 0x1e, 0x05, 0x07, 0x09, 
	0x00, 0x00, 0x06, 0x01, 0x05, 0x0a, 0x09, 0x08, 
	0x00, 0x06, 0x19, 0x05, 0x09, 0x09, 0x08, 0x00, 
	0x18, 0x05, 0x09, 0x09, 0x00, 0x00, 0x32, 0x05, 
	0x03, 0x09, 0x00, 0x00, 0x06, 0x01, 0x05, 0x03, 
	0x09, 0x00, 0x00, 0x06, 0x03, 0xc3, 0x02, 0x01, 
	0x05, 0x05, 0x09, 0x00, 0x00, 0x06, 0x01, 0x05, 
	0x16, 0x09, 0x0c, 0x00, 0x01, 0x05, 0x16, 0x09, 
	0x04, 0x00, 0x06, 0x18, 0x05, 0x05, 0x09, 0x00, 
	0x00, 0x00, 0x02, 0x04, 0x01, 0x06, 0x01, 0x05, 
	0x1d, 0x09, 0x0c, 0x00, 0x00, 0x02, 0x04, 0x00, 
	0x06, 0x19, 0x05, 0x07, 0x09, 0x08, 0x00, 0x18, 
	0x05, 0x07, 0x09, 0x00, 0x00, 0x06, 0x01, 0x05, 
	0x0e, 0x09, 0x04, 0x00, 0x06, 0x03, 0xf1, 0x7c, 
	0x01, 0x05, 0x07, 0x09, 0x00, 0x00, 0x06, 0x01, 
	0x05, 0x19, 0x09, 0x04, 0x00, 0x01, 0x05, 0x12, 
	0x09, 0x0c, 0x00, 0x06, 0x48, 0x05, 0x07, 0x09, 
	0x00, 0x00, 0x06, 0x18, 0x05, 0x07, 0x09, 0x04, 
	0x00, 0x16, 0x05, 0x24, 0x09, 0x04, 0x00, 0x01, 
	0x05, 0x14, 0x09, 0x04, 0x00, 0x06, 0x18, 0x05, 
	0x07, 0x09, 0x0c, 0x00, 0x18, 0x05, 0x07, 0x09, 
	0x00, 0x00, 0x06, 0x01, 0x05, 0x3e, 0x09, 0x0c, 
	0x00, 0x06, 0x19, 0x05, 0x07, 0x09, 0x00, 0x00, 
	0x06, 0x01, 0x05, 0x3e, 0x09, 0x04, 0x00, 0x06, 
	0x1a, 0x05, 0x07, 0x09, 0x00, 0x00, 0x06, 0x01, 
	0x05, 0x0a, 0x09, 0x04, 0x00, 0x06, 0x18, 0x05, 
	0x09, 0x09, 0x04, 0x00, 0x06, 0x01, 0x05, 0x09, 
	0x09, 0x04, 0x00, 0x01, 0x05, 0x09, 0x09, 0x04, 
	0x00, 0x01, 0x05, 0x09, 0x09, 0x04, 0x00, 0x01, 
	0x05, 0x09, 0x09, 0x00, 0x00, 0x06, 0x03, 0xda, 
	0x02, 0x01, 0x05, 0x03, 0x09, 0x00, 0x00, 0x18, 
	0x05, 0x03, 0x09, 0x08, 0x00, 0x18, 0x05, 0x03, 
	0x09, 0x00, 0x00, 0x06, 0x01, 0x05, 0x09, 0x09, 
	0x04, 0x00, 0x01, 0x05, 0x07, 0x09, 0x04, 0x00, 
	0x06, 0x18, 0x05, 0x03, 0x09, 0x04, 0x00, 0x06, 
	0x01, 0x05, 0x03, 0x00, 0x05, 0x02, 0x2c, 0x0f, 
	0x01, 0x00, 0x00, 0x01, 0x01, 0x85, 0x00, 0x00, 
	0x00, 0x05, 0x00, 0x04, 0x00, 0x53, 0x00, 0x00, 
	0x00, 0x01, 0x01, 0x01, 0xf6, 0xf2, 0x0d, 0x00, 
	0x01, 0x01, 0x01, 0x01, 0x00, 0x00, 0x00, 0x01, 
	0x00, 0x00, 0x01, 0x01, 0x01, 0x1f, 0x05, 0xef, 
	0x00, 0x00, 0x00, 0x75, 0x00, 0x00, 0x00, 0x27, 
	0x05, 0x00, 0x00, 0x4d, 0x01, 0x00, 0x00, 0x9d, 
	0x01, 0x00, 0x00, 0x02, 0x01, 0x1f, 0x02, 0x0b, 
	0x07, 0x29, 0x06, 0x00, 0x00, 0x00, 0x79, 0x06, 
	0x00, 0x00, 0x02, 0x81, 0x06, 0x00, 0x00, 0x04, 
	0xe6, 0x00, 0x00, 0x00, 0x01, 0xdd, 0x00, 0x00, 
	0x00, 0x03, 0x66, 0x00, 0x00, 0x00, 0x03, 0x6e, 
	0x00, 0x00, 0x00, 0x03, 0x00, 0x05, 0x02, 0x2c, 
	0x0f, 0x01, 0x00, 0x40, 0x05, 0x01, 0x09, 0x00, 
	0x00, 0x19, 0x05, 0x03, 0x09, 0x00, 0x00, 0x06, 
	0x19, 0x05, 0x01, 0x09, 0x04, 0x00, 0x04, 0x02, 
	0x06, 0x73, 0x05, 0x0d, 0x00, 0x05, 0x02, 0x34, 
	0x0f, 0x01, 0x00, 0x00, 0x01, 0x01, 0x7a, 0x06, 
	0x00, 0x00, 0x05, 0x00, 0x04, 0x00, 0x62, 0x00, 
	0x00, 0x00, 0x01, 0x01, 0x01, 0xf6, 0xf2, 0x0d, 
	0x00, 0x01, 0x01, 0x01, 0x01, 0x00, 0x00, 0x00, 
	0x01, 0x00, 0x00, 0x01, 0x01, 0x01, 0x1f, 0x05, 
	0xef, 0x00, 0x00, 0x00, 0x75, 0x00, 0x00, 0x00, 
	0x92, 0x06, 0x00, 0x00, 0x4d, 0x01, 0x00, 0x00, 
	0x9d, 0x01, 0x00, 0x00, 0x02, 0x01, 0x1f, 0x02, 
	0x0b, 0x0a, 0xf2, 0x06, 0x00, 0x00, 0x00, 0x41, 
	0x07, 0x00, 0x00, 0x02, 0xe6, 0x00, 0x00, 0x00, 
	0x01, 0xdd, 0x00, 0x00, 0x00, 0x03, 0x66, 0x00, 
	0x00, 0x00, 0x03, 0x6e, 0x00, 0x00, 0x00, 0x03, 
	0xea, 0x06, 0x00, 0x00, 0x04, 0x8a, 0x06, 0x00, 
	0x00, 0x02, 0x0c, 0x04, 0x00, 0x00, 0x04, 0xe1, 
	0x06, 0x00, 0x00, 0x04, 0x00, 0x05, 0x02, 0x34, 
	0x0f, 0x01, 0x00, 0x03, 0x98, 0x02, 0x01, 0x05, 
	0x01, 0x09, 0x00, 0x00, 0x18, 0x05, 0x03, 0x09, 
	0x00, 0x00, 0x18, 0x05, 0x05, 0x09, 0x00, 0x00, 
	0x19, 0x05, 0x03, 0x09, 0x00, 0x00, 0x06, 0x18, 
	0x05, 0x01, 0x09, 0x04, 0x00, 0x01, 0x05, 0x01, 
	0x00, 0x05, 0x02, 0x3c, 0x0f, 0x01, 0x00, 0x06, 
	0x03, 0xa3, 0x7e, 0x01, 0x05, 0x01, 0x09, 0x00, 
	0x00, 0x18, 0x05, 0x03, 0x09, 0x00, 0x00, 0x06, 
	0x16, 0x05, 0x01, 0x09, 0x0c, 0x00, 0x01, 0x05, 
	0x01, 0x09, 0x04, 0x00, 0x1b, 0x05, 0x0f, 0x09, 
	0x04, 0x00, 0x19, 0x05, 0x0e, 0x09, 0x04, 0x00, 
	0x12, 0x05, 0x0b, 0x09, 0x04, 0x00, 0x06, 0x18, 
	0x05, 0x03, 0x09, 0x00, 0x00, 0x06, 0x01, 0x05, 
	0x0b, 0x09, 0x04, 0x00, 0x06, 0x18, 0x05, 0x03, 
	0x09, 0x00, 0x00, 0x06, 0x01, 0x05, 0x0b, 0x09, 
	0x04, 0x00, 0x06, 0x18, 0x05, 0x03, 0x09, 0x00, 
	0x00, 0x18, 0x05, 0x03, 0x09, 0x00, 0x00, 0x06, 
	0x01, 0x05, 0x10, 0x09, 0x04, 0x00, 0x06, 0x18, 
	0x05, 0x03, 0x09, 0x00, 0x00, 0x18, 0x05, 0x03, 
	0x09, 0x00, 0x00, 0x06, 0x01, 0x05, 0x12, 0x09, 
	0x04, 0x00, 0x06, 0x18, 0x05, 0x03, 0x09, 0x00, 
	0x00, 0x06, 0x01, 0x05, 0x12, 0x09, 0x04, 0x00, 
	0x06, 0x18, 0x05, 0x03, 0x09, 0x00, 0x00, 0x06, 
	0x01, 0x05, 0x11, 0x09, 0x04, 0x00, 0x06, 0x18, 
	0x05, 0x03, 0x09, 0x04, 0x00, 0x06, 0x01, 0x05, 
	0x03, 0x09, 0x04, 0x00, 0x01, 0x05, 0x03, 0x09, 
	0x04, 0x00, 0x01, 0x05, 0x03, 0x09, 0x04, 0x00, 
	0x06, 0x18, 0x05, 0x03, 0x09, 0x00, 0x00, 0x06, 
	0x18, 0x05, 0x0e, 0x09, 0x0c, 0x00, 0x19, 0x05, 
	0x0f, 0x09, 0x0c, 0x00, 0x1d, 0x05, 0x0e, 0x09, 
	0x0c, 0x00, 0x19, 0x05, 0x0f, 0x09, 0x08, 0x00, 
	0x23, 0x05, 0x01, 0x09, 0x04, 0x00, 0x03, 0x69, 
	0x01, 0x05, 0x10, 0x09, 0x04, 0x00, 0x06, 0x18, 
	0x05, 0x03, 0x09, 0x00, 0x00, 0x19, 0x05, 0x03, 
	0x09, 0x00, 0x00, 0x1d, 0x05, 0x03, 0x09, 0x00, 
	0x00, 0x19, 0x05, 0x03, 0x09, 0x00, 0x00, 0x06, 
	0x01, 0x05, 0x0f, 0x09, 0x04, 0x00, 0x06, 0x1c, 
	0x05, 0x03, 0x09, 0x00, 0x00, 0x18, 0x05, 0x05, 
	0x09, 0x00, 0x00, 0x06, 0x1d, 0x05, 0x01, 0x09, 
	0x04, 0x00, 0x01, 0x05, 0x01, 0x00, 0x05, 0x02, 
	0xc4, 0x0f, 0x01, 0x00, 0x06, 0x4e, 0x05, 0x01, 
	0x09, 0x00, 0x00, 0x18, 0x05, 0x03, 0x09, 0x00, 
	0x00, 0x06, 0x01, 0x05, 0x0a, 0x00, 0x05, 0x02, 
	0xdc, 0x0f, 0x01, 0x00, 0x06, 0x63, 0x05, 0x01, 
	0x09, 0x00, 0x00, 0x18, 0x05, 0x03, 0x09, 0x00, 
	0x00, 0x06, 0x16, 0x05, 0x01, 0x09, 0x04, 0x00, 
	0x18, 0x05, 0x07, 0x09, 0x04, 0x00, 0x16, 0x05, 
	0x01, 0x09, 0x04, 0x00, 0x18, 0x05, 0x06, 0x09, 
	0x00, 0x00, 0x16, 0x05, 0x01, 0x09, 0x08, 0x00, 
	0x18, 0x05, 0x06, 0x09, 0x04, 0x00, 0x16, 0x05, 
	0x01, 0x09, 0x04, 0x00, 0x18, 0x05, 0x06, 0x09, 
	0x04, 0x00, 0x06, 0x18, 0x05, 0x05, 0x09, 0x04, 
	0x00, 0x18, 0x05, 0x03, 0x09, 0x00, 0x00, 0x06, 
	0x01, 0x05, 0x07, 0x09, 0x04, 0x00, 0x01, 0x05, 
	0x06, 0x09, 0x08, 0x00, 0x06, 0x18, 0x05, 0x05, 
	0x09, 0x08, 0x00, 0x18, 0x05, 0x03, 0x09, 0x00, 
	0x00, 0x06, 0x01, 0x05, 0x07, 0x09, 0x04, 0x00, 
	0x01, 0x05, 0x06, 0x09, 0x08, 0x00, 0x06, 0x18, 
	0x05, 0x05, 0x09, 0x00, 0x00, 0x06, 0x18, 0x05, 
	0x01, 0x09, 0x08, 0x00, 0x16, 0x05, 0x05, 0x09, 
	0x04, 0x00, 0x18, 0x05, 0x01, 0x09, 0x04, 0x00, 
	0x01, 0x05, 0x01, 0x09, 0x04, 0x00, 0x16, 0x05, 
	0x05, 0x09, 0x04, 0x00, 0x18, 0x05, 0x01, 0x09, 
	0x0c, 0x00, 0x01, 0x05, 0x01, 0x00, 0x05, 0x02, 
	0x4c, 0x10, 0x01, 0x00, 0x06, 0x03, 0xb1, 0x7f, 
	0x01, 0x05, 0x01, 0x09, 0x00, 0x00, 0x1a, 0x05, 
	0x05, 0x09, 0x00, 0x00, 0x06, 0x14, 0x05, 0x01, 
	0x09, 0x08, 0x00, 0x03, 0x49, 0x01, 0x05, 0x03, 
	0x09, 0x04, 0x00, 0x51, 0x05, 0x1a, 0x09, 0x08, 
	0x00, 0x03, 0x46, 0x01, 0x05, 0x03, 0x09, 0x0c, 
	0x00, 0x4e, 0x05, 0x01, 0x09, 0x04, 0x00, 0x1a, 
	0x05, 0x1a, 0x09, 0x04, 0x00, 0x06, 0x18, 0x05, 
	0x05, 0x09, 0x00, 0x00, 0x03, 0x43, 0x01, 0x05, 
	0x01, 0x09, 0x00, 0x00, 0x19, 0x05, 0x03, 0x09, 
	0x04, 0x00, 0x06, 0x01, 0x05, 0x03, 0x09, 0x00, 
	0x00, 0x06, 0x53, 0x05, 0x05, 0x09, 0x00, 0x00, 
	0x03, 0x48, 0x01, 0x05, 0x01, 0x09, 0x00, 0x00, 
	0x22, 0x05, 0x03, 0x09, 0x10, 0x00, 0x06, 0x01, 
	0x05, 0x03, 0x09, 0x00, 0x00, 0x06, 0x45, 0x05, 
	0x05, 0x09, 0x00, 0x00, 0x03, 0x57, 0x01, 0x05, 
	0x01, 0x09, 0x00, 0x00, 0x1b, 0x05, 0x03, 0x09, 
	0x04, 0x00, 0x06, 0x3e, 0x05, 0x01, 0x09, 0x08, 
	0x00, 0x03, 0x59, 0x01, 0x05, 0x03, 0x09, 0x04, 
	0x00, 0x3e, 0x05, 0x01, 0x09, 0x00, 0x00, 0x03, 
	0x59, 0x01, 0x05, 0x03, 0x09, 0x04, 0x00, 0x3e, 
	0x05, 0x01, 0x09, 0x04, 0x00, 0x03, 0x59, 0x01, 
	0x05, 0x03, 0x09, 0x04, 0x00, 0x06, 0xb9, 0x05, 
	0x01, 0x00, 0x05, 0x02, 0xac, 0x10, 0x01, 0x00, 
	0x03, 0x8d, 0x7f, 0x01, 0x05, 0x01, 0x09, 0x00, 
	0x00, 0x18, 0x05, 0x03, 0x09, 0x00, 0x00, 0x18, 
	0x05, 0x03, 0x09, 0x00, 0x00, 0x18, 0x05, 0x03, 
	0x09, 0x00, 0x00, 0x19, 0x05, 0x03, 0x09, 0x00, 
	0x00, 0x18, 0x05, 0x03, 0x09, 0x00, 0x00, 0x03, 
	0x6a, 0x01, 0x05, 0x01, 0x09, 0x00, 0x00, 0x19, 
	0x05, 0x03, 0x09, 0x00, 0x00, 0x06, 0x01, 0x05, 
	0x1c, 0x09, 0x00, 0x00, 0x01, 0x05, 0x06, 0x09, 
	0x04, 0x00, 0x25, 0x05, 0x01, 0x09, 0x14, 0x00, 
	0x01, 0x05, 0x01, 0x09, 0x04, 0x00, 0x03, 0x72, 
	0x01, 0x05, 0x06, 0x09, 0x08, 0x00, 0x01, 0x05, 
	0x06, 0x09, 0x00, 0x00, 0x25, 0x05, 0x01, 0x09, 
	0x04, 0x00, 0x06, 0x21, 0x05, 0x07, 0x09, 0x00, 
	0x00, 0x06, 0x01, 0x05, 0x0f, 0x09, 0x04, 0x00, 
	0x01, 0x05, 0x1d, 0x09, 0x04, 0x00, 0x00, 0x02, 
	0x04, 0x01, 0x06, 0x01, 0x05, 0x2e, 0x09, 0x04, 
	0x00, 0x06, 0x01, 0x05, 0x2e, 0x09, 0x04, 0x00, 
	0x00, 0x02, 0x04, 0x00, 0x06, 0x1a, 0x05, 0x07, 
	0x09, 0x00, 0x00, 0x06, 0x01, 0x05, 0x0c, 0x09, 
	0x04, 0x00, 0x01, 0x05, 0x0a, 0x09, 0x04, 0x00, 
	0x06, 0x03, 0x4d, 0x01, 0x05, 0x01, 0x09, 0x00, 
	0x00, 0x19, 0x05, 0x03, 0x09, 0x00, 0x00, 0x19, 
	0x05, 0x03, 0x09, 0x00, 0x00, 0x06, 0x18, 0x05, 
	0x05, 0x09, 0x0c, 0x00, 0x01, 0x05, 0x05, 0x09, 
	0x04, 0x00, 0x06, 0x18, 0x05, 0x03, 0x09, 0x00, 
	0x00, 0x06, 0x01, 0x05, 0x06, 0x09, 0x04, 0x00, 
	0x01, 0x05, 0x06, 0x09, 0x00, 0x00, 0x00, 0x02, 
	0x04, 0x01, 0x45, 0x05, 0x0e, 0x09, 0x04, 0x00, 
	0x00, 0x02, 0x04, 0x00, 0x06, 0x1a, 0x05, 0x03, 
	0x09, 0x00, 0x00, 0x00, 0x02, 0x04, 0x01, 0x01, 
	0x05, 0x1b, 0x09, 0x00, 0x00, 0x00, 0x02, 0x04, 
	0x00, 0x18, 0x05, 0x03, 0x09, 0x00, 0x00, 0x06, 
	0x01, 0x05, 0x13, 0x09, 0x08, 0x00, 0x06, 0x18, 
	0x05, 0x03, 0x09, 0x00, 0x00, 0x06, 0x01, 0x05, 
	0x0a, 0x09, 0x04, 0x00, 0x06, 0x0f, 0x05, 0x02, 
	0x09, 0x00, 0x00, 0x06, 0x01, 0x05, 0x05, 0x09, 
	0x08, 0x00, 0x06, 0x18, 0x05, 0x04, 0x09, 0x00, 
	0x00, 0x21, 0x05, 0x03, 0x09, 0x00, 0x00, 0x18, 
	0x05, 0x03, 0x09, 0x00, 0x00, 0x18, 0x05, 0x03, 
	0x09, 0x00, 0x00, 0x06, 0x16, 0x05, 0x0e, 0x09, 
	0x04, 0x00, 0x01, 0x05, 0x0e, 0x09, 0x04, 0x00, 
	0x18, 0x05, 0x0f, 0x09, 0x04, 0x00, 0x06, 0x19, 
	0x05, 0x03, 0x09, 0x00, 0x00, 0x19, 0x05, 0x03, 
	0x09, 0x00, 0x00, 0x00, 0x02, 0x04, 0x01, 0x01, 
	0x05, 0x1a, 0x09, 0x00, 0x00, 0x00, 0x02, 0x04, 
	0x00, 0x19, 0x05, 0x03, 0x09, 0x00, 0x00, 0x18, 
	0x05, 0x03, 0x09, 0x00, 0x00, 0x18, 0x05, 0x03, 
	0x09, 0x00, 0x00, 0x18, 0x05, 0x03, 0x09, 0x00, 
	0x00, 0x18, 0x05, 0x03, 0x09, 0x00, 0x00, 0x18, 
	0x05, 0x03, 0x09, 0x00, 0x00, 0x06, 0x12, 0x05, 
	0x0a, 0x09, 0x04, 0x00, 0x19, 0x05, 0x0a, 0x09, 
	0x04, 0x00, 0x16, 0x05, 0x0a, 0x09, 0x04, 0x00, 
	0x0f, 0x05, 0x0e, 0x09, 0x04, 0x00, 0x21, 0x05, 
	0x11, 0x09, 0x04, 0x00, 0x18, 0x05, 0x11, 0x09, 
	0x04, 0x00, 0x18, 0x05, 0x10, 0x09, 0x04, 0x00, 
	0x06, 0x18, 0x05, 0x03, 0x09, 0x10, 0x00, 0x19, 
	0x05, 0x03, 0x09, 0x00, 0x00, 0x06, 0x01, 0x05, 
	0x11, 0x09, 0x04, 0x00, 0x06, 0x18, 0x05, 0x03, 
	0x09, 0x00, 0x00, 0x06, 0x01, 0x05, 0x11, 0x09, 
	0x04, 0x00, 0x06, 0x18, 0x05, 0x03, 0x09, 0x00, 
	0x00, 0x06, 0x01, 0x05, 0x11, 0x09, 0x04, 0x00, 
	0x06, 0x18, 0x05, 0x03, 0x09, 0x00, 0x00, 0x06, 
	0x01, 0x05, 0x11, 0x09, 0x04, 0x00, 0x06, 0x19, 
	0x05, 0x03, 0x09, 0x00, 0x00, 0x06, 0x18, 0x05, 
	0x01, 0x09, 0x14, 0x00, 0x01, 0x05, 0x01, 0x09, 
	0x08, 0x00, 0x00, 0x02, 0x04, 0x02, 0x06, 0x03, 
	0x5e, 0x01, 0x05, 0x36, 0x09, 0x04, 0x00, 0x06, 
	0x01, 0x05, 0x36, 0x09, 0x04, 0x00, 0x00, 0x02, 
	0x04, 0x00, 0x06, 0x03, 0x58, 0x01, 0x05, 0x03, 
	0x09, 0x00, 0x00, 0x06, 0x18, 0x05, 0x12, 0x09, 
	0x04, 0x00, 0x16, 0x05, 0x11, 0x09, 0x04, 0x00, 
	0x06, 0x18, 0x05, 0x03, 0x09, 0x00, 0x00, 0x06, 
	0x01, 0x05, 0x12, 0x09, 0x04, 0x00, 0x06, 0x18, 
	0x05, 0x03, 0x09, 0x00, 0x00, 0x06, 0x01, 0x05, 
	0x13, 0x09, 0x04, 0x00, 0x01, 0x05, 0x11, 0x09, 
	0x04, 0x00, 0x06, 0x18, 0x05, 0x03, 0x09, 0x0c, 
	0x00, 0x18, 0x05, 0x03, 0x09, 0x00, 0x00, 0x06, 
	0x01, 0x05, 0x03, 0x09, 0x00, 0x00, 0x00, 0x02, 
	0x04, 0x01, 0x3f, 0x05, 0x0e, 0x09, 0x04, 0x00, 
	0x00, 0x02, 0x04, 0x00, 0x06, 0x11, 0x05, 0x19, 
	0x09, 0x00, 0x00, 0x01, 0x05, 0x03, 0x09, 0x00, 
	0x00, 0x06, 0x01, 0x05, 0x19, 0x09, 0x04, 0x00, 
	0x19, 0x05, 0x19, 0x00, 0x05, 0x02, 0xb0, 0x11, 
	0x01, 0x00, 0x06, 0x54, 0x05, 0x01, 0x09, 0x00, 
	0x00, 0x18, 0x05, 0x03, 0x09, 0x00, 0x00, 0x19, 
	0x05, 0x03, 0x09, 0x00, 0x00, 0x06, 0x01, 0x05, 
	0x06, 0x09, 0x08, 0x00, 0x06, 0x1e, 0x05, 0x03, 
	0x09, 0x00, 0x00, 0x06, 0x01, 0x05, 0x15, 0x09, 
	0x0c, 0x00, 0x06, 0x19, 0x05, 0x03, 0x09, 0x00, 
	0x00, 0x03, 0x9d, 0x7f, 0x01, 0x05, 0x01, 0x09, 
	0x00, 0x00, 0x19, 0x05, 0x03, 0x09, 0x00, 0x00, 
	0x06, 0x01, 0x05, 0x1c, 0x09, 0x00, 0x00, 0x01, 
	0x05, 0x06, 0x09, 0x0c, 0x00, 0x01, 0x05, 0x06, 
	0x09, 0x00, 0x00, 0x7a, 0x05, 0x01, 0x00, 0x05, 
	0x02, 0xd4, 0x11, 0x01, 0x00, 0x06, 0x1f, 0x05, 
	0x01, 0x09, 0x00, 0x00, 0x18, 0x05, 0x03, 0x09, 
	0x00, 0x00, 0x06, 0x18, 0x05, 0x01, 0x09, 0x04, 
	0x00, 0x06, 0x1a, 0x05, 0x01, 0x00, 0x05, 0x02, 
	0xdc, 0x11, 0x01, 0x00, 0x32, 0x05, 0x01, 0x09, 
	0x00, 0x00, 0x18, 0x05, 0x03, 0x09, 0x00, 0x00, 
	0x18, 0x05, 0x03, 0x09, 0x00, 0x00, 0x06, 0x01, 
	0x05, 0x0a, 0x00, 0x05, 0x02, 0xf0, 0x11, 0x01, 
	0x00, 0x06, 0x1c, 0x05, 0x01, 0x09, 0x00, 0x00, 
	0x18, 0x05, 0x03, 0x09, 0x00, 0x00, 0x06, 0x01, 
	0x05, 0x0a, 0x00, 0x05, 0x02, 0x04, 0x12, 0x01, 
	0x00, 0x00, 0x01, 0x01, 0x51, 0x01, 0x00, 0x00, 
	0x05, 0x00, 0x04, 0x00, 0x53, 0x00, 0x00, 0x00, 
	0x01, 0x01, 0x01, 0xf6, 0xf2, 0x0d, 0x00, 0x01, 
	0x01, 0x01, 0x01, 0x00, 0x00, 0x00, 0x01, 0x00, 
	0x00, 0x01, 0x01, 0x01, 0x1f, 0x05, 0xef, 0x00, 
	0x00, 0x00, 0x75, 0x00, 0x00, 0x00, 0x92, 0x06, 
	0x00, 0x00, 0x4d, 0x01, 0x00, 0x00, 0x9d, 0x01, 
	0x00, 0x00, 0x02, 0x01, 0x1f, 0x02, 0x0b, 0x07, 
	0x4a, 0x07, 0x00, 0x00, 0x00, 0x99, 0x07, 0x00, 
	0x00, 0x02, 0xe6, 0x00, 0x00, 0x00, 0x01, 0xdd, 
	0x00, 0x00, 0x00, 0x03, 0x66, 0x00, 0x00, 0x00, 
	0x03, 0x6e, 0x00, 0x00, 0x00, 0x03, 0xea, 0x06, 
	0x00, 0x00, 0x04, 0x00, 0x05, 0x02, 0x04, 0x12, 
	0x01, 0x00, 0x36, 0x05, 0x01, 0x09, 0x00, 0x00, 
	0x18, 0x05, 0x03, 0x09, 0x00, 0x00, 0x18, 0x05, 
	0x03, 0x09, 0x00, 0x00, 0x06, 0x15, 0x05, 0x01, 
	0x09, 0x20, 0x00, 0x01, 0x05, 0x01, 0x09, 0x08, 
	0x00, 0x19, 0x05, 0x0a, 0x09, 0x04, 0x00, 0x23, 
	0x05, 0x0a, 0x09, 0x04, 0x00, 0x00, 0x02, 0x04, 
	0x01, 0x01, 0x05, 0x2e, 0x09, 0x04, 0x00, 0x00, 
	0x02, 0x04, 0x00, 0x06, 0x15, 0x05, 0x03, 0x09, 
	0x00, 0x00, 0x18, 0x05, 0x05, 0x09, 0x00, 0x00, 
	0x06, 0x01, 0x05, 0x0d, 0x09, 0x04, 0x00, 0x01, 
	0x05, 0x1b, 0x09, 0x04, 0x00, 0x00, 0x02, 0x04, 
	0x01, 0x06, 0x01, 0x05, 0x2c, 0x09, 0x04, 0x00, 
	0x06, 0x01, 0x05, 0x2c, 0x09, 0x04, 0x00, 0x00, 
	0x02, 0x04, 0x00, 0x06, 0x1a, 0x05, 0x05, 0x09, 
	0x00, 0x00, 0x06, 0x01, 0x05, 0x07, 0x09, 0x04, 
	0x00, 0x06, 0x18, 0x05, 0x0e, 0x09, 0x04, 0x00, 
	0x19, 0x05, 0x03, 0x09, 0x00, 0x00, 0x06, 0x18, 
	0x05, 0x01, 0x09, 0x0c, 0x00, 0x01, 0x05, 0x01, 
	0x09, 0x04, 0x00, 0x01, 0x05, 0x01, 0x09, 0x0c, 
	0x00, 0x01, 0x05, 0x01, 0x09, 0x04, 0x00, 0x01, 
	0x05, 0x01, 0x09, 0x08, 0x00, 0x06, 0x11, 0x05, 
	0x07, 0x09, 0x00, 0x00, 0x06, 0x01, 0x05, 0x0a, 
	0x09, 0x08, 0x00, 0x00, 0x02, 0x04, 0x01, 0x01, 
	0x05, 0x2e, 0x09, 0x08, 0x00, 0x00, 0x02, 0x04, 
	0x00, 0x18, 0x05, 0x0a, 0x09, 0x08, 0x00, 0x06, 
	0x01, 0x05, 0x02, 0x09, 0x00, 0x00, 0x06, 0x01, 
	0x05, 0x0a, 0x09, 0x08, 0x00, 0x00, 0x02, 0x04, 
	0x01, 0x01, 0x05, 0x06, 0x09, 0x0c, 0x00, 0x00, 
	0x02, 0x04, 0x02, 0x06, 0x15, 0x05, 0x34, 0x00, 
	0x05, 0x02, 0xac, 0x12, 0x01, 0x00, 0x00, 0x01, 
	0x01, 0x73, 0x02, 0x00, 0x00, 0x05, 0x00, 0x04, 
	0x00, 0x58, 0x00, 0x00, 0x00, 0x01, 0x01, 0x01, 
	0xf6, 0xf2, 0x0d, 0x00, 0x01, 0x01, 0x01, 0x01, 
	0x00, 0x00, 0x00, 0x01, 0x00, 0x00, 0x01, 0x01, 
	0x01, 0x1f, 0x05, 0xef, 0x00, 0x00, 0x00, 0x75, 
	0x00, 0x00, 0x00, 0x92, 0x06, 0x00, 0x00, 0x4d, 
	0x01, 0x00, 0x00, 0x9d, 0x01, 0x00, 0x00, 0x02, 
	0x01, 0x1f, 0x02, 0x0b, 0x08, 0xa1, 0x07, 0x00, 
	0x00, 0x00, 0xf0, 0x07, 0x00, 0x00, 0x02, 0xe6, 
	0x00, 0x00, 0x00, 0x01, 0xdd, 0x00, 0x00, 0x00, 
	0x03, 0x66, 0x00, 0x00, 0x00, 0x03, 0x6e, 0x00, 
	0x00, 0x00, 0x03, 0xea, 0x06, 0x00, 0x00, 0x04, 
	0x66, 0x00, 0x00, 0x00, 0x04, 0x00, 0x05, 0x02, 
	0xac, 0x12, 0x01, 0x00, 0x3b, 0x05, 0x01, 0x09, 
	0x00, 0x00, 0x18, 0x05, 0x03, 0x09, 0x00, 0x00, 
	0x18, 0x05, 0x03, 0x09, 0x00, 0x00, 0x1f, 0x05, 
	0x03, 0x09, 0x00, 0x00, 0x06, 0x0d, 0x05, 0x01, 
	0x09, 0x0c, 0x00, 0x21, 0x05, 0x09, 0x09, 0x04, 
	0x00, 0x0d, 0x05, 0x01, 0x09, 0x04, 0x00, 0x21, 
	0x05, 0x09, 0x09, 0x04, 0x00, 0x06, 0x20, 0x05, 
	0x03, 0x09, 0x00, 0x00, 0x06, 0x01, 0x05, 0x06, 
	0x09, 0x04, 0x00, 0x06, 0x18, 0x05, 0x05, 0x09, 
	0x00, 0x00, 0x06, 0x01, 0x05, 0x11, 0x09, 0x0c, 
	0x00, 0x1b, 0x05, 0x01, 0x09, 0x08, 0x00, 0x01, 
	0x05, 0x01, 0x09, 0x08, 0x00, 0x06, 0x15, 0x05, 
	0x05, 0x09, 0x00, 0x00, 0x06, 0x01, 0x05, 0x10, 
	0x09, 0x14, 0x00, 0x06, 0x18, 0x05, 0x03, 0x09, 
	0x00, 0x00, 0x06, 0x01, 0x05, 0x0a, 0x00, 0x05, 
	0x02, 0xfc, 0x12, 0x01, 0x00, 0x06, 0x20, 0x05, 
	0x01, 0x09, 0x00, 0x00, 0x18, 0x05, 0x03, 0x09, 
	0x00, 0x00, 0x06, 0x18, 0x05, 0x01, 0x09, 0x04, 
	0x00, 0x01, 0x05, 0x01, 0x00, 0x05, 0x02, 0x04, 
	0x13, 0x01, 0x00, 0x06, 0x1e, 0x05, 0x01, 0x09, 
	0x00, 0x00, 0x18, 0x05, 0x03, 0x09, 0x00, 0x00, 
	0x18, 0x05, 0x03, 0x09, 0x00, 0x00, 0x1c, 0x05, 
	0x03, 0x09, 0x00, 0x00, 0x06, 0x01, 0x05, 0x06, 
	0x09, 0x04, 0x00, 0x10, 0x05, 0x01, 0x09, 0x18, 
	0x00, 0x1e, 0x05, 0x06, 0x09, 0x04, 0x00, 0x10, 
	0x05, 0x01, 0x09, 0x10, 0x00, 0x1e, 0x05, 0x06, 
	0x09, 0x04, 0x00, 0x06, 0x18, 0x05, 0x05, 0x09, 
	0x04, 0x00, 0x06, 0x01, 0x05, 0x05, 0x09, 0x04, 
	0x00, 0x01, 0x05, 0x05, 0x09, 0x04, 0x00, 0x01, 
	0x05, 0x05, 0x09, 0x04, 0x00, 0x06, 0x18, 0x05, 
	0x03, 0x09, 0x00, 0x00, 0x06, 0x01, 0x05, 0x0e, 
	0x09, 0x10, 0x00, 0x1e, 0x05, 0x07, 0x09, 0x04, 
	0x00, 0x10, 0x05, 0x0e, 0x09, 0x04, 0x00, 0x06, 
	0x1e, 0x05, 0x03, 0x09, 0x00, 0x00, 0x06, 0x1f, 
	0x05, 0x01, 0x09, 0x04, 0x00, 0x01, 0x05, 0x01, 
	0x09, 0x04, 0x00, 0x0f, 0x05, 0x07, 0x09, 0x08, 
	0x00, 0x1f, 0x05, 0x01, 0x09, 0x04, 0x00, 0x01, 
	0x05, 0x01, 0x09, 0x04, 0x00, 0x0f, 0x05, 0x07, 
	0x09, 0x04, 0x00, 0x1f, 0x05, 0x01, 0x09, 0x04, 
	0x00, 0x01, 0x05, 0x01, 0x09, 0x04, 0x00, 0x0f, 
	0x05, 0x07, 0x09, 0x04, 0x00, 0x01, 0x05, 0x07, 
	0x00, 0x05, 0x02, 0x88, 0x13, 0x01, 0x00, 0x06, 
	0x26, 0x05, 0x01, 0x09, 0x00, 0x00, 0x18, 0x05, 
	0x03, 0x09, 0x00, 0x00, 0x18, 0x05, 0x03, 0x09, 
	0x00, 0x00, 0x19, 0x05, 0x03, 0x09, 0x00, 0x00, 
	0x06, 0x13, 0x05, 0x01, 0x09, 0x0c, 0x00, 0x1b, 
	0x05, 0x09, 0x09, 0x04, 0x00, 0x13, 0x05, 0x01, 
	0x09, 0x04, 0x00, 0x1b, 0x05, 0x09, 0x09, 0x04, 
	0x00, 0x06, 0x18, 0x05, 0x03, 0x09, 0x00, 0x00, 
	0x06, 0x01, 0x05, 0x06, 0x09, 0x04, 0x00, 0x18, 
	0x05, 0x07, 0x09, 0x04, 0x00, 0x16, 0x05, 0x06, 
	0x09, 0x04, 0x00, 0x06, 0x18, 0x05, 0x05, 0x09, 
	0x00, 0x00, 0x06, 0x01, 0x05, 0x10, 0x09, 0x10, 
	0x00, 0x1e, 0x05, 0x01, 0x09, 0x08, 0x00, 0x01, 
	0x05, 0x01, 0x09, 0x08, 0x00, 0x06, 0x13, 0x05, 
	0x07, 0x09, 0x00, 0x00, 0x06, 0x01, 0x05, 0x12, 
	0x09, 0x0c, 0x00, 0x06, 0x18, 0x05, 0x07, 0x09, 
	0x00, 0x00, 0x06, 0x01, 0x05, 0x13, 0x09, 0x04, 
	0x00, 0x06, 0x19, 0x05, 0x03, 0x09, 0x00, 0x00, 
	0x06, 0x01, 0x05, 0x0a, 0x00, 0x05, 0x02, 0xe0, 
	0x13, 0x01, 0x00, 0x06, 0x1d, 0x05, 0x01, 0x09, 
	0x00, 0x00, 0x18, 0x05, 0x03, 0x09, 0x00, 0x00, 
	0x19, 0x05, 0x03, 0x09, 0x00, 0x00, 0x06, 0x01, 
	0x05, 0x0a, 0x09, 0x04, 0x00, 0x01, 0x05, 0x0a, 
	0x09, 0x04, 0x00, 0x01, 0x05, 0x0a, 0x00, 0x05, 
	0x02, 0xe8, 0x13, 0x01, 0x00, 0x00, 0x01, 0x01, 
	0xf9, 0x00, 0x00, 0x00, 0x05, 0x00, 0x04, 0x00, 
	0x58, 0x00, 0x00, 0x00, 0x01, 0x01, 0x01, 0xf6, 
	0xf2, 0x0d, 0x00, 0x01, 0x01, 0x01, 0x01, 0x00, 
	0x00, 0x00, 0x01, 0x00, 0x00, 0x01, 0x01, 0x01, 
	0x1f, 0x05, 0xef, 0x00, 0x00, 0x00, 0x75, 0x00, 
	0x00, 0x00, 0x0e, 0x03, 0x00, 0x00, 0x4d, 0x01, 
	0x00, 0x00, 0x9d, 0x01, 0x00, 0x00, 0x02, 0x01, 
	0x1f, 0x02, 0x0b, 0x08, 0xf8, 0x07, 0x00, 0x00, 
	0x00, 0x47, 0x08, 0x00, 0x00, 0x02, 0xe6, 0x00, 
	0x00, 0x00, 0x01, 0xdd, 0x00, 0x00, 0x00, 0x03, 
	0x66, 0x00, 0x00, 0x00, 0x03, 0x6e, 0x00, 0x00, 
	0x00, 0x03, 0x00, 0x00, 0x00, 0x00, 0x03, 0x66, 
	0x00, 0x00, 0x00, 0x04, 0x00, 0x05, 0x02, 0xe8, 
	0x13, 0x01, 0x00, 0x43, 0x05, 0x01, 0x09, 0x00, 
	0x00, 0x18, 0x05, 0x03, 0x09, 0x00, 0x00, 0x19, 
	0x05, 0x03, 0x09, 0x00, 0x00, 0x06, 0x14, 0x05, 
	0x01, 0x09, 0x0c, 0x00, 0x1a, 0x05, 0x09, 0x09, 
	0x00, 0x00, 0x14, 0x05, 0x01, 0x09, 0x08, 0x00, 
	0x01, 0x05, 0x01, 0x09, 0x04, 0x00, 0x1b, 0x05, 
	0x0e, 0x09, 0x04, 0x00, 0x13, 0x05, 0x01, 0x09, 
	0x04, 0x00, 0x1a, 0x05, 0x09, 0x09, 0x04, 0x00, 
	0x06, 0x18, 0x05, 0x03, 0x09, 0x00, 0x00, 0x06, 
	0x01, 0x05, 0x0e, 0x09, 0x04, 0x00, 0x00, 0x02, 
	0x04, 0x01, 0x01, 0x05, 0x06, 0x09, 0x08, 0x00, 
	0x00, 0x02, 0x04, 0x02, 0x01, 0x05, 0x40, 0x09, 
	0x04, 0x00, 0x01, 0x05, 0x37, 0x09, 0x04, 0x00, 
	0x00, 0x02, 0x04, 0x00, 0x06, 0x18, 0x05, 0x05, 
	0x09, 0x00, 0x00, 0x06, 0x01, 0x05, 0x17, 0x09, 
	0x04, 0x00, 0x06, 0x18, 0x05, 0x03, 0x09, 0x00, 
	0x00, 0x06, 0x18, 0x05, 0x01, 0x09, 0x0c, 0x00, 
	0x01, 0x05, 0x01, 0x00, 0x05, 0x02, 0x38, 0x14, 
	0x01, 0x00, 0x00, 0x01, 0x01, 0xf9, 0x00, 0x00, 
	0x00, 0x05, 0x00, 0x04, 0x00, 0x58, 0x00, 0x00, 
	0x00, 0x01, 0x01, 0x01, 0xf6, 0xf2, 0x0d, 0x00, 
	0x01, 0x01, 0x01, 0x01, 0x00, 0x00, 0x00, 0x01, 
	0x00, 0x00, 0x01, 0x01, 0x01, 0x1f, 0x05, 0xef, 
	0x00, 0x00, 0x00, 0x75, 0x00, 0x00, 0x00, 0x0e, 
	0x03, 0x00, 0x00, 0x4d, 0x01, 0x00, 0x00, 0x9d, 
	0x01, 0x00, 0x00, 0x02, 0x01, 0x1f, 0x02, 0x0b, 
	0x08, 0x50, 0x08, 0x00, 0x00, 0x00, 0x9f, 0x08, 
	0x00, 0x00, 0x02, 0xe6, 0x00, 0x00, 0x00, 0x01, 
	0xdd, 0x00, 0x00, 0x00, 0x03, 0x66, 0x00, 0x00, 
	0x00, 0x03, 0x6e, 0x00, 0x00, 0x00, 0x03, 0x00, 
	0x00, 0x00, 0x00, 0x03, 0x66, 0x00, 0x00, 0x00, 
	0x04, 0x00, 0x05, 0x02, 0x38, 0x14, 0x01, 0x00, 
	0x43, 0x05, 0x01, 0x09, 0x00, 0x00, 0x18, 0x05, 
	0x03, 0x09, 0x00, 0x00, 0x19, 0x05, 0x03, 0x09, 
	0x00, 0x00, 0x06, 0x14, 0x05, 0x01, 0x09, 0x0c, 
	0x00, 0x1a, 0x05, 0x09, 0x09, 0x00, 0x00, 0x14, 
	0x05, 0x01, 0x09, 0x08, 0x00, 0x01, 0x05, 0x01, 
	0x09, 0x04, 0x00, 0x1b, 0x05, 0x18, 0x09, 0x04, 
	0x00, 0x13, 0x05, 0x01, 0x09, 0x04, 0x00, 0x1a, 
	0x05, 0x09, 0x09, 0x04, 0x00, 0x06, 0x18, 0x05, 
	0x03, 0x09, 0x00, 0x00, 0x06, 0x01, 0x05, 0x18, 
	0x09, 0x04, 0x00, 0x00, 0x02, 0x04, 0x01, 0x01, 
	0x05, 0x06, 0x09, 0x08, 0x00, 0x00, 0x02, 0x04, 
	0x02, 0x01, 0x05, 0x3d, 0x09, 0x04, 0x00, 0x01, 
	0x05, 0x34, 0x09, 0x04, 0x00, 0x00, 0x02, 0x04, 
	0x00, 0x06, 0x18, 0x05, 0x05, 0x09, 0x00, 0x00, 
	0x06, 0x01, 0x05, 0x17, 0x09, 0x04, 0x00, 0x06, 
	0x18, 0x05, 0x03, 0x09, 0x00, 0x00, 0x06, 0x18, 
	0x05, 0x01, 0x09, 0x0c, 0x00, 0x01, 0x05, 0x01, 
	0x00, 0x05, 0x02, 0x88, 0x14, 0x01, 0x00, 0x00, 
	0x01, 0x01, 0xf9, 0x00, 0x00, 0x00, 0x05, 0x00, 
	0x04, 0x00, 0x58, 0x00, 0x00, 0x00, 0x01, 0x01, 
	0x01, 0xf6, 0xf2, 0x0d, 0x00, 0x01, 0x01, 0x01, 
	0x01, 0x00, 0x00, 0x00, 0x01, 0x00, 0x00, 0x01, 
	0x01, 0x01, 0x1f, 0x05, 0xef, 0x00, 0x00, 0x00, 
	0x75, 0x00, 0x00, 0x00, 0x0e, 0x03, 0x00, 0x00, 
	0x4d, 0x01, 0x00, 0x00, 0x9d, 0x01, 0x00, 0x00, 
	0x02, 0x01, 0x1f, 0x02, 0x0b, 0x08, 0xa7, 0x08, 
	0x00, 0x00, 0x00, 0xf6, 0x08, 0x00, 0x00, 0x02, 
	0xe6, 0x00, 0x00, 0x00, 0x01, 0xdd, 0x00, 0x00, 
	0x00, 0x03, 0x66, 0x00, 0x00, 0x00, 0x03, 0x6e, 
	0x00, 0x00, 0x00, 0x03, 0x00, 0x00, 0x00, 0x00, 
	0x03, 0x66, 0x00, 0x00, 0x00, 0x04, 0x00, 0x05, 
	0x02, 0x88, 0x14, 0x01, 0x00, 0x44, 0x05, 0x01, 
	0x09, 0x00, 0x00, 0x18, 0x05, 0x03, 0x09, 0x00, 
	0x00, 0x18, 0x05, 0x03, 0x09, 0x00, 0x00, 0x19, 
	0x05, 0x03, 0x09, 0x00, 0x00, 0x06, 0x13, 0x05, 
	0x01, 0x09, 0x0c, 0x00, 0x1b, 0x05, 0x09, 0x09, 
	0x00, 0x00, 0x13, 0x05, 0x01, 0x09, 0x04, 0x00, 
	0x1c, 0x05, 0x17, 0x09, 0x04, 0x00, 0x12, 0x05, 
	0x01, 0x09, 0x04, 0x00, 0x1b, 0x05, 0x09, 0x09, 
	0x04, 0x00, 0x06, 0x18, 0x05, 0x03, 0x09, 0x00, 
	0x00, 0x06, 0x01, 0x05, 0x17, 0x09, 0x04, 0x00, 
	0x00, 0x02, 0x04, 0x01, 0x01, 0x05, 0x06, 0x09, 
	0x08, 0x00, 0x00, 0x02, 0x04, 0x02, 0x01, 0x05, 
	0x3e, 0x09, 0x04, 0x00, 0x01, 0x05, 0x35, 0x09, 
	0x04, 0x00, 0x00, 0x02, 0x04, 0x00, 0x06, 0x18, 
	0x05, 0x05, 0x09, 0x00, 0x00, 0x06, 0x01, 0x05, 
	0x17, 0x09, 0x04, 0x00, 0x06, 0x18, 0x05, 0x03, 
	0x09, 0x00, 0x00, 0x06, 0x18, 0x05, 0x01, 0x09, 
	0x0c, 0x00, 0x01, 0x05, 0x01, 0x00, 0x05, 0x02, 
	0xd0, 0x14, 0x01, 0x00, 0x00, 0x01, 0x01, 0x6a, 
	0x00, 0x00, 0x00, 0x05, 0x00, 0x04, 0x00, 0x2e, 
	0x00, 0x00, 0x00, 0x01, 0x01, 0x01, 0xfb, 0x0e, 
	0x0d, 0x00, 0x01, 0x01, 0x01, 0x01, 0x00, 0x00, 
	0x00, 0x01, 0x00, 0x00, 0x01, 0x01, 0x01, 0x1f, 
	0x02, 0xef, 0x00, 0x00, 0x00, 0xfe, 0x08, 0x00, 
	0x00, 0x02, 0x01, 0x1f, 0x02, 0x0f, 0x02, 0x55, 
	0x09, 0x00, 0x00, 0x01, 0x55, 0x09, 0x00, 0x00, 
	0x01, 0x00, 0x05, 0x02, 0xd0, 0x14, 0x01, 0x00, 
	0x03, 0x10, 0x01, 0x03, 0x01, 0x09, 0x04, 0x00, 
	0x01, 0x03, 0x03, 0x09, 0x04, 0x00, 0x01, 0x03, 
	0x01, 0x09, 0x04, 0x00, 0x01, 0x03, 0x01, 0x09, 
	0x04, 0x00, 0x01, 0x03, 0x01, 0x09, 0x04, 0x00, 
	0x01, 0x03, 0x03, 0x09, 0x04, 0x00, 0x01, 0x09, 
	0x04, 0x00, 0x00, 0x01, 0x01, 0x3a, 0x02, 0x00, 
	0x00, 0x05, 0x00, 0x04, 0x00, 0x5d, 0x00, 0x00, 
	0x00, 0x01, 0x01, 0x01, 0xf6, 0xf2, 0x0d, 0x00, 
	0x01, 0x01, 0x01, 0x01, 0x00, 0x00, 0x00, 0x01, 
	0x00, 0x00, 0x01, 0x01, 0x01, 0x1f, 0x05, 0xef, 
	0x00, 0x00, 0x00, 0x75, 0x00, 0x00, 0x00, 0x92, 
	0x06, 0x00, 0x00, 0x4d, 0x01, 0x00, 0x00, 0x9d, 
	0x01, 0x00, 0x00, 0x02, 0x01, 0x1f, 0x02, 0x0b, 
	0x09, 0x5e, 0x09, 0x00, 0x00, 0x00, 0xad, 0x09, 
	0x00, 0x00, 0x02, 0xea, 0x06, 0x00, 0x00, 0x04, 
	0xe6, 0x00, 0x00, 0x00, 0x01, 0xdd, 0x00, 0x00, 
	0x00, 0x03, 0x66, 0x00, 0x00, 0x00, 0x03, 0x6e, 
	0x00, 0x00, 0x00, 0x03, 0x8a, 0x06, 0x00, 0x00, 
	0x02, 0x0c, 0x04, 0x00, 0x00, 0x04, 0x00, 0x05, 
	0x02, 0xec, 0x14, 0x01, 0x00, 0x53, 0x05, 0x01, 
	0x09, 0x00, 0x00, 0x18, 0x05, 0x03, 0x09, 0x00, 
	0x00, 0x19, 0x05, 0x03, 0x09, 0x00, 0x00, 0x06, 
	0x14, 0x05, 0x01, 0x09, 0x14, 0x00, 0x1a, 0x05, 
	0x06, 0x09, 0x04, 0x00, 0x18, 0x05, 0x0c, 0x09, 
	0x04, 0x00, 0x4c, 0x05, 0x01, 0x09, 0x1c, 0x00, 
	0x01, 0x05, 0x01, 0x09, 0x08, 0x00, 0x06, 0x03, 
	0x4d, 0x01, 0x05, 0x03, 0x09, 0x00, 0x00, 0x01, 
	0x05, 0x03, 0x09, 0x00, 0x00, 0x01, 0x05, 0x03, 
	0x09, 0x04, 0x00, 0x00, 0x02, 0x04, 0x01, 0x06, 
	0x01, 0x05, 0x03, 0x09, 0x08, 0x00, 0x00, 0x02, 
	0x04, 0x02, 0x06, 0x01, 0x05, 0x03, 0x09, 0x04, 
	0x00, 0x06, 0x01, 0x05, 0x03, 0x09, 0x00, 0x00, 
	0x00, 0x02, 0x04, 0x00, 0x06, 0x01, 0x05, 0x03, 
	0x09, 0x00, 0x00, 0x1f, 0x05, 0x03, 0x09, 0x00, 
	0x00, 0x18, 0x05, 0x05, 0x09, 0x00, 0x00, 0x19, 
	0x05, 0x03, 0x09, 0x00, 0x00, 0x06, 0x01, 0x05, 
	0x06, 0x09, 0x08, 0x00, 0x04, 0x02, 0x06, 0x03, 
	0xd0, 0x02, 0x01, 0x05, 0x05, 0x09, 0x00, 0x00, 
	0x04, 0x01, 0x03, 0xc0, 0x7d, 0x01, 0x05, 0x03, 
	0x09, 0x00, 0x00, 0x06, 0x01, 0x05, 0x07, 0x09, 
	0x0c, 0x00, 0x19, 0x05, 0x09, 0x09, 0x04, 0x00, 
	0x15, 0x05, 0x07, 0x09, 0x04, 0x00, 0x06, 0x19, 
	0x05, 0x03, 0x09, 0x00, 0x00, 0x06, 0x01, 0x05, 
	0x06, 0x09, 0x04, 0x00, 0x00, 0x02, 0x04, 0x01, 
	0x01, 0x05, 0x1d, 0x09, 0x08, 0x00, 0x01, 0x05, 
	0x1d, 0x09, 0x04, 0x00, 0x00, 0x02, 0x04, 0x02, 
	0x01, 0x05, 0x1a, 0x09, 0x04, 0x00, 0x00, 0x02, 
	0x04, 0x00, 0x18, 0x05, 0x07, 0x09, 0x04, 0x00, 
	0x06, 0x18, 0x05, 0x03, 0x09, 0x00, 0x00, 0x06, 
	0x01, 0x05, 0x06, 0x09, 0x0c, 0x00, 0x06, 0x18, 
	0x05, 0x05, 0x09, 0x0c, 0x00, 0x18, 0x05, 0x03, 
	0x09, 0x00, 0x00, 0x06, 0x01, 0x05, 0x07, 0x09, 
	0x04, 0x00, 0x01, 0x05, 0x06, 0x09, 0x04, 0x00, 
	0x06, 0x18, 0x05, 0x05, 0x09, 0x08, 0x00, 0x00, 
	0x02, 0x04, 0x01, 0x01, 0x05, 0x05, 0x09, 0x08, 
	0x00, 0x00, 0x02, 0x04, 0x04, 0x01, 0x05, 0x05, 
	0x09, 0x04, 0x00, 0x00, 0x02, 0x04, 0x00, 0x01, 
	0x05, 0x16, 0x09, 0x00, 0x00, 0x18, 0x05, 0x03, 
	0x09, 0x00, 0x00, 0x06, 0x01, 0x05, 0x07, 0x09, 
	0x04, 0x00, 0x01, 0x05, 0x06, 0x09, 0x04, 0x00, 
	0x06, 0x18, 0x05, 0x05, 0x09, 0x08, 0x00, 0x00, 
	0x02, 0x04, 0x01, 0x01, 0x05, 0x05, 0x09, 0x04, 
	0x00, 0x00, 0x02, 0x04, 0x00, 0x01, 0x05, 0x16, 
	0x09, 0x00, 0x00, 0x18, 0x05, 0x03, 0x09, 0x04, 
	0x00, 0x18, 0x05, 0x03, 0x09, 0x00, 0x00, 0x06, 
	0x01, 0x05, 0x0e, 0x09, 0x04, 0x00, 0x06, 0x18, 
	0x05, 0x03, 0x09, 0x00, 0x00, 0x18, 0x05, 0x05, 
	0x09, 0x00, 0x00, 0x19, 0x05, 0x03, 0x09, 0x00, 
	0x00, 0x1a, 0x05, 0x03, 0x09, 0x04, 0x00, 0x1c, 
	0x05, 0x03, 0x09, 0x00, 0x00, 0x06, 0x01, 0x05, 
	0x03, 0x00, 0x05, 0x02, 0xc8, 0x15, 0x01, 0x00, 
	0x06, 0x1e, 0x05, 0x01, 0x09, 0x00, 0x00, 0x18, 
	0x05, 0x03, 0x09, 0x00, 0x00, 0x06, 0x01, 0x05, 
	0x0a, 0x09, 0x00, 0x00, 0x16, 0x05, 0x01, 0x09, 
	0x04, 0x00, 0x18, 0x05, 0x0a, 0x09, 0x04, 0x00, 
	0x01, 0x05, 0x0a, 0x09, 0x04, 0x00, 0x01, 0x05, 
	0x0a, 0x00, 0x05, 0x02, 0xd4, 0x15, 0x01, 0x00, 
	0x00, 0x01, 0x01, 0xb2, 0x04, 0x00, 0x00, 0x05, 
	0x00, 0x04, 0x00, 0x5d, 0x00, 0x00, 0x00, 0x01, 
	0x01, 0x01, 0xf6, 0xf2, 0x0d, 0x00, 0x01, 0x01, 
	0x01, 0x01, 0x00, 0x00, 0x00, 0x01, 0x00, 0x00, 
	0x01, 0x01, 0x01, 0x1f, 0x05, 0xef, 0x00, 0x00, 
	0x00, 0x75, 0x00, 0x00, 0x00, 0x92, 0x06, 0x00, 
	0x00, 0x4d, 0x01, 0x00, 0x00, 0x9d, 0x01, 0x00, 
	0x00, 0x02, 0x01, 0x1f, 0x02, 0x0b, 0x09, 0xb6, 
	0x09, 0x00, 0x00, 0x00, 0x05, 0x0a, 0x00, 0x00, 
	0x02, 0xe6, 0x00, 0x00, 0x00, 0x01, 0xdd, 0x00, 
	0x00, 0x00, 0x03, 0x66, 0x00, 0x00, 0x00, 0x03, 
	0x6e, 0x00, 0x00, 0x00, 0x03, 0xea, 0x06, 0x00, 
	0x00, 0x04, 0x8a, 0x06, 0x00, 0x00, 0x02, 0x0c, 
	0x04, 0x00, 0x00, 0x04, 0x00, 0x05, 0x02, 0xd4, 
	0x15, 0x01, 0x00, 0x7f, 0x05, 0x01, 0x09, 0x00, 
	0x00, 0x18, 0x05, 0x03, 0x09, 0x00, 0x00, 0x18, 
	0x05, 0x03, 0x09, 0x00, 0x00, 0x18, 0x05, 0x03, 
	0x09, 0x00, 0x00, 0x18, 0x05, 0x03, 0x09, 0x00, 
	0x00, 0x19, 0x05, 0x03, 0x09, 0x00, 0x00, 0x06, 
	0x01, 0x05, 0x09, 0x09, 0x04, 0x00, 0x06, 0x18, 
	0x05, 0x03, 0x09, 0x00, 0x00, 0x06, 0x10, 0x05, 
	0x01, 0x09, 0x14, 0x00, 0x1e, 0x05, 0x06, 0x09, 
	0x04, 0x00, 0x10, 0x05, 0x01, 0x09, 0x08, 0x00, 
	0x1e, 0x05, 0x06, 0x09, 0x04, 0x00, 0x06, 0x1d, 
	0x05, 0x07, 0x09, 0x00, 0x00, 0x06, 0x01, 0x05, 
	0x12, 0x09, 0x10, 0x00, 0x06, 0x21, 0x05, 0x07, 
	0x09, 0x00, 0x00, 0x06, 0x01, 0x05, 0x0a, 0x09, 
	0x08, 0x00, 0x00, 0x02, 0x04, 0x02, 0x01, 0x05, 
	0x17, 0x09, 0x08, 0x00, 0x00, 0x02, 0x04, 0x03, 
	0x01, 0x05, 0x2c, 0x09, 0x04, 0x00, 0x01, 0x05, 
	0x27, 0x09, 0x04, 0x00, 0x00, 0x02, 0x04, 0x00, 
	0x06, 0x19, 0x05, 0x04, 0x09, 0x00, 0x00, 0x1b, 
	0x05, 0x04, 0x09, 0x00, 0x00, 0x1d, 0x05, 0x04, 
	0x09, 0x00, 0x00, 0x06, 0x01, 0x05, 0x0e, 0x09, 
	0x04, 0x00, 0x06, 0x18, 0x05, 0x04, 0x09, 0x00, 
	0x00, 0x06, 0x19, 0x05, 0x07, 0x09, 0x04, 0x00, 
	0x15, 0x05, 0x16, 0x09, 0x04, 0x00, 0x06, 0x19, 
	0x05, 0x04, 0x09, 0x00, 0x00, 0x06, 0x01, 0x05, 
	0x07, 0x09, 0x04, 0x00, 0x06, 0x18, 0x05, 0x06, 
	0x09, 0x00, 0x00, 0x06, 0x01, 0x05, 0x0d, 0x09, 
	0x04, 0x00, 0x06, 0x2f, 0x05, 0x0b, 0x09, 0x00, 
	0x00, 0x06, 0x01, 0x05, 0x0e, 0x09, 0x0c, 0x00, 
	0x06, 0x1b, 0x05, 0x0f, 0x09, 0x00, 0x00, 0x06, 
	0x01, 0x05, 0x16, 0x09, 0x08, 0x00, 0x06, 0x18, 
	0x05, 0x0f, 0x09, 0x00, 0x00, 0x06, 0x01, 0x05, 
	0x12, 0x09, 0x08, 0x00, 0x06, 0x18, 0x05, 0x11, 
	0x09, 0x00, 0x00, 0x06, 0x01, 0x05, 0x18, 0x09, 
	0x08, 0x00, 0x06, 0x1f, 0x05, 0x06, 0x09, 0x00, 
	0x00, 0x06, 0x01, 0x05, 0x0f, 0x09, 0x14, 0x00, 
	0x06, 0x18, 0x05, 0x04, 0x09, 0x00, 0x00, 0x06, 
	0x01, 0x05, 0x07, 0x09, 0x04, 0x00, 0x29, 0x05, 
	0x0a, 0x09, 0x04, 0x00, 0x03, 0x6e, 0x01, 0x05, 
	0x07, 0x09, 0x24, 0x00, 0x06, 0x1d, 0x05, 0x08, 
	0x09, 0x00, 0x00, 0x06, 0x01, 0x05, 0x13, 0x09, 
	0x10, 0x00, 0x06, 0x19, 0x05, 0x08, 0x09, 0x00, 
	0x00, 0x06, 0x18, 0x05, 0x0f, 0x09, 0x04, 0x00, 
	0x16, 0x05, 0x0f, 0x09, 0x04, 0x00, 0x06, 0x18, 
	0x05, 0x08, 0x09, 0x00, 0x00, 0x06, 0x01, 0x05, 
	0x0f, 0x09, 0x04, 0x00, 0x06, 0x18, 0x05, 0x08, 
	0x09, 0x00, 0x00, 0x06, 0x01, 0x05, 0x0b, 0x09, 
	0x08, 0x00, 0x00, 0x02, 0x04, 0x01, 0x01, 0x05, 
	0x22, 0x09, 0x08, 0x00, 0x00, 0x02, 0x04, 0x02, 
	0x01, 0x05, 0x33, 0x09, 0x08, 0x00, 0x00, 0x02, 
	0x04, 0x00, 0x06, 0x18, 0x05, 0x03, 0x09, 0x00, 
	0x00, 0x06, 0x01, 0x05, 0x0f, 0x09, 0x04, 0x00, 
	0x06, 0x18, 0x05, 0x08, 0x09, 0x00, 0x00, 0x06, 
	0x18, 0x05, 0x0c, 0x09, 0x04, 0x00, 0x16, 0x05, 
	0x1a, 0x09, 0x04, 0x00, 0x06, 0x18, 0x05, 0x08, 
	0x09, 0x00, 0x00, 0x06, 0x01, 0x05, 0x0b, 0x09, 
	0x04, 0x00, 0x06, 0x18, 0x05, 0x03, 0x09, 0x08, 
	0x00, 0x00, 0x02, 0x04, 0x01, 0x01, 0x05, 0x03, 
	0x09, 0x04, 0x00, 0x06, 0x01, 0x05, 0x03, 0x09, 
	0x04, 0x00, 0x00, 0x02, 0x04, 0x04, 0x06, 0x01, 
	0x05, 0x03, 0x09, 0x08, 0x00, 0x00, 0x02, 0x04, 
	0x00, 0x03, 0x55, 0x01, 0x05, 0x03, 0x09, 0x00, 
	0x00, 0x06, 0x01, 0x05, 0x0c, 0x09, 0x14, 0x00, 
	0x18, 0x05, 0x0b, 0x09, 0x04, 0x00, 0x16, 0x05, 
	0x0c, 0x09, 0x04, 0x00, 0x06, 0x18, 0x05, 0x08, 
	0x09, 0x00, 0x00, 0x06, 0x01, 0x05, 0x0b, 0x09, 
	0x04, 0x00, 0x00, 0x02, 0x04, 0x01, 0x01, 0x05, 
	0x1d, 0x09, 0x04, 0x00, 0x01, 0x05, 0x1a, 0x09, 
	0x04, 0x00, 0x00, 0x02, 0x04, 0x00, 0x06, 0x19, 
	0x05, 0x05, 0x09, 0x00, 0x00, 0x18, 0x05, 0x05, 
	0x09, 0x00, 0x00, 0x06, 0x01, 0x05, 0x08, 0x09, 
	0x04, 0x00, 0x00, 0x02, 0x04, 0x01, 0x01, 0x05, 
	0x25, 0x09, 0x0c, 0x00, 0x00, 0x02, 0x04, 0x00, 
	0x06, 0x19, 0x05, 0x09, 0x09, 0x00, 0x00, 0x18, 
	0x05, 0x09, 0x09, 0x00, 0x00, 0x06, 0x01, 0x05, 
	0x1b, 0x09, 0x04, 0x00, 0x01, 0x05, 0x1b, 0x09, 
	0x00, 0x00, 0x43, 0x05, 0x0e, 0x09, 0x08, 0x00, 
	0x06, 0x19, 0x05, 0x03, 0x09, 0x00, 0x00, 0x06, 
	0x01, 0x05, 0x0a, 0x09, 0x04, 0x00, 0x01, 0x05, 
	0x06, 0x09, 0x04, 0x00, 0x06, 0x1c, 0x05, 0x03, 
	0x09, 0x00, 0x00, 0x06, 0x01, 0x05, 0x05, 0x09, 
	0x04, 0x00, 0x1f, 0x05, 0x2a, 0x09, 0x04, 0x00, 
	0x16, 0x05, 0x0a, 0x09, 0x04, 0x00, 0x10, 0x05, 
	0x05, 0x09, 0x04, 0x00, 0x06, 0x1e, 0x05, 0x03, 
	0x09, 0x00, 0x00, 0x18, 0x05, 0x03, 0x09, 0x00, 
	0x00, 0x00, 0x02, 0x04, 0x02, 0x06, 0x01, 0x05, 
	0x2a, 0x09, 0x04, 0x00, 0x00, 0x02, 0x04, 0x00, 
	0x01, 0x05, 0x2a, 0x09, 0x04, 0x00, 0x00, 0x02, 
	0x04, 0x01, 0x01, 0x05, 0x2a, 0x09, 0x04, 0x00, 
	0x00, 0x02, 0x04, 0x04, 0x01, 0x05, 0x0a, 0x09, 
	0x04, 0x00, 0x00, 0x02, 0x04, 0x00, 0x06, 0x19, 
	0x05, 0x03, 0x09, 0x00, 0x00, 0x01, 0x05, 0x0c, 
	0x09, 0x04, 0x00, 0x19, 0x05, 0x07, 0x09, 0x00, 
	0x00, 0x06, 0x01, 0x05, 0x0b, 0x09, 0x18, 0x00, 
	0x06, 0x18, 0x05, 0x07, 0x09, 0x00, 0x00, 0x06, 
	0x01, 0x05, 0x0a, 0x09, 0x08, 0x00, 0x06, 0x03, 
	0x43, 0x01, 0x05, 0x07, 0x09, 0x00, 0x00, 0x06, 
	0x01, 0x05, 0x12, 0x09, 0x04, 0x00, 0x01, 0x05, 
	0x12, 0x09, 0x08, 0x00, 0x10, 0x05, 0x09, 0x09, 
	0x04, 0x00, 0x01, 0x05, 0x09, 0x09, 0x00, 0x00, 
	0x64, 0x05, 0x01, 0x09, 0x08, 0x00, 0x01, 0x05, 
	0x01, 0x09, 0x04, 0x00, 0x01, 0x05, 0x01, 0x09, 
	0x0c, 0x00, 0x06, 0x13, 0x05, 0x07, 0x09, 0x00, 
	0x00, 0x06, 0x01, 0x05, 0x09, 0x09, 0x04, 0x00, 
	0x06, 0x18, 0x05, 0x07, 0x09, 0x00, 0x00, 0x06, 
	0x01, 0x05, 0x09, 0x09, 0x04, 0x00, 0x01, 0x05, 
	0x09, 0x00, 0x05, 0x02, 0xbc, 0x17, 0x01, 0x00, 
	0x06, 0x2d, 0x05, 0x01, 0x09, 0x00, 0x00, 0x18, 
	0x05, 0x03, 0x09, 0x00, 0x00, 0x29, 0x05, 0x03, 
	0x09, 0x00, 0x00, 0x01, 0x05, 0x03, 0x09, 0x00, 
	0x00, 0x01, 0x05, 0x03, 0x09, 0x00, 0x00, 0x06, 
	0x03, 0x6d, 0x01, 0x05, 0x01, 0x09, 0x0c, 0x00, 
	0x01, 0x05, 0x01, 0x09, 0x04, 0x00, 0x2a, 0x05, 
	0x03, 0x09, 0x04, 0x00, 0x00, 0x02, 0x04, 0x01, 
	0x01, 0x05, 0x03, 0x09, 0x0c, 0x00, 0x00, 0x02, 
	0x04, 0x02, 0x06, 0x01, 0x05, 0x03, 0x09, 0x04, 
	0x00, 0x06, 0x01, 0x05, 0x03, 0x09, 0x04, 0x00, 
	0x01, 0x05, 0x03, 0x09, 0x00, 0x00, 0x00, 0x02, 
	0x04, 0x00, 0x06, 0x01, 0x05, 0x03, 0x09, 0x00, 
	0x00, 0x19, 0x05, 0x03, 0x09, 0x00, 0x00, 0x06, 
	0x01, 0x05, 0x06, 0x09, 0x08, 0x00, 0x06, 0x1a, 
	0x05, 0x03, 0x09, 0x00, 0x00, 0x01, 0x05, 0x03, 
	0x09, 0x00, 0x00, 0x18, 0x05, 0x03, 0x09, 0x00, 
	0x00, 0x06, 0x01, 0x05, 0x09, 0x09, 0x04, 0x00, 
	0x1a, 0x05, 0x01, 0x09, 0x04, 0x00, 0x01, 0x05, 
	0x01, 0x09, 0x08, 0x00, 0x14, 0x05, 0x09, 0x09, 
	0x04, 0x00, 0x1a, 0x05, 0x01, 0x09, 0x08, 0x00, 
	0x01, 0x05, 0x01, 0x00, 0x05, 0x02, 0x14, 0x18, 
	0x01, 0x00, 0x06, 0x1d, 0x05, 0x01, 0x09, 0x00, 
	0x00, 0x18, 0x05, 0x03, 0x09, 0x00, 0x00, 0x06, 
	0x16, 0x05, 0x01, 0x09, 0x04, 0x00, 0x18, 0x05, 
	0x06, 0x09, 0x04, 0x00, 0x06, 0x18, 0x05, 0x05, 
	0x09, 0x00, 0x00, 0x06, 0x01, 0x05, 0x0c, 0x09, 
	0x08, 0x00, 0x01, 0x05, 0x0c, 0x09, 0x10, 0x00, 
	0x06, 0x19, 0x05, 0x03, 0x09, 0x00, 0x00, 0x06, 
	0x01, 0x05, 0x0a, 0x09, 0x04, 0x00, 0x01, 0x05, 
	0x0a, 0x09, 0x04, 0x00, 0x01, 0x05, 0x0a, 0x00, 
	0x05, 0x02, 0x3c, 0x18, 0x01, 0x00, 0x00, 0x01, 
	0x01, 0x1d, 0x01, 0x00, 0x00, 0x05, 0x00, 0x04, 
	0x00, 0x3c, 0x00, 0x00, 0x00, 0x01, 0x01, 0x01, 
	0xf6, 0xf2, 0x0d, 0x00, 0x01, 0x01, 0x01, 0x01, 
	0x00, 0x00, 0x00, 0x01, 0x00, 0x00, 0x01, 0x01, 
	0x01, 0x1f, 0x03, 0x29, 0x0a, 0x00, 0x00, 0xe1, 
	0x0a, 0x00, 0x00, 0x4d, 0x01, 0x00, 0x00, 0x02, 
	0x01, 0x1f, 0x02, 0x0b, 0x04, 0x89, 0x0a, 0x00, 
	0x00, 0x00, 0xd5, 0x0a, 0x00, 0x00, 0x01, 0x0e, 
	0x0a, 0x00, 0x00, 0x01, 0x21, 0x0a, 0x00, 0x00, 
	0x02, 0x00, 0x05, 0x02, 0x3c, 0x18, 0x01, 0x00, 
	0x1d, 0x05, 0x01, 0x09, 0x00, 0x00, 0x18, 0x05, 
	0x03, 0x09, 0x00, 0x00, 0x04, 0x02, 0x51, 0x05, 
	0x01, 0x09, 0x00, 0x00, 0x19, 0x05, 0x03, 0x09, 
	0x00, 0x00, 0x03, 0x55, 0x01, 0x05, 0x01, 0x09, 
	0x00, 0x00, 0x1c, 0x05, 0x03, 0x09, 0x00, 0x00, 
	0x04, 0x01, 0x06, 0x03, 0x69, 0x01, 0x05, 0x01, 
	0x09, 0x0c, 0x00, 0x04, 0x02, 0x2e, 0x05, 0x11, 
	0x09, 0x04, 0x00, 0x06, 0x1a, 0x05, 0x03, 0x09, 
	0x00, 0x00, 0x18, 0x05, 0x03, 0x09, 0x00, 0x00, 
	0x18, 0x05, 0x07, 0x09, 0x04, 0x00, 0x18, 0x05, 
	0x07, 0x09, 0x00, 0x00, 0x06, 0x01, 0x05, 0x0e, 
	0x09, 0x04, 0x00, 0x01, 0x05, 0x0e, 0x09, 0x00, 
	0x00, 0x06, 0x39, 0x05, 0x03, 0x09, 0x00, 0x00, 
	0x06, 0x01, 0x05, 0x06, 0x09, 0x04, 0x00, 0x06, 
	0x18, 0x05, 0x05, 0x09, 0x00, 0x00, 0x03, 0x4b, 
	0x01, 0x05, 0x01, 0x09, 0x00, 0x00, 0x19, 0x05, 
	0x03, 0x09, 0x00, 0x00, 0x00, 0x02, 0x04, 0x01, 
	0x06, 0x01, 0x05, 0x0b, 0x09, 0x04, 0x00, 0x00, 
	0x02, 0x04, 0x00, 0x01, 0x05, 0x03, 0x09, 0x04, 
	0x00, 0x00, 0x02, 0x04, 0x01, 0x01, 0x05, 0x09, 
	0x09, 0x04, 0x00, 0x00, 0x02, 0x04, 0x00, 0x06, 
	0x18, 0x05, 0x03, 0x09, 0x00, 0x00, 0x06, 0x01, 
	0x05, 0x03, 0x09, 0x00, 0x00, 0x49, 0x05, 0x0c, 
	0x09, 0x04, 0x00, 0x01, 0x05, 0x0c, 0x09, 0x00, 
	0x00, 0x04, 0x01, 0x03, 0x42, 0x01, 0x05, 0x01, 
	0x00, 0x05, 0x02, 0x7c, 0x18, 0x01, 0x00, 0x00, 
	0x01, 0x01, 0x3f, 0x01, 0x00, 0x00, 0x05, 0x00, 
	0x04, 0x00, 0x46, 0x00, 0x00, 0x00, 0x01, 0x01, 
	0x01, 0xf6, 0xf2, 0x0d, 0x00, 0x01, 0x01, 0x01, 
	0x01, 0x00, 0x00, 0x00, 0x01, 0x00, 0x00, 0x01, 
	0x01, 0x01, 0x1f, 0x03, 0x29, 0x0a, 0x00, 0x00, 
	0xe1, 0x0a, 0x00, 0x00, 0x4d, 0x01, 0x00, 0x00, 
	0x02, 0x01, 0x1f, 0x02, 0x0b, 0x06, 0x2d, 0x0b, 
	0x00, 0x00, 0x00, 0x79, 0x0b, 0x00, 0x00, 0x01, 
	0x0e, 0x0a, 0x00, 0x00, 0x01, 0xdd, 0x00, 0x00, 
	0x00, 0x02, 0xde, 0x00, 0x00, 0x00, 0x02, 0x21, 
	0x0a, 0x00, 0x00, 0x02, 0x00, 0x05, 0x02, 0x7c, 
	0x18, 0x01, 0x00, 0x1e, 0x05, 0x01, 0x09, 0x00, 
	0x00, 0x18, 0x05, 0x03, 0x09, 0x00, 0x00, 0x04, 
	0x02, 0x50, 0x05, 0x01, 0x09, 0x00, 0x00, 0x19, 
	0x05, 0x03, 0x09, 0x00, 0x00, 0x03, 0x55, 0x01, 
	0x05, 0x01, 0x09, 0x00, 0x00, 0x1c, 0x05, 0x03, 
	0x09, 0x00, 0x00, 0x04, 0x01, 0x06, 0x03, 0x6a, 
	0x01, 0x05, 0x01, 0x09, 0x0c, 0x00, 0x04, 0x02, 
	0x2d, 0x05, 0x11, 0x09, 0x04, 0x00, 0x06, 0x1a, 
	0x05, 0x03, 0x09, 0x00, 0x00, 0x18, 0x05, 0x03, 
	0x09, 0x00, 0x00, 0x1b, 0x05, 0x03, 0x09, 0x00, 
	0x00, 0x18, 0x05, 0x03, 0x09, 0x00, 0x00, 0x1b, 
	0x05, 0x03, 0x09, 0x00, 0x00, 0x18, 0x05, 0x03, 
	0x09, 0x00, 0x00, 0x18, 0x05, 0x07, 0x09, 0x04, 
	0x00, 0x18, 0x05, 0x07, 0x09, 0x00, 0x00, 0x06, 
	0x01, 0x05, 0x0e, 0x09, 0x04, 0x00, 0x01, 0x05, 
	0x0e, 0x09, 0x00, 0x00, 0x06, 0x2f, 0x05, 0x03, 
	0x09, 0x00, 0x00, 0x06, 0x01, 0x05, 0x06, 0x09, 
	0x04, 0x00, 0x06, 0x18, 0x05, 0x05, 0x09, 0x00, 
	0x00, 0x03, 0x4b, 0x01, 0x05, 0x01, 0x09, 0x00, 
	0x00, 0x19, 0x05, 0x03, 0x09, 0x00, 0x00, 0x00, 
	0x02, 0x04, 0x01, 0x06, 0x01, 0x05, 0x0b, 0x09, 
	0x04, 0x00, 0x00, 0x02, 0x04, 0x00, 0x01, 0x05, 
	0x03, 0x09, 0x04, 0x00, 0x00, 0x02, 0x04, 0x01, 
	0x01, 0x05, 0x09, 0x09, 0x04, 0x00, 0x00, 0x02, 
	0x04, 0x00, 0x06, 0x18, 0x05, 0x03, 0x09, 0x00, 
	0x00, 0x06, 0x01, 0x05, 0x03, 0x09, 0x00, 0x00, 
	0x49, 0x05, 0x0c, 0x09, 0x04, 0x00, 0x01, 0x05, 
	0x0c, 0x09, 0x00, 0x00, 0x04, 0x01, 0x03, 0x43, 
	0x01, 0x05, 0x01, 0x00, 0x05, 0x02, 0xbc, 0x18, 
	0x01, 0x00, 0x00, 0x01, 0x01, 0x48, 0x01, 0x00, 
	0x00, 0x05, 0x00, 0x04, 0x00, 0x4f, 0x00, 0x00, 
	0x00, 0x01, 0x01, 0x01, 0xf6, 0xf2, 0x0d, 0x00, 
	0x01, 0x01, 0x01, 0x01, 0x00, 0x00, 0x00, 0x01, 
	0x00, 0x00, 0x01, 0x01, 0x01, 0x1f, 0x04, 0x29, 
	0x0a, 0x00, 0x00, 0x75, 0x00, 0x00, 0x00, 0xe1, 
	0x0a, 0x00, 0x00, 0x4d, 0x01, 0x00, 0x00, 0x02, 
	0x01, 0x1f, 0x02, 0x0b, 0x07, 0x85, 0x0b, 0x00, 
	0x00, 0x00, 0xd1, 0x0b, 0x00, 0x00, 0x02, 0x0e, 
	0x0a, 0x00, 0x00, 0x02, 0xe6, 0x00, 0x00, 0x00, 
	0x01, 0xdd, 0x00, 0x00, 0x00, 0x03, 0xde, 0x00, 
	0x00, 0x00, 0x03, 0x21, 0x0a, 0x00, 0x00, 0x03, 
	0x00, 0x05, 0x02, 0xbc, 0x18, 0x01, 0x00, 0x1d, 
	0x05, 0x01, 0x09, 0x00, 0x00, 0x18, 0x05, 0x03, 
	0x09, 0x00, 0x00, 0x04, 0x02, 0x51, 0x05, 0x01, 
	0x09, 0x00, 0x00, 0x19, 0x05, 0x03, 0x09, 0x00, 
	0x00, 0x03, 0x55, 0x01, 0x05, 0x01, 0x09, 0x00, 
	0x00, 0x1c, 0x05, 0x03, 0x09, 0x00, 0x00, 0x04, 
	0x01, 0x06, 0x03, 0x69, 0x01, 0x05, 0x01, 0x09, 
	0x0c, 0x00, 0x04, 0x02, 0x2e, 0x05, 0x11, 0x09, 
	0x04, 0x00, 0x06, 0x1a, 0x05, 0x03, 0x09, 0x00, 
	0x00, 0x18, 0x05, 0x03, 0x09, 0x00, 0x00, 0x1b, 
	0x05, 0x03, 0x09, 0x00, 0x00, 0x18, 0x05, 0x03, 
	0x09, 0x00, 0x00, 0x1b, 0x05, 0x03, 0x09, 0x00, 
	0x00, 0x18, 0x05, 0x03, 0x09, 0x00, 0x00, 0x18, 
	0x05, 0x07, 0x09, 0x04, 0x00, 0x18, 0x05, 0x07, 
	0x09, 0x00, 0x00, 0x06, 0x01, 0x05, 0x0e, 0x09, 
	0x04, 0x00, 0x01, 0x05, 0x0e, 0x09, 0x00, 0x00, 
	0x06, 0x2f, 0x05, 0x03, 0x09, 0x00, 0x00, 0x06, 
	0x01, 0x05, 0x06, 0x09, 0x04, 0x00, 0x06, 0x18, 
	0x05, 0x05, 0x09, 0x00, 0x00, 0x03, 0x4b, 0x01, 
	0x05, 0x01, 0x09, 0x00, 0x00, 0x19, 0x05, 0x03, 
	0x09, 0x00, 0x00, 0x00, 0x02, 0x04, 0x01, 0x06, 
	0x01, 0x05, 0x0b, 0x09, 0x04, 0x00, 0x00, 0x02, 
	0x04, 0x00, 0x01, 0x05, 0x03, 0x09, 0x04, 0x00, 
	0x00, 0x02, 0x04, 0x01, 0x01, 0x05, 0x09, 0x09, 
	0x04, 0x00, 0x00, 0x02, 0x04, 0x00, 0x06, 0x18, 
	0x05, 0x03, 0x09, 0x00, 0x00, 0x06, 0x01, 0x05, 
	0x03, 0x09, 0x00, 0x00, 0x49, 0x05, 0x0c, 0x09, 
	0x04, 0x00, 0x01, 0x05, 0x0c, 0x09, 0x00, 0x00, 
	0x04, 0x01, 0x03, 0x42, 0x01, 0x05, 0x01, 0x00, 
	0x05, 0x02, 0xfc, 0x18, 0x01, 0x00, 0x00, 0x01, 
	0x01, 0xb6, 0x01, 0x00, 0x00, 0x05, 0x00, 0x04, 
	0x00, 0x45, 0x00, 0x00, 0x00, 0x01, 0x01, 0x01, 
	0xf6, 0xf2, 0x0d, 0x00, 0x01, 0x01, 0x01, 0x01, 
	0x00, 0x00, 0x00, 0x01, 0x00, 0x00, 0x01, 0x01, 
	0x01, 0x1f, 0x04, 0x29, 0x0a, 0x00, 0x00, 0x75, 
	0x00, 0x00, 0x00, 0xe1, 0x0a, 0x00, 0x00, 0x4d, 
	0x01, 0x00, 0x00, 0x02, 0x01, 0x1f, 0x02, 0x0b, 
	0x05, 0xdc, 0x0b, 0x00, 0x00, 0x00, 0x28, 0x0c, 
	0x00, 0x00, 0x02, 0x0e, 0x0a, 0x00, 0x00, 0x02, 
	0xe6, 0x00, 0x00, 0x00, 0x01, 0x21, 0x0a, 0x00, 
	0x00, 0x03, 0x00, 0x05, 0x02, 0xfc, 0x18, 0x01, 
	0x00, 0x3d, 0x05, 0x01, 0x09, 0x00, 0x00, 0x18, 
	0x05, 0x03, 0x09, 0x00, 0x00, 0x19, 0x05, 0x03, 
	0x09, 0x00, 0x00, 0x06, 0x01, 0x05, 0x10, 0x09, 
	0x00, 0x00, 0x14, 0x05, 0x01, 0x09, 0x04, 0x00, 
	0x1a, 0x05, 0x10, 0x09, 0x04, 0x00, 0x14, 0x05, 
	0x01, 0x09, 0x08, 0x00, 0x1a, 0x05, 0x06, 0x09, 
	0x04, 0x00, 0x06, 0x19, 0x05, 0x07, 0x09, 0x00, 
	0x00, 0x04, 0x02, 0x03, 0x6d, 0x01, 0x05, 0x01, 
	0x09, 0x00, 0x00, 0x1c, 0x05, 0x03, 0x09, 0x00, 
	0x00, 0x06, 0x01, 0x05, 0x11, 0x09, 0x04, 0x00, 
	0x06, 0x1a, 0x05, 0x03, 0x09, 0x00, 0x00, 0x18, 
	0x05, 0x03, 0x09, 0x00, 0x00, 0x18, 0x05, 0x07, 
	0x09, 0x04, 0x00, 0x18, 0x05, 0x07, 0x09, 0x00, 
	0x00, 0x06, 0x01, 0x05, 0x07, 0x09, 0x00, 0x00, 
	0x04, 0x01, 0x06, 0x20, 0x05, 0x07, 0x09, 0x00, 
	0x00, 0x06, 0x01, 0x05, 0x0a, 0x09, 0x08, 0x00, 
	0x01, 0x05, 0x0a, 0x09, 0x00, 0x00, 0x06, 0x1d, 
	0x05, 0x05, 0x09, 0x00, 0x00, 0x04, 0x02, 0x03, 
	0x5f, 0x01, 0x05, 0x01, 0x09, 0x00, 0x00, 0x19, 
	0x05, 0x03, 0x09, 0x04, 0x00, 0x00, 0x02, 0x04, 
	0x01, 0x06, 0x01, 0x05, 0x09, 0x09, 0x08, 0x00, 
	0x00, 0x02, 0x04, 0x00, 0x06, 0x18, 0x05, 0x03, 
	0x09, 0x00, 0x00, 0x06, 0x01, 0x05, 0x03, 0x09, 
	0x00, 0x00, 0x04, 0x01, 0x00, 0x02, 0x04, 0x01, 
	0x30, 0x05, 0x10, 0x09, 0x04, 0x00, 0x00, 0x02, 
	0x04, 0x00, 0x20, 0x05, 0x01, 0x09, 0x0c, 0x00, 
	0x06, 0x0f, 0x05, 0x07, 0x09, 0x00, 0x00, 0x06, 
	0x01, 0x05, 0x10, 0x09, 0x04, 0x00, 0x01, 0x05, 
	0x10, 0x09, 0x00, 0x00, 0x06, 0x1a, 0x05, 0x03, 
	0x09, 0x00, 0x00, 0x04, 0x02, 0x03, 0x67, 0x01, 
	0x05, 0x01, 0x09, 0x00, 0x00, 0x1c, 0x05, 0x03, 
	0x09, 0x00, 0x00, 0x06, 0x01, 0x05, 0x11, 0x09, 
	0x04, 0x00, 0x06, 0x1a, 0x05, 0x03, 0x09, 0x00, 
	0x00, 0x06, 0x01, 0x05, 0x11, 0x09, 0x04, 0x00, 
	0x06, 0x18, 0x05, 0x03, 0x09, 0x00, 0x00, 0x18, 
	0x05, 0x07, 0x09, 0x04, 0x00, 0x18, 0x05, 0x07, 
	0x09, 0x00, 0x00, 0x06, 0x01, 0x05, 0x07, 0x09, 
	0x00, 0x00, 0x04, 0x01, 0x00, 0x02, 0x04, 0x01, 
	0x25, 0x05, 0x53, 0x09, 0x08, 0x00, 0x01, 0x05, 
	0x06, 0x09, 0x04, 0x00, 0x00, 0x02, 0x04, 0x00, 
	0x06, 0x1a, 0x05, 0x03, 0x09, 0x00, 0x00, 0x06, 
	0x01, 0x05, 0x0c, 0x09, 0x04, 0x00, 0x06, 0x18, 
	0x05, 0x03, 0x09, 0x00, 0x00, 0x06, 0x01, 0x05, 
	0x0a, 0x00, 0x05, 0x02, 0x64, 0x19, 0x01, 0x00, 
	0x00, 0x01, 0x01, 0x48, 0x01, 0x00, 0x00, 0x05, 
	0x00, 0x04, 0x00, 0x4f, 0x00, 0x00, 0x00, 0x01, 
	0x01, 0x01, 0xf6, 0xf2, 0x0d, 0x00, 0x01, 0x01, 
	0x01, 0x01, 0x00, 0x00, 0x00, 0x01, 0x00, 0x00, 
	0x01, 0x01, 0x01, 0x1f, 0x04, 0x29, 0x0a, 0x00, 
	0x00, 0x75, 0x00, 0x00, 0x00, 0xe1, 0x0a, 0x00, 
	0x00, 0x4d, 0x01, 0x00, 0x00, 0x02, 0x01, 0x1f, 
	0x02, 0x0b, 0x07, 0x33, 0x0c, 0x00, 0x00, 0x00, 
	0x7f, 0x0c, 0x00, 0x00, 0x02, 0x0e, 0x0a, 0x00, 
	0x00, 0x02, 0xe6, 0x00, 0x00, 0x00, 0x01, 0xdd, 
	0x00, 0x00, 0x00, 0x03, 0xde, 0x00, 0x00, 0x00, 
	0x03, 0x21, 0x0a, 0x00, 0x00, 0x03, 0x00, 0x05, 
	0x02, 0x64, 0x19, 0x01, 0x00, 0x1e, 0x05, 0x01, 
	0x09, 0x00, 0x00, 0x18, 0x05, 0x03, 0x09, 0x00, 
	0x00, 0x04, 0x02, 0x50, 0x05, 0x01, 0x09, 0x00, 
	0x00, 0x19, 0x05, 0x03, 0x09, 0x00, 0x00, 0x03, 
	0x55, 0x01, 0x05, 0x01, 0x09, 0x00, 0x00, 0x1c, 
	0x05, 0x03, 0x09, 0x00, 0x00, 0x04, 0x01, 0x06, 
	0x03, 0x6a, 0x01, 0x05, 0x01, 0x09, 0x0c, 0x00, 
	0x04, 0x02, 0x2d, 0x05, 0x11, 0x09, 0x04, 0x00, 
	0x06, 0x1a, 0x05, 0x03, 0x09, 0x00, 0x00, 0x18, 
	0x05, 0x03, 0x09, 0x00, 0x00, 0x1b, 0x05, 0x03, 
	0x09, 0x00, 0x00, 0x18, 0x05, 0x03, 0x09, 0x00, 
	0x00, 0x1b, 0x05, 0x03, 0x09, 0x00, 0x00, 0x18, 
	0x05, 0x03, 0x09, 0x00, 0x00, 0x18, 0x05, 0x07, 
	0x09, 0x04, 0x00, 0x18, 0x05, 0x07, 0x09, 0x00, 
	0x00, 0x06, 0x01, 0x05, 0x0e, 0x09, 0x04, 0x00, 
	0x01, 0x05, 0x0e, 0x09, 0x00, 0x00, 0x06, 0x2f, 
	0x05, 0x03, 0x09, 0x00, 0x00, 0x06, 0x01, 0x05, 
	0x06, 0x09, 0x04, 0x00, 0x06, 0x18, 0x05, 0x05, 
	0x09, 0x00, 0x00, 0x03, 0x4b, 0x01, 0x05, 0x01, 
	0x09, 0x00, 0x00, 0x19, 0x05, 0x03, 0x09, 0x00, 
	0x00, 0x00, 0x02, 0x04, 0x01, 0x06, 0x01, 0x05, 
	0x0b, 0x09, 0x04, 0x00, 0x00, 0x02, 0x04, 0x00, 
	0x01, 0x05, 0x03, 0x09, 0x04, 0x00, 0x00, 0x02, 
	0x04, 0x01, 0x01, 0x05, 0x09, 0x09, 0x04, 0x00, 
	0x00, 0x02, 0x04, 0x00, 0x06, 0x18, 0x05, 0x03, 
	0x09, 0x00, 0x00, 0x06, 0x01, 0x05, 0x03, 0x09, 
	0x00, 0x00, 0x49, 0x05, 0x0c, 0x09, 0x04, 0x00, 
	0x01, 0x05, 0x0c, 0x09, 0x00, 0x00, 0x04, 0x01, 
	0x03, 0x43, 0x01, 0x05, 0x01, 0x00, 0x05, 0x02, 
	0xa4, 0x19, 0x01, 0x00, 0x00, 0x01, 0x01, 0x78, 
	0x00, 0x00, 0x00, 0x05, 0x00, 0x04, 0x00, 0x4f, 
	0x00, 0x00, 0x00, 0x01, 0x01, 0x01, 0xf6, 0xf2, 
	0x0d, 0x00, 0x01, 0x01, 0x01, 0x01, 0x00, 0x00, 
	0x00, 0x01, 0x00, 0x00, 0x01, 0x01, 0x01, 0x1f, 
	0x04, 0xef, 0x00, 0x00, 0x00, 0x75, 0x00, 0x00, 
	0x00, 0x8b, 0x0c, 0x00, 0x00, 0x4d, 0x01, 0x00, 
	0x00, 0x02, 0x01, 0x1f, 0x02, 0x0b, 0x07, 0xda, 
	0x0c, 0x00, 0x00, 0x00, 0x29, 0x0d, 0x00, 0x00, 
	0x02, 0xe6, 0x00, 0x00, 0x00, 0x01, 0xdd, 0x00, 
	0x00, 0x00, 0x03, 0x66, 0x00, 0x00, 0x00, 0x03, 
	0x6e, 0x00, 0x00, 0x00, 0x03, 0x21, 0x0a, 0x00, 
	0x00, 0x03, 0x00, 0x05, 0x02, 0xa4, 0x19, 0x01, 
	0x00, 0x26, 0x05, 0x01, 0x09, 0x00, 0x00, 0x18, 
	0x05, 0x03, 0x09, 0x00, 0x00, 0x06, 0x18, 0x05, 
	0x01, 0x00, 0x05, 0x02, 0xac, 0x19, 0x01, 0x00, 
	0x00, 0x01, 0x01, 0x00, 0x0c, 0x00, 0x00, 0x00, 
	0xff, 0xff, 0xff, 0xff, 0x03, 0x00, 0x01, 0x7c, 
	0x01, 0x0c, 0x02, 0x00, 0x0c, 0x00, 0x00, 0x00, 
	0x00, 0x00, 0x00, 0x00, 0x40, 0x03, 0x01, 0x00, 
	0x0c, 0x00, 0x00, 0x00, 0x0c, 0x00, 0x00, 0x00, 
	0xff, 0xff, 0xff, 0xff, 0x03, 0x00, 0x01, 0x7c, 
	0x01, 0x0c, 0x02, 0x00, 0x18, 0x00, 0x00, 0x00, 
	0x20, 0x00, 0x00, 0x00, 0x4c, 0x03, 0x01, 0x00, 
	0x48, 0x00, 0x00, 0x00, 0x44, 0x0e, 0x40, 0x68, 
	0x81, 0x09, 0x54, 0xc1, 0x44, 0x0e, 0x00, 0x00, 
	0x0c, 0x00, 0x00, 0x00, 0xff, 0xff, 0xff, 0xff, 
	0x03, 0x00, 0x01, 0x7c, 0x01, 0x0c, 0x02, 0x00, 
	0x0c, 0x00, 0x00, 0x00, 0x4c, 0x00, 0x00, 0x00, 
	0x94, 0x03, 0x01, 0x00, 0x14, 0x00, 0x00, 0x00, 
	0x0c, 0x00, 0x00, 0x00, 0xff, 0xff, 0xff, 0xff, 
	0x03, 0x00, 0x01, 0x7c, 0x01, 0x0c, 0x02, 0x00, 
	0x20, 0x00, 0x00, 0x00, 0x6c, 0x00, 0x00, 0x00, 
	0xa8, 0x03, 0x01, 0x00, 0x48, 0x00, 0x00, 0x00, 
	0x44, 0x0e, 0x10, 0x48, 0x88, 0x02, 0x89, 0x03, 
	0x4c, 0x81, 0x01, 0x60, 0xc1, 0x44, 0xc8, 0x44, 
	0xc9, 0x44, 0x0e, 0x00, 0x0c, 0x00, 0x00, 0x00, 
	0xff, 0xff, 0xff, 0xff, 0x03, 0x00, 0x01, 0x7c, 
	0x01, 0x0c, 0x02, 0x00, 0x38, 0x00, 0x00, 0x00, 
	0xa0, 0x00, 0x00, 0x00, 0xf0, 0x03, 0x01, 0x00, 
	0xf0, 0x00, 0x00, 0x00, 0x50, 0x0e, 0x20, 0x54, 
	0x88, 0x02, 0x81, 0x01, 0x89, 0x03, 0x92, 0x04, 
	0x93, 0x05, 0x02, 0x94, 0x0a, 0xc8, 0x44, 0xc1, 
	0x44, 0xc9, 0x44, 0xd2, 0x44, 0xd3, 0x44, 0x0e, 
	0x00, 0x44, 0x0b, 0x44, 0xc1, 0x44, 0xc8, 0x44, 
	0xc9, 0x44, 0xd2, 0x44, 0xd3, 0x44, 0x0e, 0x00, 
	0x0c, 0x00, 0x00, 0x00, 0xff, 0xff, 0xff, 0xff, 
	0x03, 0x00, 0x01, 0x7c, 0x01, 0x0c, 0x02, 0x00, 
	0x20, 0x00, 0x00, 0x00, 0xec, 0x00, 0x00, 0x00, 
	0xe0, 0x04, 0x01, 0x00, 0x50, 0x00, 0x00, 0x00, 
	0x44, 0x0e, 0x10, 0x48, 0x88, 0x02, 0x89, 0x03, 
	0x54, 0x81, 0x01, 0x60, 0xc1, 0x44, 0xc8, 0x44, 
	0xc9, 0x44, 0x0e, 0x00, 0x0c, 0x00, 0x00, 0x00, 
	0xff, 0xff, 0xff, 0xff, 0x03, 0x00, 0x01, 0x7c, 
	0x01, 0x0c, 0x02, 0x00, 0x20, 0x00, 0x00, 0x00, 
	0x20, 0x01, 0x00, 0x00, 0x30, 0x05, 0x01, 0x00, 
	0x50, 0x00, 0x00, 0x00, 0x44, 0x0e, 0x10, 0x48, 
	0x88, 0x02, 0x89, 0x03, 0x54, 0x81, 0x01, 0x60, 
	0xc1, 0x44, 0xc8, 0x44, 0xc9, 0x44, 0x0e, 0x00, 
	0x0c, 0x00, 0x00, 0x00, 0xff, 0xff, 0xff, 0xff, 
	0x03, 0x00, 0x01, 0x7c, 0x01, 0x0c, 0x02, 0x00, 
	0x2c, 0x00, 0x00, 0x00, 0x54, 0x01, 0x00, 0x00, 
	0x80, 0x05, 0x01, 0x00, 0x10, 0x01, 0x00, 0x00, 
	0x44, 0x0e, 0x30, 0x44, 0x92, 0x04, 0x58, 0x88, 
	0x02, 0x89, 0x03, 0x93, 0x05, 0x81, 0x01, 0x02, 
	0x4c, 0x0a, 0xc1, 0x44, 0xc8, 0x44, 0xc9, 0x44, 
	0xd2, 0x44, 0xd3, 0x44, 0x0e, 0x00, 0x44, 0x0b, 
	0x2c, 0x00, 0x00, 0x00, 0x54, 0x01, 0x00, 0x00, 
	0x90, 0x06, 0x01, 0x00, 0x54, 0x02, 0x00, 0x00, 
	0x48, 0x0e, 0x10, 0x48, 0x88, 0x02, 0x89, 0x03, 
	0x4c, 0x81, 0x01, 0x02, 0x78, 0x0a, 0xc8, 0x44, 
	0xc1, 0x48, 0xc9, 0x44, 0x0e, 0x00, 0x44, 0x0b, 
	0x03, 0xa8, 0x01, 0x0e, 0x00, 0xc1, 0xc8, 0xc9, 
	0x0c, 0x00, 0x00, 0x00, 0xff, 0xff, 0xff, 0xff, 
	0x03, 0x00, 0x01, 0x7c, 0x01, 0x0c, 0x02, 0x00, 
	0x40, 0x00, 0x00, 0x00, 0xc4, 0x01, 0x00, 0x00, 
	0xe4, 0x08, 0x01, 0x00, 0x48, 0x06, 0x00, 0x00, 
	0x44, 0x0e, 0x40, 0x68, 0x81, 0x01, 0x88, 0x02, 
	0x89, 0x03, 0x92, 0x04, 0x93, 0x05, 0x94, 0x06, 
	0x95, 0x07, 0x96, 0x08, 0x97, 0x09, 0x98, 0x0a, 
	0x64, 0x0a, 0xc1, 0x44, 0xc8, 0x44, 0xc9, 0x44, 
	0xd2, 0x44, 0xd3, 0x44, 0xd4, 0x44, 0xd5, 0x44, 
	0xd6, 0x44, 0xd7, 0x44, 0xd8, 0x44, 0x0e, 0x00, 
	0x44, 0x0b, 0x00, 0x00, 0x0c, 0x00, 0x00, 0x00, 
	0xff, 0xff, 0xff, 0xff, 0x03, 0x00, 0x01, 0x7c, 
	0x01, 0x0c, 0x02, 0x00, 0x0c, 0x00, 0x00, 0x00, 
	0x18, 0x02, 0x00, 0x00, 0x2c, 0x0f, 0x01, 0x00, 
	0x04, 0x00, 0x00, 0x00, 0x0c, 0x00, 0x00, 0x00, 
	0x18, 0x02, 0x00, 0x00, 0x30, 0x0f, 0x01, 0x00, 
	0x04, 0x00, 0x00, 0x00, 0x0c, 0x00, 0x00, 0x00, 
	0xff, 0xff, 0xff, 0xff, 0x03, 0x00, 0x01, 0x7c, 
	0x01, 0x0c, 0x02, 0x00, 0x0c, 0x00, 0x00, 0x00, 
	0x48, 0x02, 0x00, 0x00, 0x34, 0x0f, 0x01, 0x00, 
	0x08, 0x00, 0x00, 0x00, 0x1c, 0x00, 0x00, 0x00, 
	0x48, 0x02, 0x00, 0x00, 0x3c, 0x0f, 0x01, 0x00, 
	0x88, 0x00, 0x00, 0x00, 0x44, 0x0e, 0x10, 0x48, 
	0x88, 0x02, 0x81, 0x01, 0x02, 0x68, 0xc1, 0x4c, 
	0xc8, 0x44, 0x0e, 0x00, 0x0c, 0x00, 0x00, 0x00, 
	0x48, 0x02, 0x00, 0x00, 0xc4, 0x0f, 0x01, 0x00, 
	0x18, 0x00, 0x00, 0x00, 0x2c, 0x00, 0x00, 0x00, 
	0x48, 0x02, 0x00, 0x00, 0xdc, 0x0f, 0x01, 0x00, 
	0x70, 0x00, 0x00, 0x00, 0x44, 0x0e, 0x10, 0x48, 
	0x88, 0x02, 0x48, 0x89, 0x03, 0x81, 0x01, 0x74, 
	0x0a, 0xc8, 0x44, 0xc1, 0x48, 0xc9, 0x44, 0x0e, 
	0x00, 0x44, 0x0b, 0x44, 0xc1, 0x44, 0xc8, 0x44, 
	0xc9, 0x44, 0x0e, 0x00, 0x1c, 0x00, 0x00, 0x00, 
	0x48, 0x02, 0x00, 0x00, 0x4c, 0x10, 0x01, 0x00, 
	0x58, 0x00, 0x00, 0x00, 0x44, 0x0e, 0x10, 0x44, 
	0x88, 0x02, 0x5c, 0x81, 0x01, 0x60, 0xc8, 0x44, 
	0xc1, 0x4c, 0x0e, 0x00, 0x0c, 0x00, 0x00, 0x00, 
	0x48, 0x02, 0x00, 0x00, 0xa4, 0x10, 0x01, 0x00, 
	0x08, 0x00, 0x00, 0x00, 0x28, 0x00, 0x00, 0x00, 
	0x48, 0x02, 0x00, 0x00, 0xac, 0x10, 0x01, 0x00, 
	0x04, 0x01, 0x00, 0x00, 0x48, 0x0e, 0x10, 0x50, 
	0x92, 0x04, 0x81, 0x01, 0x88, 0x02, 0x89, 0x03, 
	0x02, 0xa0, 0x0a, 0xc1, 0x48, 0xc8, 0x44, 0xc9, 
	0x44, 0xd2, 0x44, 0x0e, 0x00, 0x44, 0x0b, 0x00, 
	0x0c, 0x00, 0x00, 0x00, 0x48, 0x02, 0x00, 0x00, 
	0xb0, 0x11, 0x01, 0x00, 0x24, 0x00, 0x00, 0x00, 
	0x0c, 0x00, 0x00, 0x00, 0x48, 0x02, 0x00, 0x00, 
	0xd4, 0x11, 0x01, 0x00, 0x04, 0x00, 0x00, 0x00, 
	0x0c, 0x00, 0x00, 0x00, 0x48, 0x02, 0x00, 0x00, 
	0xd8, 0x11, 0x01, 0x00, 0x04, 0x00, 0x00, 0x00, 
	0x0c, 0x00, 0x00, 0x00, 0x48, 0x02, 0x00, 0x00, 
	0xdc, 0x11, 0x01, 0x00, 0x14, 0x00, 0x00, 0x00, 
	0x0c, 0x00, 0x00, 0x00, 0x48, 0x02, 0x00, 0x00, 
	0xf0, 0x11, 0x01, 0x00, 0x14, 0x00, 0x00, 0x00, 
	0x0c, 0x00, 0x00, 0x00, 0xff, 0xff, 0xff, 0xff, 
	0x03, 0x00, 0x01, 0x7c, 0x01, 0x0c, 0x02, 0x00, 
	0x34, 0x00, 0x00, 0x00, 0x74, 0x03, 0x00, 0x00, 
	0x04, 0x12, 0x01, 0x00, 0xa8, 0x00, 0x00, 0x00, 
	0x44, 0x0e, 0x30, 0x5c, 0x88, 0x02, 0x92, 0x04, 
	0x93, 0x05, 0x94, 0x06, 0x95, 0x07, 0x81, 0x01, 
	0x89, 0x03, 0x70, 0x0a, 0xc1, 0x48, 0xc8, 0x44, 
	0xc9, 0x44, 0xd2, 0x44, 0xd3, 0x44, 0xd4, 0x44, 
	0xd5, 0x44, 0x0e, 0x00, 0x44, 0x0b, 0x00, 0x00, 
	0x0c, 0x00, 0x00, 0x00, 0xff, 0xff, 0xff, 0xff, 
	0x03, 0x00, 0x01, 0x7c, 0x01, 0x0c, 0x02, 0x00, 
	0x20, 0x00, 0x00, 0x00, 0xbc, 0x03, 0x00, 0x00, 
	0xac, 0x12, 0x01, 0x00, 0x50, 0x00, 0x00, 0x00, 
	0x44, 0x0e, 0x10, 0x44, 0x88, 0x02, 0x4c, 0x81, 
	0x01, 0x58, 0x0a, 0xc1, 0x44, 0xc8, 0x44, 0x0e, 
	0x00, 0x44, 0x0b, 0x00, 0x0c, 0x00, 0x00, 0x00, 
	0xbc, 0x03, 0x00, 0x00, 0xfc, 0x12, 0x01, 0x00, 
	0x08, 0x00, 0x00, 0x00, 0x28, 0x00, 0x00, 0x00, 
	0xbc, 0x03, 0x00, 0x00, 0x04, 0x13, 0x01, 0x00, 
	0x84, 0x00, 0x00, 0x00, 0x48, 0x0e, 0x20, 0x54, 
	0x88, 0x02, 0x89, 0x03, 0x92, 0x04, 0x93, 0x05, 
	0x81, 0x01, 0x02, 0x44, 0xc8, 0x44, 0xc1, 0x4c, 
	0xd3, 0x44, 0xd2, 0x48, 0xc9, 0x44, 0x0e, 0x00, 
	0x20, 0x00, 0x00, 0x00, 0xbc, 0x03, 0x00, 0x00, 
	0x88, 0x13, 0x01, 0x00, 0x58, 0x00, 0x00, 0x00, 
	0x44, 0x0e, 0x10, 0x44, 0x88, 0x02, 0x4c, 0x81, 
	0x01, 0x64, 0x0a, 0xc1, 0x44, 0xc8, 0x44, 0x0e, 
	0x00, 0x44, 0x0b, 0x00, 0x0c, 0x00, 0x00, 0x00, 
	0xbc, 0x03, 0x00, 0x00, 0xe0, 0x13, 0x01, 0x00, 
	0x08, 0x00, 0x00, 0x00, 0x0c, 0x00, 0x00, 0x00, 
	0xff, 0xff, 0xff, 0xff, 0x03, 0x00, 0x01, 0x7c, 
	0x01, 0x0c, 0x02, 0x00, 0x20, 0x00, 0x00, 0x00, 
	0x60, 0x04, 0x00, 0x00, 0xe8, 0x13, 0x01, 0x00, 
	0x50, 0x00, 0x00, 0x00, 0x44, 0x0e, 0x10, 0x48, 
	0x88, 0x02, 0x89, 0x03, 0x54, 0x81, 0x01, 0x60, 
	0xc1, 0x44, 0xc8, 0x44, 0xc9, 0x44, 0x0e, 0x00, 
	0x0c, 0x00, 0x00, 0x00, 0xff, 0xff, 0xff, 0xff, 
	0x03, 0x00, 0x01, 0x7c, 0x01, 0x0c, 0x02, 0x00, 
	0x20, 0x00, 0x00, 0x00, 0x94, 0x04, 0x00, 0x00, 
	0x38, 0x14, 0x01, 0x00, 0x50, 0x00, 0x00, 0x00, 
	0x44, 0x0e, 0x10, 0x48, 0x88, 0x02, 0x89, 0x03, 
	0x54, 0x81, 0x01, 0x60, 0xc1, 0x44, 0xc8, 0x44, 
	0xc9, 0x44, 0x0e, 0x00, 0x0c, 0x00, 0x00, 0x00, 
	0xff, 0xff, 0xff, 0xff, 0x03, 0x00, 0x01, 0x7c, 
	0x01, 0x0c, 0x02, 0x00, 0x20, 0x00, 0x00, 0x00, 
	0xc8, 0x04, 0x00, 0x00, 0x88, 0x14, 0x01, 0x00, 
	0x48, 0x00, 0x00, 0x00, 0x44, 0x0e, 0x10, 0x48, 
	0x88, 0x02, 0x89, 0x03, 0x4c, 0x81, 0x01, 0x60, 
	0xc1, 0x44, 0xc8, 0x44, 0xc9, 0x44, 0x0e, 0x00, 
	0x0c, 0x00, 0x00, 0x00, 0xff, 0xff, 0xff, 0xff, 
	0x03, 0x00, 0x01, 0x7c, 0x01, 0x0c, 0x02, 0x00, 
	0x28, 0x00, 0x00, 0x00, 0xfc, 0x04, 0x00, 0x00, 
	0xec, 0x14, 0x01, 0x00, 0xdc, 0x00, 0x00, 0x00, 
	0x44, 0x0e, 0x10, 0x50, 0x81, 0x01, 0x88, 0x02, 
	0x89, 0x03, 0x92, 0x04, 0x4c, 0x0a, 0xc1, 0x44, 
	0xc8, 0x44, 0xc9, 0x48, 0xd2, 0x44, 0x0e, 0x00, 
	0x44, 0x0b, 0x00, 0x00, 0x0c, 0x00, 0x00, 0x00, 
	0xfc, 0x04, 0x00, 0x00, 0xc8, 0x15, 0x01, 0x00, 
	0x0c, 0x00, 0x00, 0x00, 0x0c, 0x00, 0x00, 0x00, 
	0xff, 0xff, 0xff, 0xff, 0x03, 0x00, 0x01, 0x7c, 
	0x01, 0x0c, 0x02, 0x00, 0x28, 0x00, 0x00, 0x00, 
	0x48, 0x05, 0x00, 0x00, 0xd4, 0x15, 0x01, 0x00, 
	0xe8, 0x01, 0x00, 0x00, 0x48, 0x0e, 0x20, 0x50, 
	0x88, 0x02, 0x89, 0x03, 0x81, 0x01, 0x92, 0x04, 
	0x03, 0xb0, 0x01, 0x0a, 0xc1, 0x44, 0xc8, 0x44, 
	0xc9, 0x44, 0xd2, 0x44, 0x0e, 0x00, 0x44, 0x0b, 
	0x28, 0x00, 0x00, 0x00, 0x48, 0x05, 0x00, 0x00, 
	0xbc, 0x17, 0x01, 0x00, 0x58, 0x00, 0x00, 0x00, 
	0x44, 0x0e, 0x20, 0x48, 0x88, 0x02, 0x81, 0x01, 
	0x6c, 0x0a, 0xc8, 0x44, 0xc1, 0x44, 0x0e, 0x00, 
	0x44, 0x0b, 0x44, 0xc1, 0x44, 0xc8, 0x48, 0x0e, 
	0x00, 0x00, 0x00, 0x00, 0x0c, 0x00, 0x00, 0x00, 
	0x48, 0x05, 0x00, 0x00, 0x14, 0x18, 0x01, 0x00, 
	0x28, 0x00, 0x00, 0x00, 0x0c, 0x00, 0x00, 0x00, 
	0xff, 0xff, 0xff, 0xff, 0x03, 0x00, 0x01, 0x7c, 
	0x01, 0x0c, 0x02, 0x00, 0x1c, 0x00, 0x00, 0x00, 
	0xc0, 0x05, 0x00, 0x00, 0x3c, 0x18, 0x01, 0x00, 
	0x40, 0x00, 0x00, 0x00, 0x44, 0x0e, 0x10, 0x48, 
	0x81, 0x01, 0x88, 0x02, 0x64, 0xc1, 0x48, 0xc8, 
	0x44, 0x0e, 0x00, 0x00, 0x0c, 0x00, 0x00, 0x00, 
	0xff, 0xff, 0xff, 0xff, 0x03, 0x00, 0x01, 0x7c, 
	0x01, 0x0c, 0x02, 0x00, 0x1c, 0x00, 0x00, 0x00, 
	0xf0, 0x05, 0x00, 0x00, 0x7c, 0x18, 0x01, 0x00, 
	0x40, 0x00, 0x00, 0x00, 0x44, 0x0e, 0x10, 0x48, 
	0x81, 0x01, 0x88, 0x02, 0x64, 0xc1, 0x48, 0xc8, 
	0x44, 0x0e, 0x00, 0x00, 0x0c, 0x00, 0x00, 0x00, 
	0xff, 0xff, 0xff, 0xff, 0x03, 0x00, 0x01, 0x7c, 
	0x01, 0x0c, 0x02, 0x00, 0x1c, 0x00, 0x00, 0x00, 
	0x20, 0x06, 0x00, 0x00, 0xbc, 0x18, 0x01, 0x00, 
	0x40, 0x00, 0x00, 0x00, 0x44, 0x0e, 0x10, 0x48, 
	0x81, 0x01, 0x88, 0x02, 0x64, 0xc1, 0x48, 0xc8, 
	0x44, 0x0e, 0x00, 0x00, 0x0c, 0x00, 0x00, 0x00, 
	0xff, 0xff, 0xff, 0xff, 0x03, 0x00, 0x01, 0x7c, 
	0x01, 0x0c, 0x02, 0x00, 0x1c, 0x00, 0x00, 0x00, 
	0x50, 0x06, 0x00, 0x00, 0xfc, 0x18, 0x01, 0x00, 
	0x68, 0x00, 0x00, 0x00, 0x4c, 0x0e, 0x10, 0x44, 
	0x81, 0x01, 0x68, 0x0a, 0xc1, 0x44, 0x0e, 0x00, 
	0x44, 0x0b, 0x00, 0x00, 0x0c, 0x00, 0x00, 0x00, 
	0xff, 0xff, 0xff, 0xff, 0x03, 0x00, 0x01, 0x7c, 
	0x01, 0x0c, 0x02, 0x00, 0x1c, 0x00, 0x00, 0x00, 
	0x80, 0x06, 0x00, 0x00, 0x64, 0x19, 0x01, 0x00, 
	0x40, 0x00, 0x00, 0x00, 0x44, 0x0e, 0x10, 0x48, 
	0x81, 0x01, 0x88, 0x02, 0x64, 0xc1, 0x48, 0xc8, 
	0x44, 0x0e, 0x00, 0x00, 0x0c, 0x00, 0x00, 0x00, 
	0xff, 0xff, 0xff, 0xff, 0x03, 0x00, 0x01, 0x7c, 
	0x01, 0x0c, 0x02, 0x00, 0x0c, 0x00, 0x00, 0x00, 
	0xb0, 0x06, 0x00, 0x00, 0xa4, 0x19, 0x01, 0x00, 
	0x08, 0x00, 0x00, 0x00, 0x5f, 0x72, 0x61, 0x6e, 
	0x64, 0x34, 0x38, 0x00, 0x5f, 0x65, 0x6d, 0x65, 
	0x72, 0x67, 0x65, 0x6e, 0x63, 0x79, 0x00, 0x5f, 
	0x77, 0x63, 0x72, 0x74, 0x6f, 0x6d, 0x62, 0x5f, 
	0x73, 0x74, 0x61, 0x74, 0x65, 0x00, 0x5f, 0x77, 
	0x63, 0x73, 0x72, 0x74, 0x6f, 0x6d, 0x62, 0x73, 
	0x5f, 0x73, 0x74, 0x61, 0x74, 0x65, 0x00, 0x6c, 
	0x6f, 0x6e, 0x67, 0x20, 0x6c, 0x6f, 0x6e, 0x67, 
	0x20, 0x75, 0x6e, 0x73, 0x69, 0x67, 0x6e, 0x65, 
	0x64, 0x20, 0x69, 0x6e, 0x74, 0x00, 0x5f, 0x6c, 
	0x62, 0x66, 0x73, 0x69, 0x7a, 0x65, 0x00, 0x5f, 
	0x5f, 0x6c, 0x6f, 0x63, 0x61, 0x6c, 0x65, 0x5f, 
	0x74, 0x00, 0x5f, 0x6d, 0x62, 0x72, 0x74, 0x6f, 
	0x77, 0x63, 0x5f, 0x73, 0x74, 0x61, 0x74, 0x65, 
	0x00, 0x5f, 0x77, 0x63, 0x74, 0x6f, 0x6d, 0x62, 
	0x5f, 0x73, 0x74, 0x61, 0x74, 0x65, 0x00, 0x5f, 
	0x5f, 0x74, 0x6d, 0x5f, 0x73, 0x65, 0x63, 0x00, 
	0x6c, 0x6f, 0x6e, 0x67, 0x20, 0x6c, 0x6f, 0x6e, 
	0x67, 0x20, 0x69, 0x6e, 0x74, 0x00, 0x5f, 0x75, 
	0x62, 0x75, 0x66, 0x00, 0x5f, 0x5f, 0x74, 0x6d, 
	0x5f, 0x68, 0x6f, 0x75, 0x72, 0x00, 0x5f, 0x63, 
	0x6f, 0x6f, 0x6b, 0x69, 0x65, 0x00, 0x5f, 0x66, 
	0x6c, 0x61, 0x67, 0x73, 0x00, 0x5f, 0x73, 0x74, 
	0x64, 0x69, 0x6e, 0x00, 0x5f, 0x62, 0x6c, 0x6b, 
	0x73, 0x69, 0x7a, 0x65, 0x00, 0x5f, 0x63, 0x76, 
	0x74, 0x62, 0x75, 0x66, 0x00, 0x5f, 0x6f, 0x66, 
	0x66, 0x73, 0x65, 0x74, 0x00, 0x5f, 0x6d, 0x62, 
	0x73, 0x72, 0x74, 0x6f, 0x77, 0x63, 0x73, 0x5f, 
	0x73, 0x74, 0x61, 0x74, 0x65, 0x00, 0x5f, 0x6d, 
	0x62, 0x72, 0x6c, 0x65, 0x6e, 0x5f, 0x73, 0x74, 
	0x61, 0x74, 0x65, 0x00, 0x5f, 0x73, 0x69, 0x67, 
	0x6e, 0x00, 0x5f, 0x66, 0x6c, 0x6f, 0x63, 0x6b, 
	0x5f, 0x74, 0x00, 0x5f, 0x73, 0x74, 0x64, 0x65, 
	0x72, 0x72, 0x00, 0x5f, 0x42, 0x69, 0x67, 0x69, 
	0x6e, 0x74, 0x00, 0x5f, 0x67, 0x61, 0x6d, 0x6d, 
	0x61, 0x5f, 0x73, 0x69, 0x67, 0x6e, 0x67, 0x61, 
	0x6d, 0x00, 0x5f, 0x72, 0x65, 0x61, 0x64, 0x00, 
	0x5f, 0x72, 0x65, 0x73, 0x75, 0x6c, 0x74, 0x5f, 
	0x6b, 0x00, 0x5f, 0x5f, 0x74, 0x6d, 0x00, 0x5f, 
	0x5f, 0x77, 0x63, 0x68, 0x62, 0x00, 0x5f, 0x73, 
	0x74, 0x64, 0x6f, 0x75, 0x74, 0x00, 0x5f, 0x63, 
	0x76, 0x74, 0x6c, 0x65, 0x6e, 0x00, 0x73, 0x68, 
	0x6f, 0x72, 0x74, 0x20, 0x75, 0x6e, 0x73, 0x69, 
	0x67, 0x6e, 0x65, 0x64, 0x20, 0x69, 0x6e, 0x74, 
	0x00, 0x5f, 0x73, 0x69, 0x67, 0x6e, 0x61, 0x6c, 
	0x5f, 0x62, 0x75, 0x66, 0x00, 0x5f, 0x61, 0x73, 
	0x63, 0x74, 0x69, 0x6d, 0x65, 0x5f, 0x62, 0x75, 
	0x66, 0x00, 0x5f, 0x72, 0x65, 0x73, 0x75, 0x6c, 
	0x74, 0x00, 0x5f, 0x5f, 0x77, 0x63, 0x68, 0x00, 
	0x77, 0x69, 0x6e, 0x74, 0x5f, 0x74, 0x00, 0x5f, 
	0x63, 0x6c, 0x6f, 0x73, 0x65, 0x5f, 0x72, 0x00, 
	0x5f, 0x66, 0x6c, 0x61, 0x67, 0x73, 0x32, 0x00, 
	0x5f, 0x77, 0x72, 0x69, 0x74, 0x65, 0x00, 0x5f, 
	0x5f, 0x74, 0x6d, 0x5f, 0x79, 0x65, 0x61, 0x72, 
	0x00, 0x6c, 0x6f, 0x6e, 0x67, 0x20, 0x64, 0x6f, 
	0x75, 0x62, 0x6c, 0x65, 0x00, 0x5f, 0x5f, 0x74, 
	0x6d, 0x5f, 0x6d, 0x6f, 0x6e, 0x00, 0x5f, 0x66, 
	0x72, 0x65, 0x65, 0x6c, 0x69, 0x73, 0x74, 0x00, 
	0x5f, 0x67, 0x65, 0x74, 0x6c, 0x6f, 0x63, 0x61, 
	0x6c, 0x65, 0x6e, 0x61, 0x6d, 0x65, 0x5f, 0x6c, 
	0x5f, 0x62, 0x75, 0x66, 0x00, 0x5f, 0x4c, 0x4f, 
	0x43, 0x4b, 0x5f, 0x52, 0x45, 0x43, 0x55, 0x52, 
	0x53, 0x49, 0x56, 0x45, 0x5f, 0x54, 0x00, 0x75, 
	0x6e, 0x73, 0x69, 0x67, 0x6e, 0x65, 0x64, 0x20, 
	0x63, 0x68, 0x61, 0x72, 0x00, 0x5f, 0x6e, 0x65, 
	0x77, 0x00, 0x5f, 0x68, 0x5f, 0x65, 0x72, 0x72, 
	0x6e, 0x6f, 0x00, 0x73, 0x68, 0x6f, 0x72, 0x74, 
	0x20, 0x69, 0x6e, 0x74, 0x00, 0x5f, 0x5f, 0x74, 
	0x6d, 0x5f, 0x79, 0x64, 0x61, 0x79, 0x00, 0x5f, 
	0x5f, 0x73, 0x62, 0x75, 0x66, 0x00, 0x5f, 0x5f, 
	0x46, 0x49, 0x4c, 0x45, 0x00, 0x5f, 0x6d, 0x62, 
	0x73, 0x74, 0x61, 0x74, 0x65, 0x5f, 0x74, 0x00, 
	0x5f, 0x5f, 0x73, 0x46, 0x49, 0x4c, 0x45, 0x00, 
	0x5f, 0x6d, 0x62, 0x73, 0x74, 0x61, 0x74, 0x65, 
	0x00, 0x5f, 0x72, 0x61, 0x6e, 0x64, 0x5f, 0x6e, 
	0x65, 0x78, 0x74, 0x00, 0x5f, 0x6d, 0x62, 0x6c, 
	0x65, 0x6e, 0x5f, 0x73, 0x74, 0x61, 0x74, 0x65, 
	0x00, 0x5f, 0x69, 0x6e, 0x63, 0x00, 0x5f, 0x6c, 
	0x6f, 0x63, 0x61, 0x6c, 0x65, 0x00, 0x5f, 0x5f, 
	0x63, 0x6c, 0x65, 0x61, 0x6e, 0x75, 0x70, 0x00, 
	0x5f, 0x6d, 0x61, 0x78, 0x77, 0x64, 0x73, 0x00, 
	0x5f, 0x73, 0x65, 0x65, 0x64, 0x00, 0x5f, 0x5f, 
	0x63, 0x6f, 0x75, 0x6e, 0x74, 0x00, 0x5f, 0x5f, 
	0x76, 0x61, 0x6c, 0x75, 0x65, 0x00, 0x5f, 0x73, 
	0x65, 0x65, 0x6b, 0x00, 0x5f, 0x69, 0x6d, 0x70, 
	0x75, 0x72, 0x65, 0x5f, 0x70, 0x74, 0x72, 0x00, 
	0x5f, 0x66, 0x70, 0x6f, 0x73, 0x5f, 0x74, 0x00, 
	0x5f, 0x5f, 0x74, 0x6d, 0x5f, 0x6d, 0x69, 0x6e, 
	0x00, 0x5f, 0x6d, 0x75, 0x6c, 0x74, 0x00, 0x5f, 
	0x73, 0x74, 0x72, 0x74, 0x6f, 0x6b, 0x5f, 0x6c, 
	0x61, 0x73, 0x74, 0x00, 0x5f, 0x61, 0x64, 0x64, 
	0x00, 0x5f, 0x5f, 0x55, 0x4c, 0x6f, 0x6e, 0x67, 
	0x00, 0x5f, 0x67, 0x65, 0x74, 0x64, 0x61, 0x74, 
	0x65, 0x5f, 0x65, 0x72, 0x72, 0x00, 0x5f, 0x77, 
	0x64, 0x73, 0x00, 0x5f, 0x5f, 0x74, 0x6d, 0x5f, 
	0x77, 0x64, 0x61, 0x79, 0x00, 0x5f, 0x73, 0x73, 
	0x69, 0x7a, 0x65, 0x5f, 0x74, 0x00, 0x5f, 0x6c, 
	0x36, 0x34, 0x61, 0x5f, 0x62, 0x75, 0x66, 0x00, 
	0x47, 0x4e, 0x55, 0x20, 0x43, 0x32, 0x33, 0x20, 
	0x31, 0x35, 0x2e, 0x31, 0x2e, 0x30, 0x20, 0x2d, 
	0x6d, 0x61, 0x62, 0x69, 0x3d, 0x69, 0x6c, 0x70, 
	0x33, 0x32, 0x64, 0x20, 0x2d, 0x6d, 0x69, 0x73, 
	0x61, 0x2d, 0x73, 0x70, 0x65, 0x63, 0x3d, 0x32, 
	0x30, 0x31, 0x39, 0x31, 0x32, 0x31, 0x33, 0x20, 
	0x2d, 0x6d, 0x61, 0x72, 0x63, 0x68, 0x3d, 0x72, 
	0x76, 0x33, 0x32, 0x69, 0x6d, 0x61, 0x66, 0x64, 
	0x5f, 0x7a, 0x69, 0x63, 0x73, 0x72, 0x5f, 0x7a, 
	0x69, 0x66, 0x65, 0x6e, 0x63, 0x65, 0x69, 0x5f, 
	0x7a, 0x6d, 0x6d, 0x75, 0x6c, 0x5f, 0x7a, 0x61, 
	0x61, 0x6d, 0x6f, 0x5f, 0x7a, 0x61, 0x6c, 0x72, 
	0x73, 0x63, 0x20, 0x2d, 0x67, 0x20, 0x2d, 0x4f, 
	0x73, 0x20, 0x2d, 0x4f, 0x73, 0x20, 0x2d, 0x66, 
	0x6e, 0x6f, 0x2d, 0x62, 0x75, 0x69, 0x6c, 0x74, 
	0x69, 0x6e, 0x00, 0x5f, 0x73, 0x69, 0x67, 0x5f, 
	0x66, 0x75, 0x6e, 0x63, 0x00, 0x5f, 0x6e, 0x62, 
	0x75, 0x66, 0x00, 0x5f, 0x5f, 0x74, 0x6d, 0x5f, 
	0x69, 0x73, 0x64, 0x73, 0x74, 0x00, 0x5f, 0x6c, 
	0x6f, 0x63, 0x61, 0x6c, 0x74, 0x69, 0x6d, 0x65, 
	0x5f, 0x62, 0x75, 0x66, 0x00, 0x5f, 0x63, 0x6c, 
	0x6f, 0x73, 0x65, 0x00, 0x5f, 0x72, 0x34, 0x38, 
	0x00, 0x5f, 0x6d, 0x62, 0x74, 0x6f, 0x77, 0x63, 
	0x5f, 0x73, 0x74, 0x61, 0x74, 0x65, 0x00, 0x5f, 
	0x70, 0x35, 0x73, 0x00, 0x5f, 0x5f, 0x74, 0x6d, 
	0x5f, 0x6d, 0x64, 0x61, 0x79, 0x00, 0x5f, 0x5f, 
	0x62, 0x75, 0x69, 0x6c, 0x74, 0x69, 0x6e, 0x5f, 
	0x76, 0x61, 0x5f, 0x6c, 0x69, 0x73, 0x74, 0x00, 
	0x5f, 0x5f, 0x67, 0x6e, 0x75, 0x63, 0x5f, 0x76, 
	0x61, 0x5f, 0x6c, 0x69, 0x73, 0x74, 0x00, 0x5f, 
	0x6f, 0x70, 0x65, 0x6e, 0x5f, 0x72, 0x00, 0x5f, 
	0x77, 0x72, 0x69, 0x74, 0x65, 0x5f, 0x72, 0x00, 
	0x5f, 0x72, 0x65, 0x63, 0x6c, 0x61, 0x69, 0x6d, 
	0x5f, 0x72, 0x65, 0x65, 0x6e, 0x74, 0x00, 0x74, 
	0x68, 0x69, 0x73, 0x6f, 0x6e, 0x65, 0x00, 0x5f, 
	0x66, 0x72, 0x65, 0x65, 0x5f, 0x72, 0x00, 0x6e, 
	0x65, 0x78, 0x74, 0x6f, 0x6e, 0x65, 0x00, 0x5f, 
	0x5f, 0x73, 0x66, 0x00, 0x5f, 0x69, 0x6d, 0x70, 
	0x75, 0x72, 0x65, 0x5f, 0x64, 0x61, 0x74, 0x61, 
	0x00, 0x5f, 0x6f, 0x70, 0x65, 0x6e, 0x00, 0x6d, 
	0x6f, 0x64, 0x65, 0x00, 0x70, 0x72, 0x65, 0x76, 
	0x5f, 0x73, 0x69, 0x7a, 0x65, 0x00, 0x5f, 0x5f, 
	0x6d, 0x61, 0x6c, 0x6c, 0x6f, 0x63, 0x5f, 0x74, 
	0x6f, 0x70, 0x5f, 0x70, 0x61, 0x64, 0x00, 0x6b, 
	0x65, 0x65, 0x70, 0x63, 0x6f, 0x73, 0x74, 0x00, 
	0x68, 0x62, 0x6c, 0x6b, 0x73, 0x00, 0x61, 0x72, 
	0x65, 0x6e, 0x61, 0x00, 0x5f, 0x5f, 0x6d, 0x61, 
	0x6c, 0x6c, 0x6f, 0x63, 0x5f, 0x75, 0x6e, 0x6c, 
	0x6f, 0x63, 0x6b, 0x00, 0x6d, 0x62, 0x69, 0x6e, 
	0x70, 0x74, 0x72, 0x00, 0x6e, 0x65, 0x77, 0x5f, 
	0x62, 0x72, 0x6b, 0x00, 0x66, 0x6f, 0x72, 0x64, 
	0x62, 0x6c, 0x6b, 0x73, 0x00, 0x65, 0x78, 0x74, 
	0x72, 0x61, 0x00, 0x5f, 0x5f, 0x6d, 0x61, 0x6c, 
	0x6c, 0x6f, 0x63, 0x5f, 0x6c, 0x6f, 0x63, 0x6b, 
	0x00, 0x70, 0x74, 0x72, 0x64, 0x69, 0x66, 0x66, 
	0x5f, 0x74, 0x00, 0x75, 0x6f, 0x72, 0x64, 0x62, 
	0x6c, 0x6b, 0x73, 0x00, 0x66, 0x73, 0x6d, 0x62, 
	0x6c, 0x6b, 0x73, 0x00, 0x6d, 0x61, 0x6c, 0x6c, 
	0x6f, 0x63, 0x5f, 0x63, 0x68, 0x75, 0x6e, 0x6b, 
	0x00, 0x5f, 0x5f, 0x6d, 0x61, 0x6c, 0x6c, 0x6f, 
	0x63, 0x5f, 0x74, 0x72, 0x69, 0x6d, 0x5f, 0x74, 
	0x68, 0x72, 0x65, 0x73, 0x68, 0x6f, 0x6c, 0x64, 
	0x00, 0x75, 0x73, 0x6d, 0x62, 0x6c, 0x6b, 0x73, 
	0x00, 0x69, 0x73, 0x6c, 0x72, 0x00, 0x70, 0x61, 
	0x67, 0x65, 0x73, 0x7a, 0x00, 0x63, 0x75, 0x72, 
	0x72, 0x65, 0x6e, 0x74, 0x5f, 0x62, 0x72, 0x6b, 
	0x00, 0x5f, 0x5f, 0x6d, 0x61, 0x6c, 0x6c, 0x6f, 
	0x63, 0x5f, 0x63, 0x75, 0x72, 0x72, 0x65, 0x6e, 
	0x74, 0x5f, 0x6d, 0x61, 0x6c, 0x6c, 0x69, 0x6e, 
	0x66, 0x6f, 0x00, 0x6e, 0x65, 0x78, 0x74, 0x73, 
	0x7a, 0x00, 0x5f, 0x5f, 0x6d, 0x61, 0x6c, 0x6c, 
	0x6f, 0x63, 0x5f, 0x61, 0x76, 0x5f, 0x00, 0x70, 
	0x72, 0x65, 0x76, 0x73, 0x7a, 0x00, 0x72, 0x65, 
	0x65, 0x6e, 0x74, 0x5f, 0x70, 0x74, 0x72, 0x00, 
	0x5f, 0x6d, 0x61, 0x6c, 0x6c, 0x6f, 0x63, 0x5f, 
	0x74, 0x72, 0x69, 0x6d, 0x5f, 0x72, 0x00, 0x5f, 
	0x73, 0x62, 0x72, 0x6b, 0x5f, 0x72, 0x00, 0x5f, 
	0x5f, 0x6d, 0x61, 0x6c, 0x6c, 0x6f, 0x63, 0x5f, 
	0x73, 0x62, 0x72, 0x6b, 0x5f, 0x62, 0x61, 0x73, 
	0x65, 0x00, 0x6d, 0x63, 0x68, 0x75, 0x6e, 0x6b, 
	0x70, 0x74, 0x72, 0x00, 0x68, 0x62, 0x6c, 0x6b, 
	0x68, 0x64, 0x00, 0x62, 0x79, 0x74, 0x65, 0x73, 
	0x00, 0x72, 0x65, 0x6d, 0x61, 0x69, 0x6e, 0x64, 
	0x65, 0x72, 0x5f, 0x73, 0x69, 0x7a, 0x65, 0x00, 
	0x6f, 0x6c, 0x64, 0x5f, 0x65, 0x6e, 0x64, 0x00, 
	0x62, 0x6c, 0x6f, 0x63, 0x6b, 0x00, 0x6d, 0x61, 
	0x6c, 0x6c, 0x6f, 0x63, 0x5f, 0x65, 0x78, 0x74, 
	0x65, 0x6e, 0x64, 0x5f, 0x74, 0x6f, 0x70, 0x00, 
	0x66, 0x72, 0x6f, 0x6e, 0x74, 0x5f, 0x6d, 0x69, 
	0x73, 0x61, 0x6c, 0x69, 0x67, 0x6e, 0x00, 0x73, 
	0x62, 0x72, 0x6b, 0x5f, 0x73, 0x69, 0x7a, 0x65, 
	0x00, 0x72, 0x65, 0x6d, 0x61, 0x69, 0x6e, 0x64, 
	0x65, 0x72, 0x5f, 0x69, 0x6e, 0x64, 0x65, 0x78, 
	0x00, 0x5f, 0x5f, 0x6d, 0x61, 0x6c, 0x6c, 0x6f, 
	0x63, 0x5f, 0x6d, 0x61, 0x78, 0x5f, 0x74, 0x6f, 
	0x74, 0x61, 0x6c, 0x5f, 0x6d, 0x65, 0x6d, 0x00, 
	0x73, 0x74, 0x61, 0x72, 0x74, 0x69, 0x64, 0x78, 
	0x00, 0x63, 0x6f, 0x72, 0x72, 0x65, 0x63, 0x74, 
	0x69, 0x6f, 0x6e, 0x00, 0x76, 0x69, 0x63, 0x74, 
	0x69, 0x6d, 0x5f, 0x73, 0x69, 0x7a, 0x65, 0x00, 
	0x5f, 0x6d, 0x61, 0x6c, 0x6c, 0x6f, 0x63, 0x5f, 
	0x72, 0x00, 0x72, 0x65, 0x6d, 0x61, 0x69, 0x6e, 
	0x64, 0x65, 0x72, 0x00, 0x6f, 0x6c, 0x64, 0x5f, 
	0x74, 0x6f, 0x70, 0x00, 0x76, 0x69, 0x63, 0x74, 
	0x69, 0x6d, 0x00, 0x5f, 0x5f, 0x6d, 0x61, 0x6c, 
	0x6c, 0x6f, 0x63, 0x5f, 0x6d, 0x61, 0x78, 0x5f, 
	0x73, 0x62, 0x72, 0x6b, 0x65, 0x64, 0x5f, 0x6d, 
	0x65, 0x6d, 0x00, 0x63, 0x6f, 0x72, 0x72, 0x65, 
	0x63, 0x74, 0x69, 0x6f, 0x6e, 0x5f, 0x66, 0x61, 
	0x69, 0x6c, 0x65, 0x64, 0x00, 0x6f, 0x6c, 0x64, 
	0x5f, 0x74, 0x6f, 0x70, 0x5f, 0x73, 0x69, 0x7a, 
	0x65, 0x00, 0x5f, 0x5f, 0x6d, 0x61, 0x6c, 0x6c, 
	0x6f, 0x63, 0x5f, 0x72, 0x65, 0x63, 0x75, 0x72, 
	0x73, 0x69, 0x76, 0x65, 0x5f, 0x6d, 0x75, 0x74, 
	0x65, 0x78, 0x00, 0x56, 0x57, 0x44, 0x49, 0x47, 
	0x00, 0x5f, 0x5f, 0x73, 0x63, 0x6c, 0x6f, 0x73, 
	0x65, 0x00, 0x4f, 0x54, 0x48, 0x45, 0x52, 0x00, 
	0x5f, 0x5f, 0x66, 0x70, 0x5f, 0x6c, 0x6f, 0x63, 
	0x6b, 0x5f, 0x61, 0x6c, 0x6c, 0x00, 0x5f, 0x5f, 
	0x73, 0x69, 0x6e, 0x69, 0x74, 0x00, 0x5f, 0x5f, 
	0x73, 0x66, 0x70, 0x00, 0x67, 0x6c, 0x6f, 0x62, 
	0x61, 0x6c, 0x5f, 0x73, 0x74, 0x64, 0x69, 0x6f, 
	0x5f, 0x69, 0x6e, 0x69, 0x74, 0x00, 0x53, 0x54, 
	0x41, 0x52, 0x00, 0x5f, 0x5f, 0x73, 0x66, 0x70, 
	0x5f, 0x6c, 0x6f, 0x63, 0x6b, 0x5f, 0x72, 0x65, 
	0x6c, 0x65, 0x61, 0x73, 0x65, 0x00, 0x5f, 0x5f, 
	0x73, 0x72, 0x65, 0x61, 0x64, 0x00, 0x66, 0x6f, 
	0x75, 0x6e, 0x64, 0x00, 0x73, 0x66, 0x6d, 0x6f, 
	0x72, 0x65, 0x67, 0x6c, 0x75, 0x65, 0x00, 0x53, 
	0x4d, 0x4f, 0x44, 0x00, 0x5f, 0x5f, 0x73, 0x77, 
	0x72, 0x69, 0x74, 0x65, 0x00, 0x5f, 0x66, 0x77, 
	0x61, 0x6c, 0x6b, 0x5f, 0x73, 0x67, 0x6c, 0x75, 
	0x65, 0x00, 0x63, 0x6c, 0x65, 0x61, 0x6e, 0x75, 
	0x70, 0x5f, 0x73, 0x74, 0x64, 0x69, 0x6f, 0x00, 
	0x5f, 0x5f, 0x73, 0x66, 0x70, 0x5f, 0x72, 0x65, 
	0x63, 0x75, 0x72, 0x73, 0x69, 0x76, 0x65, 0x5f, 
	0x6d, 0x75, 0x74, 0x65, 0x78, 0x00, 0x5f, 0x5f, 
	0x73, 0x74, 0x64, 0x69, 0x6f, 0x5f, 0x65, 0x78, 
	0x69, 0x74, 0x5f, 0x68, 0x61, 0x6e, 0x64, 0x6c, 
	0x65, 0x72, 0x00, 0x5f, 0x5f, 0x73, 0x66, 0x70, 
	0x5f, 0x6c, 0x6f, 0x63, 0x6b, 0x5f, 0x61, 0x63, 
	0x71, 0x75, 0x69, 0x72, 0x65, 0x00, 0x5f, 0x5f, 
	0x66, 0x70, 0x5f, 0x75, 0x6e, 0x6c, 0x6f, 0x63, 
	0x6b, 0x00, 0x4d, 0x41, 0x58, 0x5f, 0x53, 0x54, 
	0x41, 0x54, 0x45, 0x00, 0x57, 0x49, 0x44, 0x54, 
	0x48, 0x00, 0x5a, 0x45, 0x52, 0x4f, 0x00, 0x44, 
	0x4f, 0x4e, 0x45, 0x00, 0x5f, 0x5f, 0x66, 0x70, 
	0x5f, 0x6c, 0x6f, 0x63, 0x6b, 0x00, 0x4d, 0x4f, 
	0x44, 0x46, 0x52, 0x00, 0x73, 0x74, 0x64, 0x69, 
	0x6e, 0x5f, 0x69, 0x6e, 0x69, 0x74, 0x00, 0x44, 
	0x49, 0x47, 0x49, 0x54, 0x00, 0x5f, 0x5f, 0x66, 
	0x70, 0x5f, 0x75, 0x6e, 0x6c, 0x6f, 0x63, 0x6b, 
	0x5f, 0x61, 0x6c, 0x6c, 0x00, 0x56, 0x41, 0x52, 
	0x50, 0x00, 0x73, 0x74, 0x64, 0x65, 0x72, 0x72, 
	0x5f, 0x69, 0x6e, 0x69, 0x74, 0x00, 0x56, 0x41, 
	0x52, 0x57, 0x00, 0x5f, 0x69, 0x6f, 0x62, 0x73, 
	0x00, 0x67, 0x6c, 0x75, 0x65, 0x5f, 0x77, 0x69, 
	0x74, 0x68, 0x5f, 0x66, 0x69, 0x6c, 0x65, 0x00, 
	0x44, 0x4f, 0x4c, 0x4c, 0x41, 0x52, 0x00, 0x6d, 
	0x65, 0x6d, 0x73, 0x65, 0x74, 0x00, 0x53, 0x44, 
	0x4f, 0x54, 0x00, 0x53, 0x54, 0x41, 0x52, 0x54, 
	0x00, 0x53, 0x50, 0x45, 0x43, 0x00, 0x5f, 0x6e, 
	0x69, 0x6f, 0x62, 0x73, 0x00, 0x50, 0x52, 0x45, 
	0x43, 0x00, 0x53, 0x46, 0x4c, 0x41, 0x47, 0x00, 
	0x5f, 0x67, 0x6c, 0x75, 0x65, 0x00, 0x5f, 0x5f, 
	0x73, 0x67, 0x6c, 0x75, 0x65, 0x00, 0x73, 0x74, 
	0x64, 0x6f, 0x75, 0x74, 0x5f, 0x69, 0x6e, 0x69, 
	0x74, 0x00, 0x5f, 0x66, 0x63, 0x6c, 0x6f, 0x73, 
	0x65, 0x5f, 0x72, 0x00, 0x56, 0x50, 0x44, 0x49, 
	0x47, 0x00, 0x4d, 0x41, 0x58, 0x5f, 0x43, 0x48, 
	0x5f, 0x43, 0x4c, 0x41, 0x53, 0x53, 0x00, 0x5f, 
	0x5f, 0x73, 0x73, 0x65, 0x65, 0x6b, 0x00, 0x5f, 
	0x5f, 0x73, 0x65, 0x6f, 0x66, 0x72, 0x65, 0x61, 
	0x64, 0x00, 0x5f, 0x72, 0x65, 0x61, 0x64, 0x5f, 
	0x72, 0x00, 0x5f, 0x6c, 0x73, 0x65, 0x65, 0x6b, 
	0x5f, 0x72, 0x00, 0x77, 0x68, 0x65, 0x6e, 0x63, 
	0x65, 0x00, 0x5f, 0x6c, 0x73, 0x65, 0x65, 0x6b, 
	0x00, 0x69, 0x6e, 0x63, 0x72, 0x00, 0x5f, 0x73, 
	0x62, 0x72, 0x6b, 0x00, 0x2f, 0x68, 0x6f, 0x6d, 
	0x65, 0x2f, 0x74, 0x69, 0x6e, 0x2f, 0x68, 0x61, 
	0x6d, 0x73, 0x74, 0x65, 0x72, 0x2d, 0x74, 0x6f, 
	0x6f, 0x6c, 0x2f, 0x2e, 0x62, 0x75, 0x69, 0x6c, 
	0x64, 0x2f, 0x72, 0x69, 0x73, 0x63, 0x76, 0x33, 
	0x32, 0x2d, 0x68, 0x61, 0x6d, 0x73, 0x74, 0x65, 
	0x72, 0x2d, 0x65, 0x6c, 0x66, 0x2f, 0x73, 0x72, 
	0x63, 0x2f, 0x6e, 0x65, 0x77, 0x6c, 0x69, 0x62, 
	0x2f, 0x6e, 0x65, 0x77, 0x6c, 0x69, 0x62, 0x2f, 
	0x6c, 0x69, 0x62, 0x63, 0x2f, 0x6d, 0x61, 0x63, 
	0x68, 0x69, 0x6e, 0x65, 0x2f, 0x72, 0x69, 0x73, 
	0x63, 0x76, 0x2f, 0x6d, 0x65, 0x6d, 0x73, 0x65, 
	0x74, 0x2e, 0x53, 0x00, 0x2f, 0x68, 0x6f, 0x6d, 
	0x65, 0x2f, 0x74, 0x69, 0x6e, 0x2f, 0x68, 0x61, 
	0x6d, 0x73, 0x74, 0x65, 0x72, 0x2d, 0x74, 0x6f, 
	0x6f, 0x6c, 0x2f, 0x2e, 0x62, 0x75, 0x69, 0x6c, 
	0x64, 0x2f, 0x72, 0x69, 0x73, 0x63, 0x76, 0x33, 
	0x32, 0x2d, 0x68, 0x61, 0x6d, 0x73, 0x74, 0x65, 
	0x72, 0x2d, 0x65, 0x6c, 0x66, 0x2f, 0x62, 0x75, 
	0x69, 0x6c, 0x64, 0x2f, 0x62, 0x75, 0x69, 0x6c, 
	0x64, 0x2d, 0x6c, 0x69, 0x62, 0x63, 0x2f, 0x72, 
	0x69, 0x73, 0x63, 0x76, 0x33, 0x32, 0x2d, 0x68, 
	0x61, 0x6d, 0x73, 0x74, 0x65, 0x72, 0x2d, 0x65, 
	0x6c, 0x66, 0x2f, 0x6e, 0x65, 0x77, 0x6c, 0x69, 
	0x62, 0x00, 0x47, 0x4e, 0x55, 0x20, 0x41, 0x53, 
	0x20, 0x32, 0x2e, 0x34, 0x34, 0x00, 0x5f, 0x63, 
	0x68, 0x65, 0x63, 0x6b, 0x5f, 0x69, 0x6e, 0x69, 
	0x74, 0x5f, 0x70, 0x74, 0x72, 0x00, 0x66, 0x63, 
	0x6c, 0x6f, 0x73, 0x65, 0x00, 0x72, 0x70, 0x74, 
	0x72, 0x00, 0x5f, 0x5f, 0x73, 0x66, 0x6c, 0x75, 
	0x73, 0x68, 0x5f, 0x72, 0x00, 0x74, 0x6d, 0x70, 
	0x5f, 0x65, 0x72, 0x72, 0x6e, 0x6f, 0x00, 0x66, 
	0x66, 0x6c, 0x75, 0x73, 0x68, 0x00, 0x63, 0x75, 
	0x72, 0x6f, 0x66, 0x66, 0x00, 0x5f, 0x66, 0x66, 
	0x6c, 0x75, 0x73, 0x68, 0x5f, 0x72, 0x00, 0x5f, 
	0x5f, 0x69, 0x6e, 0x74, 0x65, 0x72, 0x6e, 0x61, 
	0x6c, 0x5f, 0x73, 0x79, 0x73, 0x63, 0x61, 0x6c, 
	0x6c, 0x00, 0x47, 0x4e, 0x55, 0x20, 0x43, 0x32, 
	0x33, 0x20, 0x31, 0x35, 0x2e, 0x31, 0x2e, 0x30, 
	0x20, 0x2d, 0x6d, 0x61, 0x62, 0x69, 0x3d, 0x69, 
	0x6c, 0x70, 0x33, 0x32, 0x64, 0x20, 0x2d, 0x6d, 
	0x69, 0x73, 0x61, 0x2d, 0x73, 0x70, 0x65, 0x63, 
	0x3d, 0x32, 0x30, 0x31, 0x39, 0x31, 0x32, 0x31, 
	0x33, 0x20, 0x2d, 0x6d, 0x61, 0x72, 0x63, 0x68, 
	0x3d, 0x72, 0x76, 0x33, 0x32, 0x69, 0x6d, 0x61, 
	0x66, 0x64, 0x5f, 0x7a, 0x69, 0x63, 0x73, 0x72, 
	0x5f, 0x7a, 0x69, 0x66, 0x65, 0x6e, 0x63, 0x65, 
	0x69, 0x5f, 0x7a, 0x6d, 0x6d, 0x75, 0x6c, 0x5f, 
	0x7a, 0x61, 0x61, 0x6d, 0x6f, 0x5f, 0x7a, 0x61, 
	0x6c, 0x72, 0x73, 0x63, 0x20, 0x2d, 0x67, 0x20, 
	0x2d, 0x4f, 0x73, 0x00, 0x73, 0x79, 0x73, 0x63, 
	0x61, 0x6c, 0x6c, 0x5f, 0x69, 0x64, 0x00, 0x5f, 
	0x73, 0x79, 0x73, 0x63, 0x61, 0x6c, 0x6c, 0x5f, 
	0x65, 0x72, 0x72, 0x6e, 0x6f, 0x00, 0x61, 0x72, 
	0x67, 0x63, 0x00, 0x5f, 0x5f, 0x73, 0x79, 0x73, 
	0x63, 0x61, 0x6c, 0x6c, 0x5f, 0x65, 0x72, 0x72, 
	0x6f, 0x72, 0x00, 0x5f, 0x5f, 0x65, 0x72, 0x72, 
	0x6e, 0x6f, 0x00, 0x5f, 0x5f, 0x6f, 0x66, 0x66, 
	0x5f, 0x74, 0x00, 0x68, 0x65, 0x61, 0x70, 0x5f, 
	0x65, 0x6e, 0x64, 0x00, 0x75, 0x6e, 0x69, 0x73, 
	0x74, 0x64, 0x2e, 0x68, 0x00, 0x2f, 0x68, 0x6f, 
	0x6d, 0x65, 0x2f, 0x74, 0x69, 0x6e, 0x2f, 0x68, 
	0x61, 0x6d, 0x73, 0x74, 0x65, 0x72, 0x2d, 0x74, 
	0x6f, 0x6f, 0x6c, 0x2f, 0x2e, 0x62, 0x75, 0x69, 
	0x6c, 0x64, 0x2f, 0x72, 0x69, 0x73, 0x63, 0x76, 
	0x33, 0x32, 0x2d, 0x68, 0x61, 0x6d, 0x73, 0x74, 
	0x65, 0x72, 0x2d, 0x65, 0x6c, 0x66, 0x2f, 0x73, 
	0x72, 0x63, 0x2f, 0x6e, 0x65, 0x77, 0x6c, 0x69, 
	0x62, 0x2f, 0x6e, 0x65, 0x77, 0x6c, 0x69, 0x62, 
	0x2f, 0x6c, 0x69, 0x62, 0x63, 0x2f, 0x73, 0x79, 
	0x73, 0x63, 0x61, 0x6c, 0x6c, 0x73, 0x2f, 0x73, 
	0x79, 0x73, 0x63, 0x6c, 0x6f, 0x73, 0x65, 0x2e, 
	0x63, 0x00, 0x72, 0x65, 0x65, 0x6e, 0x74, 0x2e, 
	0x68, 0x00, 0x6c, 0x6f, 0x63, 0x6b, 0x2e, 0x68, 
	0x00, 0x2f, 0x68, 0x6f, 0x6d, 0x65, 0x2f, 0x74, 
	0x69, 0x6e, 0x2f, 0x68, 0x61, 0x6d, 0x73, 0x74, 
	0x65, 0x72, 0x2d, 0x74, 0x6f, 0x6f, 0x6c, 0x2f, 
	0x2e, 0x62, 0x75, 0x69, 0x6c, 0x64, 0x2f, 0x72, 
	0x69, 0x73, 0x63, 0x76, 0x33, 0x32, 0x2d, 0x68, 
	0x61, 0x6d, 0x73, 0x74, 0x65, 0x72, 0x2d, 0x65, 
	0x6c, 0x66, 0x2f, 0x62, 0x75, 0x69, 0x6c, 0x64, 
	0x74, 0x6f, 0x6f, 0x6c, 0x73, 0x2f, 0x6c, 0x69, 
	0x62, 0x2f, 0x67, 0x63, 0x63, 0x2f, 0x72, 0x69, 
	0x73, 0x63, 0x76, 0x33, 0x32, 0x2d, 0x68, 0x61, 
	0x6d, 0x73, 0x74, 0x65, 0x72, 0x2d, 0x65, 0x6c, 
	0x66, 0x2f, 0x31, 0x35, 0x2e, 0x31, 0x2e, 0x30, 
	0x2f, 0x69, 0x6e, 0x63, 0x6c, 0x75, 0x64, 0x65, 
	0x00, 0x5f, 0x74, 0x79, 0x70, 0x65, 0x73, 0x2e, 
	0x68, 0x00, 0x73, 0x74, 0x64, 0x64, 0x65, 0x66, 
	0x2e, 0x68, 0x00, 0x2f, 0x68, 0x6f, 0x6d, 0x65, 
	0x2f, 0x74, 0x69, 0x6e, 0x2f, 0x68, 0x61, 0x6d, 
	0x73, 0x74, 0x65, 0x72, 0x2d, 0x74, 0x6f, 0x6f, 
	0x6c, 0x2f, 0x2e, 0x62, 0x75, 0x69, 0x6c, 0x64, 
	0x2f, 0x72, 0x69, 0x73, 0x63, 0x76, 0x33, 0x32, 
	0x2d, 0x68, 0x61, 0x6d, 0x73, 0x74, 0x65, 0x72, 
	0x2d, 0x65, 0x6c, 0x66, 0x2f, 0x62, 0x75, 0x69, 
	0x6c, 0x64, 0x2f, 0x62, 0x75, 0x69, 0x6c, 0x64, 
	0x2d, 0x6c, 0x69, 0x62, 0x63, 0x2f, 0x72, 0x69, 
	0x73, 0x63, 0x76, 0x33, 0x32, 0x2d, 0x68, 0x61, 
	0x6d, 0x73, 0x74, 0x65, 0x72, 0x2d, 0x65, 0x6c, 
	0x66, 0x2f, 0x6e, 0x65, 0x77, 0x6c, 0x69, 0x62, 
	0x00, 0x2f, 0x68, 0x6f, 0x6d, 0x65, 0x2f, 0x74, 
	0x69, 0x6e, 0x2f, 0x68, 0x61, 0x6d, 0x73, 0x74, 
	0x65, 0x72, 0x2d, 0x74, 0x6f, 0x6f, 0x6c, 0x2f, 
	0x2e, 0x62, 0x75, 0x69, 0x6c, 0x64, 0x2f, 0x73, 
	0x72, 0x63, 0x2f, 0x6e, 0x65, 0x77, 0x6c, 0x69, 
	0x62, 0x2d, 0x34, 0x2e, 0x35, 0x2e, 0x30, 0x2e, 
	0x32, 0x30, 0x32, 0x34, 0x31, 0x32, 0x33, 0x31, 
	0x2f, 0x6e, 0x65, 0x77, 0x6c, 0x69, 0x62, 0x2f, 
	0x6c, 0x69, 0x62, 0x63, 0x2f, 0x69, 0x6e, 0x63, 
	0x6c, 0x75, 0x64, 0x65, 0x2f, 0x73, 0x79, 0x73, 
	0x00, 0x2f, 0x68, 0x6f, 0x6d, 0x65, 0x2f, 0x74, 
	0x69, 0x6e, 0x2f, 0x68, 0x61, 0x6d, 0x73, 0x74, 
	0x65, 0x72, 0x2d, 0x74, 0x6f, 0x6f, 0x6c, 0x2f, 
	0x2e, 0x62, 0x75, 0x69, 0x6c, 0x64, 0x2f, 0x73, 
	0x72, 0x63, 0x2f, 0x6e, 0x65, 0x77, 0x6c, 0x69, 
	0x62, 0x2d, 0x34, 0x2e, 0x35, 0x2e, 0x30, 0x2e, 
	0x32, 0x30, 0x32, 0x34, 0x31, 0x32, 0x33, 0x31, 
	0x2f, 0x6e, 0x65, 0x77, 0x6c, 0x69, 0x62, 0x2f, 
	0x6c, 0x69, 0x62, 0x63, 0x2f, 0x69, 0x6e, 0x63, 
	0x6c, 0x75, 0x64, 0x65, 0x00, 0x2f, 0x68, 0x6f, 
	0x6d, 0x65, 0x2f, 0x74, 0x69, 0x6e, 0x2f, 0x68, 
	0x61, 0x6d, 0x73, 0x74, 0x65, 0x72, 0x2d, 0x74, 
	0x6f, 0x6f, 0x6c, 0x2f, 0x2e, 0x62, 0x75, 0x69, 
	0x6c, 0x64, 0x2f, 0x72, 0x69, 0x73, 0x63, 0x76, 
	0x33, 0x32, 0x2d, 0x68, 0x61, 0x6d, 0x73, 0x74, 
	0x65, 0x72, 0x2d, 0x65, 0x6c, 0x66, 0x2f, 0x73, 
	0x72, 0x63, 0x2f, 0x6e, 0x65, 0x77, 0x6c, 0x69, 
	0x62, 0x2f, 0x6e, 0x65, 0x77, 0x6c, 0x69, 0x62, 
	0x2f, 0x6c, 0x69, 0x62, 0x63, 0x2f, 0x73, 0x79, 
	0x73, 0x63, 0x61, 0x6c, 0x6c, 0x73, 0x00, 0x5f, 
	0x64, 0x65, 0x66, 0x61, 0x75, 0x6c, 0x74, 0x5f, 
	0x66, 0x63, 0x6e, 0x74, 0x6c, 0x2e, 0x68, 0x00, 
	0x2f, 0x68, 0x6f, 0x6d, 0x65, 0x2f, 0x74, 0x69, 
	0x6e, 0x2f, 0x68, 0x61, 0x6d, 0x73, 0x74, 0x65, 
	0x72, 0x2d, 0x74, 0x6f, 0x6f, 0x6c, 0x2f, 0x2e, 
	0x62, 0x75, 0x69, 0x6c, 0x64, 0x2f, 0x72, 0x69, 
	0x73, 0x63, 0x76, 0x33, 0x32, 0x2d, 0x68, 0x61, 
	0x6d, 0x73, 0x74, 0x65, 0x72, 0x2d, 0x65, 0x6c, 
	0x66, 0x2f, 0x73, 0x72, 0x63, 0x2f, 0x6e, 0x65, 
	0x77, 0x6c, 0x69, 0x62, 0x2f, 0x6e, 0x65, 0x77, 
	0x6c, 0x69, 0x62, 0x2f, 0x6c, 0x69, 0x62, 0x63, 
	0x2f, 0x73, 0x79, 0x73, 0x63, 0x61, 0x6c, 0x6c, 
	0x73, 0x2f, 0x73, 0x79, 0x73, 0x6f, 0x70, 0x65, 
	0x6e, 0x2e, 0x63, 0x00, 0x73, 0x74, 0x64, 0x61, 
	0x72, 0x67, 0x2e, 0x68, 0x00, 0x2f, 0x68, 0x6f, 
	0x6d, 0x65, 0x2f, 0x74, 0x69, 0x6e, 0x2f, 0x68, 
	0x61, 0x6d, 0x73, 0x74, 0x65, 0x72, 0x2d, 0x74, 
	0x6f, 0x6f, 0x6c, 0x2f, 0x2e, 0x62, 0x75, 0x69, 
	0x6c, 0x64, 0x2f, 0x72, 0x69, 0x73, 0x63, 0x76, 
	0x33, 0x32, 0x2d, 0x68, 0x61, 0x6d, 0x73, 0x74, 
	0x65, 0x72, 0x2d, 0x65, 0x6c, 0x66, 0x2f, 0x73, 
	0x72, 0x63, 0x2f, 0x6e, 0x65, 0x77, 0x6c, 0x69, 
	0x62, 0x2f, 0x6e, 0x65, 0x77, 0x6c, 0x69, 0x62, 
	0x2f, 0x6c, 0x69, 0x62, 0x63, 0x2f, 0x73, 0x79, 
	0x73, 0x63, 0x61, 0x6c, 0x6c, 0x73, 0x2f, 0x73, 
	0x79, 0x73, 0x77, 0x72, 0x69, 0x74, 0x65, 0x2e, 
	0x63, 0x00, 0x2f, 0x68, 0x6f, 0x6d, 0x65, 0x2f, 
	0x74, 0x69, 0x6e, 0x2f, 0x68, 0x61, 0x6d, 0x73, 
	0x74, 0x65, 0x72, 0x2d, 0x74, 0x6f, 0x6f, 0x6c, 
	0x2f, 0x2e, 0x62, 0x75, 0x69, 0x6c, 0x64, 0x2f, 
	0x72, 0x69, 0x73, 0x63, 0x76, 0x33, 0x32, 0x2d, 
	0x68, 0x61, 0x6d, 0x73, 0x74, 0x65, 0x72, 0x2d, 
	0x65, 0x6c, 0x66, 0x2f, 0x73, 0x72, 0x63, 0x2f, 
	0x6e, 0x65, 0x77, 0x6c, 0x69, 0x62, 0x2f, 0x6e, 
	0x65, 0x77, 0x6c, 0x69, 0x62, 0x2f, 0x6c, 0x69, 
	0x62, 0x63, 0x2f, 0x72, 0x65, 0x65, 0x6e, 0x74, 
	0x00, 0x2f, 0x68, 0x6f, 0x6d, 0x65, 0x2f, 0x74, 
	0x69, 0x6e, 0x2f, 0x68, 0x61, 0x6d, 0x73, 0x74, 
	0x65, 0x72, 0x2d, 0x74, 0x6f, 0x6f, 0x6c, 0x2f, 
	0x2e, 0x62, 0x75, 0x69, 0x6c, 0x64, 0x2f, 0x72, 
	0x69, 0x73, 0x63, 0x76, 0x33, 0x32, 0x2d, 0x68, 
	0x61, 0x6d, 0x73, 0x74, 0x65, 0x72, 0x2d, 0x65, 
	0x6c, 0x66, 0x2f, 0x73, 0x72, 0x63, 0x2f, 0x6e, 
	0x65, 0x77, 0x6c, 0x69, 0x62, 0x2f, 0x6e, 0x65, 
	0x77, 0x6c, 0x69, 0x62, 0x2f, 0x6c, 0x69, 0x62, 
	0x63, 0x2f, 0x72, 0x65, 0x65, 0x6e, 0x74, 0x2f, 
	0x63, 0x6c, 0x6f, 0x73, 0x65, 0x72, 0x2e, 0x63, 
	0x00, 0x2f, 0x68, 0x6f, 0x6d, 0x65, 0x2f, 0x74, 
	0x69, 0x6e, 0x2f, 0x68, 0x61, 0x6d, 0x73, 0x74, 
	0x65, 0x72, 0x2d, 0x74, 0x6f, 0x6f, 0x6c, 0x2f, 
	0x2e, 0x62, 0x75, 0x69, 0x6c, 0x64, 0x2f, 0x72, 
	0x69, 0x73, 0x63, 0x76, 0x33, 0x32, 0x2d, 0x68, 
	0x61, 0x6d, 0x73, 0x74, 0x65, 0x72, 0x2d, 0x65, 
	0x6c, 0x66, 0x2f, 0x73, 0x72, 0x63, 0x2f, 0x6e, 
	0x65, 0x77, 0x6c, 0x69, 0x62, 0x2f, 0x6e, 0x65, 
	0x77, 0x6c, 0x69, 0x62, 0x2f, 0x6c, 0x69, 0x62, 
	0x63, 0x2f, 0x72, 0x65, 0x65, 0x6e, 0x74, 0x2f, 
	0x72, 0x65, 0x65, 0x6e, 0x74, 0x2e, 0x63, 0x00, 
	0x73, 0x74, 0x64, 0x6c, 0x69, 0x62, 0x2e, 0x68, 
	0x00, 0x2f, 0x68, 0x6f, 0x6d, 0x65, 0x2f, 0x74, 
	0x69, 0x6e, 0x2f, 0x68, 0x61, 0x6d, 0x73, 0x74, 
	0x65, 0x72, 0x2d, 0x74, 0x6f, 0x6f, 0x6c, 0x2f, 
	0x2e, 0x62, 0x75, 0x69, 0x6c, 0x64, 0x2f, 0x72, 
	0x69, 0x73, 0x63, 0x76, 0x33, 0x32, 0x2d, 0x68, 
	0x61, 0x6d, 0x73, 0x74, 0x65, 0x72, 0x2d, 0x65, 
	0x6c, 0x66, 0x2f, 0x73, 0x72, 0x63, 0x2f, 0x6e, 
	0x65, 0x77, 0x6c, 0x69, 0x62, 0x2f, 0x6e, 0x65, 
	0x77, 0x6c, 0x69, 0x62, 0x2f, 0x6c, 0x69, 0x62, 
	0x63, 0x2f, 0x72, 0x65, 0x65, 0x6e, 0x74, 0x2f, 
	0x69, 0x6d, 0x70, 0x75, 0x72, 0x65, 0x2e, 0x63, 
	0x00, 0x2f, 0x68, 0x6f, 0x6d, 0x65, 0x2f, 0x74, 
	0x69, 0x6e, 0x2f, 0x68, 0x61, 0x6d, 0x73, 0x74, 
	0x65, 0x72, 0x2d, 0x74, 0x6f, 0x6f, 0x6c, 0x2f, 
	0x2e, 0x62, 0x75, 0x69, 0x6c, 0x64, 0x2f, 0x72, 
	0x69, 0x73, 0x63, 0x76, 0x33, 0x32, 0x2d, 0x68, 
	0x61, 0x6d, 0x73, 0x74, 0x65, 0x72, 0x2d, 0x65, 
	0x6c, 0x66, 0x2f, 0x73, 0x72, 0x63, 0x2f, 0x6e, 
	0x65, 0x77, 0x6c, 0x69, 0x62, 0x2f, 0x6e, 0x65, 
	0x77, 0x6c, 0x69, 0x62, 0x2f, 0x6c, 0x69, 0x62, 
	0x63, 0x2f, 0x72, 0x65, 0x65, 0x6e, 0x74, 0x2f, 
	0x6f, 0x70, 0x65, 0x6e, 0x72, 0x2e, 0x63, 0x00, 
	0x2f, 0x68, 0x6f, 0x6d, 0x65, 0x2f, 0x74, 0x69, 
	0x6e, 0x2f, 0x68, 0x61, 0x6d, 0x73, 0x74, 0x65, 
	0x72, 0x2d, 0x74, 0x6f, 0x6f, 0x6c, 0x2f, 0x2e, 
	0x62, 0x75, 0x69, 0x6c, 0x64, 0x2f, 0x72, 0x69, 
	0x73, 0x63, 0x76, 0x33, 0x32, 0x2d, 0x68, 0x61, 
	0x6d, 0x73, 0x74, 0x65, 0x72, 0x2d, 0x65, 0x6c, 
	0x66, 0x2f, 0x73, 0x72, 0x63, 0x2f, 0x6e, 0x65, 
	0x77, 0x6c, 0x69, 0x62, 0x2f, 0x6e, 0x65, 0x77, 
	0x6c, 0x69, 0x62, 0x2f, 0x6c, 0x69, 0x62, 0x63, 
	0x2f, 0x72, 0x65, 0x65, 0x6e, 0x74, 0x2f, 0x77, 
	0x72, 0x69, 0x74, 0x65, 0x72, 0x2e, 0x63, 0x00, 
	0x5f, 0x6d, 0x61, 0x6c, 0x6c, 0x6f, 0x63, 0x72, 
	0x2e, 0x63, 0x00, 0x2f, 0x68, 0x6f, 0x6d, 0x65, 
	0x2f, 0x74, 0x69, 0x6e, 0x2f, 0x68, 0x61, 0x6d, 
	0x73, 0x74, 0x65, 0x72, 0x2d, 0x74, 0x6f, 0x6f, 
	0x6c, 0x2f, 0x2e, 0x62, 0x75, 0x69, 0x6c, 0x64, 
	0x2f, 0x72, 0x69, 0x73, 0x63, 0x76, 0x33, 0x32, 
	0x2d, 0x68, 0x61, 0x6d, 0x73, 0x74, 0x65, 0x72, 
	0x2d, 0x65, 0x6c, 0x66, 0x2f, 0x73, 0x72, 0x63, 
	0x2f, 0x6e, 0x65, 0x77, 0x6c, 0x69, 0x62, 0x2f, 
	0x6e, 0x65, 0x77, 0x6c, 0x69, 0x62, 0x2f, 0x6c, 
	0x69, 0x62, 0x63, 0x2f, 0x73, 0x74, 0x64, 0x6c, 
	0x69, 0x62, 0x00, 0x2f, 0x68, 0x6f, 0x6d, 0x65, 
	0x2f, 0x74, 0x69, 0x6e, 0x2f, 0x68, 0x61, 0x6d, 
	0x73, 0x74, 0x65, 0x72, 0x2d, 0x74, 0x6f, 0x6f, 
	0x6c, 0x2f, 0x2e, 0x62, 0x75, 0x69, 0x6c, 0x64, 
	0x2f, 0x72, 0x69, 0x73, 0x63, 0x76, 0x33, 0x32, 
	0x2d, 0x68, 0x61, 0x6d, 0x73, 0x74, 0x65, 0x72, 
	0x2d, 0x65, 0x6c, 0x66, 0x2f, 0x73, 0x72, 0x63, 
	0x2f, 0x6e, 0x65, 0x77, 0x6c, 0x69, 0x62, 0x2f, 
	0x6e, 0x65, 0x77, 0x6c, 0x69, 0x62, 0x2f, 0x6c, 
	0x69, 0x62, 0x63, 0x2f, 0x73, 0x74, 0x64, 0x6c, 
	0x69, 0x62, 0x2f, 0x66, 0x72, 0x65, 0x65, 0x72, 
	0x2e, 0x63, 0x00, 0x2f, 0x68, 0x6f, 0x6d, 0x65, 
	0x2f, 0x74, 0x69, 0x6e, 0x2f, 0x68, 0x61, 0x6d, 
	0x73, 0x74, 0x65, 0x72, 0x2d, 0x74, 0x6f, 0x6f, 
	0x6c, 0x2f, 0x2e, 0x62, 0x75, 0x69, 0x6c, 0x64, 
	0x2f, 0x72, 0x69, 0x73, 0x63, 0x76, 0x33, 0x32, 
	0x2d, 0x68, 0x61, 0x6d, 0x73, 0x74, 0x65, 0x72, 
	0x2d, 0x65, 0x6c, 0x66, 0x2f, 0x73, 0x72, 0x63, 
	0x2f, 0x6e, 0x65, 0x77, 0x6c, 0x69, 0x62, 0x2f, 
	0x6e, 0x65, 0x77, 0x6c, 0x69, 0x62, 0x2f, 0x6c, 
	0x69, 0x62, 0x63, 0x2f, 0x73, 0x74, 0x64, 0x6c, 
	0x69, 0x62, 0x2f, 0x6d, 0x61, 0x6c, 0x6c, 0x6f, 
	0x63, 0x72, 0x2e, 0x63, 0x00, 0x2f, 0x68, 0x6f, 
	0x6d, 0x65, 0x2f, 0x74, 0x69, 0x6e, 0x2f, 0x68, 
	0x61, 0x6d, 0x73, 0x74, 0x65, 0x72, 0x2d, 0x74, 
	0x6f, 0x6f, 0x6c, 0x2f, 0x2e, 0x62, 0x75, 0x69, 
	0x6c, 0x64, 0x2f, 0x72, 0x69, 0x73, 0x63, 0x76, 
	0x33, 0x32, 0x2d, 0x68, 0x61, 0x6d, 0x73, 0x74, 
	0x65, 0x72, 0x2d, 0x65, 0x6c, 0x66, 0x2f, 0x73, 
	0x72, 0x63, 0x2f, 0x6e, 0x65, 0x77, 0x6c, 0x69, 
	0x62, 0x2f, 0x6e, 0x65, 0x77, 0x6c, 0x69, 0x62, 
	0x2f, 0x6c, 0x69, 0x62, 0x63, 0x2f, 0x73, 0x74, 
	0x64, 0x6c, 0x69, 0x62, 0x2f, 0x6d, 0x6c, 0x6f, 
	0x63, 0x6b, 0x2e, 0x63, 0x00, 0x6d, 0x61, 0x6c, 
	0x6c, 0x6f, 0x63, 0x2e, 0x68, 0x00, 0x6c, 0x6f, 
	0x63, 0x61, 0x6c, 0x2e, 0x68, 0x00, 0x2f, 0x68, 
	0x6f, 0x6d, 0x65, 0x2f, 0x74, 0x69, 0x6e, 0x2f, 
	0x68, 0x61, 0x6d, 0x73, 0x74, 0x65, 0x72, 0x2d, 
	0x74, 0x6f, 0x6f, 0x6c, 0x2f, 0x2e, 0x62, 0x75, 
	0x69, 0x6c, 0x64, 0x2f, 0x72, 0x69, 0x73, 0x63, 
	0x76, 0x33, 0x32, 0x2d, 0x68, 0x61, 0x6d, 0x73, 
	0x74, 0x65, 0x72, 0x2d, 0x65, 0x6c, 0x66, 0x2f, 
	0x73, 0x72, 0x63, 0x2f, 0x6e, 0x65, 0x77, 0x6c, 
	0x69, 0x62, 0x2f, 0x6e, 0x65, 0x77, 0x6c, 0x69, 
	0x62, 0x2f, 0x6c, 0x69, 0x62, 0x63, 0x2f, 0x73, 
	0x74, 0x64, 0x69, 0x6f, 0x00, 0x73, 0x74, 0x72, 
	0x69, 0x6e, 0x67, 0x2e, 0x68, 0x00, 0x73, 0x74, 
	0x64, 0x69, 0x6f, 0x2e, 0x68, 0x00, 0x2f, 0x68, 
	0x6f, 0x6d, 0x65, 0x2f, 0x74, 0x69, 0x6e, 0x2f, 
	0x68, 0x61, 0x6d, 0x73, 0x74, 0x65, 0x72, 0x2d, 
	0x74, 0x6f, 0x6f, 0x6c, 0x2f, 0x2e, 0x62, 0x75, 
	0x69, 0x6c, 0x64, 0x2f, 0x72, 0x69, 0x73, 0x63, 
	0x76, 0x33, 0x32, 0x2d, 0x68, 0x61, 0x6d, 0x73, 
	0x74, 0x65, 0x72, 0x2d, 0x65, 0x6c, 0x66, 0x2f, 
	0x73, 0x72, 0x63, 0x2f, 0x6e, 0x65, 0x77, 0x6c, 
	0x69, 0x62, 0x2f, 0x6e, 0x65, 0x77, 0x6c, 0x69, 
	0x62, 0x2f, 0x6c, 0x69, 0x62, 0x63, 0x2f, 0x73, 
	0x74, 0x64, 0x69, 0x6f, 0x2f, 0x66, 0x69, 0x6e, 
	0x64, 0x66, 0x70, 0x2e, 0x63, 0x00, 0x2f, 0x68, 
	0x6f, 0x6d, 0x65, 0x2f, 0x74, 0x69, 0x6e, 0x2f, 
	0x68, 0x61, 0x6d, 0x73, 0x74, 0x65, 0x72, 0x2d, 
	0x74, 0x6f, 0x6f, 0x6c, 0x2f, 0x2e, 0x62, 0x75, 
	0x69, 0x6c, 0x64, 0x2f, 0x72, 0x69, 0x73, 0x63, 
	0x76, 0x33, 0x32, 0x2d, 0x68, 0x61, 0x6d, 0x73, 
	0x74, 0x65, 0x72, 0x2d, 0x65, 0x6c, 0x66, 0x2f, 
	0x73, 0x72, 0x63, 0x2f, 0x6e, 0x65, 0x77, 0x6c, 
	0x69, 0x62, 0x2f, 0x6e, 0x65, 0x77, 0x6c, 0x69, 
	0x62, 0x2f, 0x6c, 0x69, 0x62, 0x63, 0x2f, 0x73, 
	0x74, 0x64, 0x69, 0x6f, 0x2f, 0x66, 0x77, 0x61, 
	0x6c, 0x6b, 0x2e, 0x63, 0x00, 0x2f, 0x68, 0x6f, 
	0x6d, 0x65, 0x2f, 0x74, 0x69, 0x6e, 0x2f, 0x68, 
	0x61, 0x6d, 0x73, 0x74, 0x65, 0x72, 0x2d, 0x74, 
	0x6f, 0x6f, 0x6c, 0x2f, 0x2e, 0x62, 0x75, 0x69, 
	0x6c, 0x64, 0x2f, 0x72, 0x69, 0x73, 0x63, 0x76, 
	0x33, 0x32, 0x2d, 0x68, 0x61, 0x6d, 0x73, 0x74, 
	0x65, 0x72, 0x2d, 0x65, 0x6c, 0x66, 0x2f, 0x73, 
	0x72, 0x63, 0x2f, 0x6e, 0x65, 0x77, 0x6c, 0x69, 
	0x62, 0x2f, 0x6e, 0x65, 0x77, 0x6c, 0x69, 0x62, 
	0x2f, 0x6c, 0x69, 0x62, 0x63, 0x2f, 0x73, 0x74, 
	0x64, 0x69, 0x6f, 0x2f, 0x73, 0x74, 0x64, 0x69, 
	0x6f, 0x2e, 0x63, 0x00, 0x2f, 0x68, 0x6f, 0x6d, 
	0x65, 0x2f, 0x74, 0x69, 0x6e, 0x2f, 0x68, 0x61, 
	0x6d, 0x73, 0x74, 0x65, 0x72, 0x2d, 0x74, 0x6f, 
	0x6f, 0x6c, 0x2f, 0x2e, 0x62, 0x75, 0x69, 0x6c, 
	0x64, 0x2f, 0x72, 0x69, 0x73, 0x63, 0x76, 0x33, 
	0x32, 0x2d, 0x68, 0x61, 0x6d, 0x73, 0x74, 0x65, 
	0x72, 0x2d, 0x65, 0x6c, 0x66, 0x2f, 0x73, 0x72, 
	0x63, 0x2f, 0x6e, 0x65, 0x77, 0x6c, 0x69, 0x62, 
	0x2f, 0x6e, 0x65, 0x77, 0x6c, 0x69, 0x62, 0x2f, 
	0x6c, 0x69, 0x62, 0x63, 0x2f, 0x72, 0x65, 0x65, 
	0x6e, 0x74, 0x2f, 0x6c, 0x73, 0x65, 0x65, 0x6b, 
	0x72, 0x2e, 0x63, 0x00, 0x2f, 0x68, 0x6f, 0x6d, 
	0x65, 0x2f, 0x74, 0x69, 0x6e, 0x2f, 0x68, 0x61, 
	0x6d, 0x73, 0x74, 0x65, 0x72, 0x2d, 0x74, 0x6f, 
	0x6f, 0x6c, 0x2f, 0x2e, 0x62, 0x75, 0x69, 0x6c, 
	0x64, 0x2f, 0x72, 0x69, 0x73, 0x63, 0x76, 0x33, 
	0x32, 0x2d, 0x68, 0x61, 0x6d, 0x73, 0x74, 0x65, 
	0x72, 0x2d, 0x65, 0x6c, 0x66, 0x2f, 0x73, 0x72, 
	0x63, 0x2f, 0x6e, 0x65, 0x77, 0x6c, 0x69, 0x62, 
	0x2f, 0x6e, 0x65, 0x77, 0x6c, 0x69, 0x62, 0x2f, 
	0x6c, 0x69, 0x62, 0x63, 0x2f, 0x72, 0x65, 0x65, 
	0x6e, 0x74, 0x2f, 0x72, 0x65, 0x61, 0x64, 0x72, 
	0x2e, 0x63, 0x00, 0x2f, 0x68, 0x6f, 0x6d, 0x65, 
	0x2f, 0x74, 0x69, 0x6e, 0x2f, 0x68, 0x61, 0x6d, 
	0x73, 0x74, 0x65, 0x72, 0x2d, 0x74, 0x6f, 0x6f, 
	0x6c, 0x2f, 0x2e, 0x62, 0x75, 0x69, 0x6c, 0x64, 
	0x2f, 0x72, 0x69, 0x73, 0x63, 0x76, 0x33, 0x32, 
	0x2d, 0x68, 0x61, 0x6d, 0x73, 0x74, 0x65, 0x72, 
	0x2d, 0x65, 0x6c, 0x66, 0x2f, 0x73, 0x72, 0x63, 
	0x2f, 0x6e, 0x65, 0x77, 0x6c, 0x69, 0x62, 0x2f, 
	0x6e, 0x65, 0x77, 0x6c, 0x69, 0x62, 0x2f, 0x6c, 
	0x69, 0x62, 0x63, 0x2f, 0x72, 0x65, 0x65, 0x6e, 
	0x74, 0x2f, 0x73, 0x62, 0x72, 0x6b, 0x72, 0x2e, 
	0x63, 0x00, 0x2f, 0x68, 0x6f, 0x6d, 0x65, 0x2f, 
	0x74, 0x69, 0x6e, 0x2f, 0x68, 0x61, 0x6d, 0x73, 
	0x74, 0x65, 0x72, 0x2d, 0x74, 0x6f, 0x6f, 0x6c, 
	0x2f, 0x2e, 0x62, 0x75, 0x69, 0x6c, 0x64, 0x2f, 
	0x72, 0x69, 0x73, 0x63, 0x76, 0x33, 0x32, 0x2d, 
	0x68, 0x61, 0x6d, 0x73, 0x74, 0x65, 0x72, 0x2d, 
	0x65, 0x6c, 0x66, 0x2f, 0x73, 0x72, 0x63, 0x2f, 
	0x6e, 0x65, 0x77, 0x6c, 0x69, 0x62, 0x2f, 0x6e, 
	0x65, 0x77, 0x6c, 0x69, 0x62, 0x2f, 0x6c, 0x69, 
	0x62, 0x63, 0x2f, 0x6d, 0x61, 0x63, 0x68, 0x69, 
	0x6e, 0x65, 0x2f, 0x72, 0x69, 0x73, 0x63, 0x76, 
	0x00, 0x6d, 0x65, 0x6d, 0x73, 0x65, 0x74, 0x2e, 
	0x53, 0x00, 0x2f, 0x68, 0x6f, 0x6d, 0x65, 0x2f, 
	0x74, 0x69, 0x6e, 0x2f, 0x68, 0x61, 0x6d, 0x73, 
	0x74, 0x65, 0x72, 0x2d, 0x74, 0x6f, 0x6f, 0x6c, 
	0x2f, 0x2e, 0x62, 0x75, 0x69, 0x6c, 0x64, 0x2f, 
	0x72, 0x69, 0x73, 0x63, 0x76, 0x33, 0x32, 0x2d, 
	0x68, 0x61, 0x6d, 0x73, 0x74, 0x65, 0x72, 0x2d, 
	0x65, 0x6c, 0x66, 0x2f, 0x73, 0x72, 0x63, 0x2f, 
	0x6e, 0x65, 0x77, 0x6c, 0x69, 0x62, 0x2f, 0x6e, 
	0x65, 0x77, 0x6c, 0x69, 0x62, 0x2f, 0x6c, 0x69, 
	0x62, 0x63, 0x2f, 0x73, 0x74, 0x64, 0x69, 0x6f, 
	0x2f, 0x66, 0x63, 0x6c, 0x6f, 0x73, 0x65, 0x2e, 
	0x63, 0x00, 0x2f, 0x68, 0x6f, 0x6d, 0x65, 0x2f, 
	0x74, 0x69, 0x6e, 0x2f, 0x68, 0x61, 0x6d, 0x73, 
	0x74, 0x65, 0x72, 0x2d, 0x74, 0x6f, 0x6f, 0x6c, 
	0x2f, 0x2e, 0x62, 0x75, 0x69, 0x6c, 0x64, 0x2f, 
	0x72, 0x69, 0x73, 0x63, 0x76, 0x33, 0x32, 0x2d, 
	0x68, 0x61, 0x6d, 0x73, 0x74, 0x65, 0x72, 0x2d, 
	0x65, 0x6c, 0x66, 0x2f, 0x73, 0x72, 0x63, 0x2f, 
	0x6e, 0x65, 0x77, 0x6c, 0x69, 0x62, 0x2f, 0x6e, 
	0x65, 0x77, 0x6c, 0x69, 0x62, 0x2f, 0x6c, 0x69, 
	0x62, 0x63, 0x2f, 0x73, 0x74, 0x64, 0x69, 0x6f, 
	0x2f, 0x66, 0x66, 0x6c, 0x75, 0x73, 0x68, 0x2e, 
	0x63, 0x00, 0x69, 0x6e, 0x74, 0x65, 0x72, 0x6e, 
	0x61, 0x6c, 0x5f, 0x73, 0x79, 0x73, 0x63, 0x61, 
	0x6c, 0x6c, 0x2e, 0x68, 0x00, 0x65, 0x72, 0x72, 
	0x6e, 0x6f, 0x2e, 0x68, 0x00, 0x2f, 0x68, 0x6f, 
	0x6d, 0x65, 0x2f, 0x74, 0x69, 0x6e, 0x2f, 0x68, 
	0x61, 0x6d, 0x73, 0x74, 0x65, 0x72, 0x2d, 0x74, 
	0x6f, 0x6f, 0x6c, 0x2f, 0x2e, 0x62, 0x75, 0x69, 
	0x6c, 0x64, 0x2f, 0x72, 0x69, 0x73, 0x63, 0x76, 
	0x33, 0x32, 0x2d, 0x68, 0x61, 0x6d, 0x73, 0x74, 
	0x65, 0x72, 0x2d, 0x65, 0x6c, 0x66, 0x2f, 0x62, 
	0x75, 0x69, 0x6c, 0x64, 0x2f, 0x62, 0x75, 0x69, 
	0x6c, 0x64, 0x2d, 0x6c, 0x69, 0x62, 0x63, 0x2f, 
	0x72, 0x69, 0x73, 0x63, 0x76, 0x33, 0x32, 0x2d, 
	0x68, 0x61, 0x6d, 0x73, 0x74, 0x65, 0x72, 0x2d, 
	0x65, 0x6c, 0x66, 0x2f, 0x6c, 0x69, 0x62, 0x67, 
	0x6c, 0x6f, 0x73, 0x73, 0x00, 0x2f, 0x68, 0x6f, 
	0x6d, 0x65, 0x2f, 0x74, 0x69, 0x6e, 0x2f, 0x68, 
	0x61, 0x6d, 0x73, 0x74, 0x65, 0x72, 0x2d, 0x74, 
	0x6f, 0x6f, 0x6c, 0x2f, 0x2e, 0x62, 0x75, 0x69, 
	0x6c, 0x64, 0x2f, 0x72, 0x69, 0x73, 0x63, 0x76, 
	0x33, 0x32, 0x2d, 0x68, 0x61, 0x6d, 0x73, 0x74, 
	0x65, 0x72, 0x2d, 0x65, 0x6c, 0x66, 0x2f, 0x73, 
	0x72, 0x63, 0x2f, 0x6e, 0x65, 0x77, 0x6c, 0x69, 
	0x62, 0x2f, 0x6c, 0x69, 0x62, 0x67, 0x6c, 0x6f, 
	0x73, 0x73, 0x2f, 0x72, 0x69, 0x73, 0x63, 0x76, 
	0x2f, 0x73, 0x79, 0x73, 0x5f, 0x63, 0x6c, 0x6f, 
	0x73, 0x65, 0x2e, 0x63, 0x00, 0x2f, 0x68, 0x6f, 
	0x6d, 0x65, 0x2f, 0x74, 0x69, 0x6e, 0x2f, 0x68, 
	0x61, 0x6d, 0x73, 0x74, 0x65, 0x72, 0x2d, 0x74, 
	0x6f, 0x6f, 0x6c, 0x2f, 0x2e, 0x62, 0x75, 0x69, 
	0x6c, 0x64, 0x2f, 0x72, 0x69, 0x73, 0x63, 0x76, 
	0x33, 0x32, 0x2d, 0x68, 0x61, 0x6d, 0x73, 0x74, 
	0x65, 0x72, 0x2d, 0x65, 0x6c, 0x66, 0x2f, 0x73, 
	0x72, 0x63, 0x2f, 0x6e, 0x65, 0x77, 0x6c, 0x69, 
	0x62, 0x2f, 0x6c, 0x69, 0x62, 0x67, 0x6c, 0x6f, 
	0x73, 0x73, 0x2f, 0x72, 0x69, 0x73, 0x63, 0x76, 
	0x00, 0x2f, 0x68, 0x6f, 0x6d, 0x65, 0x2f, 0x74, 
	0x69, 0x6e, 0x2f, 0x68, 0x61, 0x6d, 0x73, 0x74, 
	0x65, 0x72, 0x2d, 0x74, 0x6f, 0x6f, 0x6c, 0x2f, 
	0x2e, 0x62, 0x75, 0x69, 0x6c, 0x64, 0x2f, 0x72, 
	0x69, 0x73, 0x63, 0x76, 0x33, 0x32, 0x2d, 0x68, 
	0x61, 0x6d, 0x73, 0x74, 0x65, 0x72, 0x2d, 0x65, 
	0x6c, 0x66, 0x2f, 0x73, 0x72, 0x63, 0x2f, 0x6e, 
	0x65, 0x77, 0x6c, 0x69, 0x62, 0x2f, 0x6c, 0x69, 
	0x62, 0x67, 0x6c, 0x6f, 0x73, 0x73, 0x2f, 0x72, 
	0x69, 0x73, 0x63, 0x76, 0x2f, 0x73, 0x79, 0x73, 
	0x5f, 0x6c, 0x73, 0x65, 0x65, 0x6b, 0x2e, 0x63, 
	0x00, 0x2f, 0x68, 0x6f, 0x6d, 0x65, 0x2f, 0x74, 
	0x69, 0x6e, 0x2f, 0x68, 0x61, 0x6d, 0x73, 0x74, 
	0x65, 0x72, 0x2d, 0x74, 0x6f, 0x6f, 0x6c, 0x2f, 
	0x2e, 0x62, 0x75, 0x69, 0x6c, 0x64, 0x2f, 0x72, 
	0x69, 0x73, 0x63, 0x76, 0x33, 0x32, 0x2d, 0x68, 
	0x61, 0x6d, 0x73, 0x74, 0x65, 0x72, 0x2d, 0x65, 
	0x6c, 0x66, 0x2f, 0x73, 0x72, 0x63, 0x2f, 0x6e, 
	0x65, 0x77, 0x6c, 0x69, 0x62, 0x2f, 0x6c, 0x69, 
	0x62, 0x67, 0x6c, 0x6f, 0x73, 0x73, 0x2f, 0x72, 
	0x69, 0x73, 0x63, 0x76, 0x2f, 0x73, 0x79, 0x73, 
	0x5f, 0x72, 0x65, 0x61, 0x64, 0x2e, 0x63, 0x00, 
	0x2f, 0x68, 0x6f, 0x6d, 0x65, 0x2f, 0x74, 0x69, 
	0x6e, 0x2f, 0x68, 0x61, 0x6d, 0x73, 0x74, 0x65, 
	0x72, 0x2d, 0x74, 0x6f, 0x6f, 0x6c, 0x2f, 0x2e, 
	0x62, 0x75, 0x69, 0x6c, 0x64, 0x2f, 0x72, 0x69, 
	0x73, 0x63, 0x76, 0x33, 0x32, 0x2d, 0x68, 0x61, 
	0x6d, 0x73, 0x74, 0x65, 0x72, 0x2d, 0x65, 0x6c, 
	0x66, 0x2f, 0x73, 0x72, 0x63, 0x2f, 0x6e, 0x65, 
	0x77, 0x6c, 0x69, 0x62, 0x2f, 0x6c, 0x69, 0x62, 
	0x67, 0x6c, 0x6f, 0x73, 0x73, 0x2f, 0x72, 0x69, 
	0x73, 0x63, 0x76, 0x2f, 0x73, 0x79, 0x73, 0x5f, 
	0x73, 0x62, 0x72, 0x6b, 0x2e, 0x63, 0x00, 0x2f, 
	0x68, 0x6f, 0x6d, 0x65, 0x2f, 0x74, 0x69, 0x6e, 
	0x2f, 0x68, 0x61, 0x6d, 0x73, 0x74, 0x65, 0x72, 
	0x2d, 0x74, 0x6f, 0x6f, 0x6c, 0x2f, 0x2e, 0x62, 
	0x75, 0x69, 0x6c, 0x64, 0x2f, 0x72, 0x69, 0x73, 
	0x63, 0x76, 0x33, 0x32, 0x2d, 0x68, 0x61, 0x6d, 
	0x73, 0x74, 0x65, 0x72, 0x2d, 0x65, 0x6c, 0x66, 
	0x2f, 0x73, 0x72, 0x63, 0x2f, 0x6e, 0x65, 0x77, 
	0x6c, 0x69, 0x62, 0x2f, 0x6c, 0x69, 0x62, 0x67, 
	0x6c, 0x6f, 0x73, 0x73, 0x2f, 0x72, 0x69, 0x73, 
	0x63, 0x76, 0x2f, 0x73, 0x79, 0x73, 0x5f, 0x77, 
	0x72, 0x69, 0x74, 0x65, 0x2e, 0x63, 0x00, 0x2f, 
	0x68, 0x6f, 0x6d, 0x65, 0x2f, 0x74, 0x69, 0x6e, 
	0x2f, 0x68, 0x61, 0x6d, 0x73, 0x74, 0x65, 0x72, 
	0x2d, 0x74, 0x6f, 0x6f, 0x6c, 0x2f, 0x2e, 0x62, 
	0x75, 0x69, 0x6c, 0x64, 0x2f, 0x72, 0x69, 0x73, 
	0x63, 0x76, 0x33, 0x32, 0x2d, 0x68, 0x61, 0x6d, 
	0x73, 0x74, 0x65, 0x72, 0x2d, 0x65, 0x6c, 0x66, 
	0x2f, 0x73, 0x72, 0x63, 0x2f, 0x6e, 0x65, 0x77, 
	0x6c, 0x69, 0x62, 0x2f, 0x6e, 0x65, 0x77, 0x6c, 
	0x69, 0x62, 0x2f, 0x6c, 0x69, 0x62, 0x63, 0x2f, 
	0x65, 0x72, 0x72, 0x6e, 0x6f, 0x00, 0x2f, 0x68, 
	0x6f, 0x6d, 0x65, 0x2f, 0x74, 0x69, 0x6e, 0x2f, 
	0x68, 0x61, 0x6d, 0x73, 0x74, 0x65, 0x72, 0x2d, 
	0x74, 0x6f, 0x6f, 0x6c, 0x2f, 0x2e, 0x62, 0x75, 
	0x69, 0x6c, 0x64, 0x2f, 0x72, 0x69, 0x73, 0x63, 
	0x76, 0x33, 0x32, 0x2d, 0x68, 0x61, 0x6d, 0x73, 
	0x74, 0x65, 0x72, 0x2d, 0x65, 0x6c, 0x66, 0x2f, 
	0x73, 0x72, 0x63, 0x2f, 0x6e, 0x65, 0x77, 0x6c, 
	0x69, 0x62, 0x2f, 0x6e, 0x65, 0x77, 0x6c, 0x69, 
	0x62, 0x2f, 0x6c, 0x69, 0x62, 0x63, 0x2f, 0x65, 
	0x72, 0x72, 0x6e, 0x6f, 0x2f, 0x65, 0x72, 0x72, 
	0x6e, 0x6f, 0x2e, 0x63, 0x00, 0x27, 0x00, 0x00, 
	0x00, 0x05, 0x00, 0x04, 0x00, 0x00, 0x00, 0x00, 
	0x00, 0x00, 0x05, 0x05, 0x06, 0x06, 0x00, 0x04, 
	0x00, 0x08, 0x01, 0x5a, 0x04, 0x08, 0x0b, 0x01, 
	0x5b, 0x04, 0x0b, 0x0c, 0x0a, 0xa3, 0x03, 0xa5, 
	0x0a, 0x2b, 0xa8, 0x32, 0xa8, 0x00, 0x9f, 0x00, 
	0x4e, 0x00, 0x00, 0x00, 0x05, 0x00, 0x04, 0x00, 
	0x00, 0x00, 0x00, 0x00, 0x00, 0x0b, 0x0b, 0x0e, 
	0x0e, 0x00, 0x04, 0x00, 0x28, 0x01, 0x5a, 0x04, 
	0x28, 0x3b, 0x01, 0x5b, 0x04, 0x3b, 0x48, 0x0a, 
	0xa3, 0x03, 0xa5, 0x0a, 0x2b, 0xa8, 0x32, 0xa8, 
	0x00, 0x9f, 0x00, 0x00, 0x0a, 0x0a, 0x0e, 0x0e, 
	0x00, 0x04, 0x00, 0x24, 0x01, 0x5b, 0x04, 0x24, 
	0x3b, 0x01, 0x5c, 0x04, 0x3b, 0x48, 0x0a, 0xa3, 
	0x03, 0xa5, 0x0b, 0x2b, 0xa8, 0x32, 0xa8, 0x00, 
	0x9f, 0x00, 0x0e, 0x00, 0x04, 0x3c, 0x48, 0x01, 
	0x5a, 0x00, 0x65, 0x00, 0x00, 0x00, 0x05, 0x00, 
	0x04, 0x00, 0x00, 0x00, 0x00, 0x00, 0x00, 0x07, 
	0x07, 0x08, 0x08, 0x00, 0x04, 0x00, 0x10, 0x01, 
	0x5a, 0x04, 0x10, 0x13, 0x01, 0x5b, 0x04, 0x13, 
	0x14, 0x0a, 0xa3, 0x03, 0xa5, 0x0a, 0x2b, 0xa8, 
	0x32, 0xa8, 0x00, 0x9f, 0x00, 0x00, 0x06, 0x06, 
	0x08, 0x08, 0x00, 0x04, 0x00, 0x0c, 0x01, 0x5b, 
	0x04, 0x0c, 0x13, 0x01, 0x5c, 0x04, 0x13, 0x14, 
	0x0a, 0xa3, 0x03, 0xa5, 0x0b, 0x2b, 0xa8, 0x32, 
	0xa8, 0x00, 0x9f, 0x00, 0x00, 0x05, 0x05, 0x08, 
	0x08, 0x00, 0x04, 0x00, 0x08, 0x01, 0x5c, 0x04, 
	0x08, 0x13, 0x01, 0x5d, 0x04, 0x13, 0x14, 0x0a, 
	0xa3, 0x03, 0xa5, 0x0c, 0x2b, 0xa8, 0x32, 0xa8, 
	0x00, 0x9f, 0x00, 0x47, 0x00, 0x00, 0x00, 0x05, 
	0x00, 0x04, 0x00, 0x00, 0x00, 0x00, 0x00, 0x00, 
	0x07, 0x07, 0x12, 0x12, 0x00, 0x04, 0x00, 0x14, 
	0x01, 0x5a, 0x04, 0x14, 0x40, 0x01, 0x59, 0x04, 
	0x40, 0x48, 0x0a, 0xa3, 0x03, 0xa5, 0x0a, 0x2b, 
	0xa8, 0x32, 0xa8, 0x00, 0x9f, 0x00, 0x00, 0x0b, 
	0x0b, 0x00, 0x04, 0x00, 0x1f, 0x01, 0x5b, 0x04, 
	0x1f, 0x48, 0x0a, 0xa3, 0x03, 0xa5, 0x0b, 0x2b, 
	0xa8, 0x32, 0xa8, 0x00, 0x9f, 0x00, 0x0b, 0x00, 
	0x04, 0x20, 0x48, 0x01, 0x5a, 0x00, 0x96, 0x00, 
	0x00, 0x00, 0x05, 0x00, 0x04, 0x00, 0x00, 0x00, 
	0x00, 0x00, 0x00, 0x09, 0x09, 0x31, 0x31, 0x33, 
	0x33, 0x33, 0x33, 0x34, 0x34, 0x35, 0x35, 0x00, 
	0x04, 0x00, 0x34, 0x01, 0x5a, 0x04, 0x34, 0xb8, 
	0x01, 0x01, 0x58, 0x04, 0xb8, 0x01, 0xcf, 0x01, 
	0x01, 0x5a, 0x04, 0xcf, 0x01, 0xd0, 0x01, 0x0a, 
	0xa3, 0x03, 0xa5, 0x0a, 0x2b, 0xa8, 0x32, 0xa8, 
	0x00, 0x9f, 0x04, 0xd0, 0x01, 0xd8, 0x01, 0x01, 
	0x58, 0x04, 0xd8, 0x01, 0xec, 0x01, 0x0a, 0xa3, 
	0x03, 0xa5, 0x0a, 0x2b, 0xa8, 0x32, 0xa8, 0x00, 
	0x9f, 0x04, 0xec, 0x01, 0xf0, 0x01, 0x01, 0x5a, 
	0x00, 0x23, 0x26, 0x04, 0x84, 0x01, 0x8f, 0x01, 
	0x01, 0x5b, 0x00, 0x0c, 0x12, 0x21, 0x25, 0x25, 
	0x27, 0x04, 0x40, 0x50, 0x01, 0x5b, 0x04, 0x84, 
	0x01, 0x88, 0x01, 0x01, 0x5b, 0x04, 0x88, 0x01, 
	0x98, 0x01, 0x01, 0x63, 0x00, 0x1c, 0x1f, 0x1f, 
	0x20, 0x04, 0x70, 0xfc, 0x00, 0x01, 0x59, 0x04, 
	0xfc, 0x00, 0xff, 0x00, 0x01, 0x5b, 0x00, 0x1b, 
	0x21, 0x04, 0x70, 0x84, 0x01, 0x01, 0x59, 0x00, 
	0x85, 0x00, 0x00, 0x00, 0x05, 0x00, 0x04, 0x00, 
	0x00, 0x00, 0x00, 0x00, 0x00, 0x06, 0x06, 0x13, 
	0x13, 0x00, 0x04, 0x00, 0x14, 0x01, 0x5a, 0x04, 
	0x14, 0x48, 0x01, 0x59, 0x04, 0x48, 0x50, 0x0a, 
	0xa3, 0x03, 0xa5, 0x0a, 0x2b, 0xa8, 0x32, 0xa8, 
	0x00, 0x9f, 0x00, 0x00, 0x07, 0x07, 0x0c, 0x0c, 
	0x00, 0x04, 0x00, 0x18, 0x01, 0x5b, 0x04, 0x18, 
	0x27, 0x01, 0x5a, 0x04, 0x27, 0x50, 0x0a, 0xa3, 
	0x03, 0xa5, 0x0b, 0x2b, 0xa8, 0x32, 0xa8, 0x00, 
	0x9f, 0x00, 0x00, 0x08, 0x08, 0x0c, 0x0c, 0x00, 
	0x04, 0x00, 0x1c, 0x01, 0x5c, 0x04, 0x1c, 0x27, 
	0x01, 0x5b, 0x04, 0x27, 0x50, 0x0a, 0xa3, 0x03, 
	0xa5, 0x0c, 0x2b, 0xa8, 0x32, 0xa8, 0x00, 0x9f, 
	0x00, 0x00, 0x0c, 0x0c, 0x00, 0x04, 0x00, 0x27, 
	0x01, 0x5d, 0x04, 0x27, 0x50, 0x0a, 0xa3, 0x03, 
	0xa5, 0x0d, 0x2b, 0xa8, 0x32, 0xa8, 0x00, 0x9f, 
	0x00, 0x0c, 0x00, 0x04, 0x28, 0x50, 0x01, 0x5a, 
	0x00, 0x85, 0x00, 0x00, 0x00, 0x05, 0x00, 0x04, 
	0x00, 0x00, 0x00, 0x00, 0x00, 0x00, 0x06, 0x06, 
	0x13, 0x13, 0x00, 0x04, 0x00, 0x14, 0x01, 0x5a, 
	0x04, 0x14, 0x48, 0x01, 0x59, 0x04, 0x48, 0x50, 
	0x0a, 0xa3, 0x03, 0xa5, 0x0a, 0x2b, 0xa8, 0x32, 
	0xa8, 0x00, 0x9f, 0x00, 0x00, 0x07, 0x07, 0x0c, 
	0x0c, 0x00, 0x04, 0x00, 0x18, 0x01, 0x5b, 0x04, 
	0x18, 0x27, 0x01, 0x5a, 0x04, 0x27, 0x50, 0x0a, 
	0xa3, 0x03, 0xa5, 0x0b, 0x2b, 0xa8, 0x32, 0xa8, 
	0x00, 0x9f, 0x00, 0x00, 0x08, 0x08, 0x0c, 0x0c, 
	0x00, 0x04, 0x00, 0x1c, 0x01, 0x5c, 0x04, 0x1c, 
	0x27, 0x01, 0x5b, 0x04, 0x27, 0x50, 0x0a, 0xa3, 
	0x03, 0xa5, 0x0c, 0x2b, 0xa8, 0x32, 0xa8, 0x00, 
	0x9f, 0x00, 0x00, 0x0c, 0x0c, 0x00, 0x04, 0x00, 
	0x27, 0x01, 0x5d, 0x04, 0x27, 0x50, 0x0a, 0xa3, 
	0x03, 0xa5, 0x0d, 0x2b, 0xa8, 0x32, 0xa8, 0x00, 
	0x9f, 0x00, 0x0c, 0x00, 0x04, 0x28, 0x50, 0x01, 
	0x5a, 0x00, 0x4d, 0x03, 0x00, 0x00, 0x05, 0x00, 
	0x04, 0x00, 0x00, 0x00, 0x00, 0x00, 0x00, 0x0d, 
	0x0d, 0x1c, 0x1c, 0x1e, 0x1e, 0x00, 0x04, 0x00, 
	0x2b, 0x01, 0x5a, 0x04, 0x2b, 0xfc, 0x00, 0x01, 
	0x63, 0x04, 0xfc, 0x00, 0x84, 0x01, 0x0a, 0xa3, 
	0x03, 0xa5, 0x0a, 0x2b, 0xa8, 0x32, 0xa8, 0x00, 
	0x9f, 0x04, 0x84, 0x01, 0x90, 0x02, 0x01, 0x63, 
	0x00, 0x00, 0x0d, 0x0d, 0x1d, 0x1d, 0x1e, 0x1e, 
	0x00, 0x04, 0x00, 0x2b, 0x01, 0x5b, 0x04, 0x2b, 
	0x80, 0x01, 0x02, 0x91, 0x5c, 0x04, 0x80, 0x01, 
	0x84, 0x01, 0x02, 0x72, 0x5c, 0x04, 0x84, 0x01, 
	0x90, 0x02, 0x02, 0x91, 0x5c, 0x00, 0x10, 0x17, 
	0x1e, 0x2f, 0x2f, 0x34, 0x34, 0x36, 0x38, 0x39, 
	0x04, 0x40, 0x5c, 0x01, 0x59, 0x04, 0x84, 0x01, 
	0xc8, 0x01, 0x01, 0x59, 0x04, 0xc8, 0x01, 0xd4, 
	0x01, 0x01, 0x5f, 0x04, 0xd4, 0x01, 0xdc, 0x01, 
	0x06, 0x7a, 0x00, 0x7e, 0x00, 0x1c, 0x9f, 0x04, 
	0xe4, 0x01, 0xec, 0x01, 0x01, 0x59, 0x00, 0x15, 
	0x1b, 0x1e, 0x00, 0x04, 0x58, 0x70, 0x01, 0x58, 
	0x04, 0x84, 0x01, 0x90, 0x02, 0x01, 0x58, 0x00, 
	0x20, 0x25, 0x2b, 0x36, 0x04, 0x90, 0x01, 0xa4, 
	0x01, 0x01, 0x5a, 0x04, 0xbc, 0x01, 0xdc, 0x01, 
	0x01, 0x5a, 0x00, 0x26, 0x2a, 0x38, 0x3e, 0x04, 
	0xa8, 0x01, 0xb8, 0x01, 0x01, 0x5a, 0x04, 0xe4, 
	0x01, 0xfc, 0x01, 0x01, 0x5a, 0x00, 0x00, 0x11, 
	0x11, 0x40, 0x40, 0x42, 0x42, 0x42, 0x42, 0xa0, 
	0x01, 0xa0, 0x01, 0x00, 0x04, 0x90, 0x02, 0xaf, 
	0x02, 0x01, 0x5a, 0x04, 0xaf, 0x02, 0xb0, 0x03, 
	0x01, 0x59, 0x04, 0xb0, 0x03, 0xb7, 0x03, 0x01, 
	0x5a, 0x04, 0xb7, 0x03, 0xb8, 0x03, 0x0a, 0xa3, 
	0x03, 0xa5, 0x0a, 0x2b, 0xa8, 0x32, 0xa8, 0x00, 
	0x9f, 0x04, 0xb8, 0x03, 0xe0, 0x06, 0x01, 0x59, 
	0x04, 0xe0, 0x06, 0xe4, 0x06, 0x01, 0x5a, 0x00, 
	0x00, 0x11, 0x11, 0x3d, 0x3d, 0x42, 0x42, 0xa0, 
	0x01, 0xa0, 0x01, 0x00, 0x04, 0x90, 0x02, 0xaf, 
	0x02, 0x01, 0x5b, 0x04, 0xaf, 0x02, 0xa4, 0x03, 
	0x01, 0x58, 0x04, 0xa4, 0x03, 0xb8, 0x03, 0x0a, 
	0xa3, 0x03, 0xa5, 0x0b, 0x2b, 0xa8, 0x32, 0xa8, 
	0x00, 0x9f, 0x04, 0xb8, 0x03, 0xe0, 0x06, 0x01, 
	0x58, 0x04, 0xe0, 0x06, 0xe4, 0x06, 0x01, 0x5b, 
	0x00, 0x14, 0x3b, 0x42, 0xa0, 0x01, 0x04, 0xb8, 
	0x02, 0x9f, 0x03, 0x01, 0x5c, 0x04, 0xb8, 0x03, 
	0xe0, 0x06, 0x01, 0x5c, 0x00, 0x15, 0x20, 0x20, 
	0x34, 0x42, 0x43, 0x04, 0xb8, 0x02, 0xd4, 0x02, 
	0x01, 0x5b, 0x04, 0xd4, 0x02, 0x88, 0x03, 0x02, 
	0x78, 0x7c, 0x04, 0xb8, 0x03, 0xbc, 0x03, 0x02, 
	0x78, 0x7c, 0x00, 0x19, 0x25, 0x25, 0x3b, 0x42, 
	0x6d, 0x78, 0x88, 0x01, 0x8e, 0x01, 0xa0, 0x01, 
	0x04, 0xc0, 0x02, 0xe0, 0x02, 0x01, 0x5f, 0x04, 
	0xe0, 0x02, 0x9f, 0x03, 0x01, 0x5e, 0x04, 0xb8, 
	0x03, 0xd8, 0x04, 0x01, 0x5f, 0x04, 0x84, 0x05, 
	0xd0, 0x05, 0x01, 0x5f, 0x04, 0xf4, 0x05, 0xe0, 
	0x06, 0x01, 0x5f, 0x00, 0x6b, 0x6d, 0x81, 0x01, 
	0x87, 0x01, 0x90, 0x01, 0x91, 0x01, 0x93, 0x01, 
	0x94, 0x01, 0x96, 0x01, 0x97, 0x01, 0x04, 0xc4, 
	0x04, 0xd8, 0x04, 0x05, 0x7f, 0x00, 0x33, 0x25, 
	0x9f, 0x04, 0xb0, 0x05, 0xcc, 0x05, 0x01, 0x5e, 
	0x04, 0x80, 0x06, 0x84, 0x06, 0x01, 0x5e, 0x04, 
	0x94, 0x06, 0x98, 0x06, 0x01, 0x5e, 0x04, 0xa8, 
	0x06, 0xac, 0x06, 0x01, 0x5e, 0x00, 0x1b, 0x2d, 
	0x2d, 0x34, 0x42, 0x64, 0x78, 0x7a, 0x04, 0xc4, 
	0x02, 0xf0, 0x02, 0x01, 0x5d, 0x04, 0xf0, 0x02, 
	0x88, 0x03, 0x0c, 0x78, 0x7c, 0x06, 0x09, 0xfe, 
	0x1a, 0x78, 0x00, 0x22, 0x38, 0x1c, 0x9f, 0x04, 
	0xb8, 0x03, 0xa8, 0x04, 0x01, 0x5d, 0x04, 0x84, 
	0x05, 0x90, 0x05, 0x01, 0x5d, 0x00, 0x21, 0x25, 
	0x25, 0x2d, 0x2d, 0x34, 0x42, 0x5d, 0x5d, 0x64, 
	0x78, 0x79, 0x79, 0x7a, 0x04, 0xd8, 0x02, 0xe0, 
	0x02, 0x01, 0x5e, 0x04, 0xe0, 0x02, 0xf0, 0x02, 
	0x07, 0x7d, 0x04, 0x06, 0x09, 0xfc, 0x1a, 0x9f, 
	0x04, 0xf0, 0x02, 0x88, 0x03, 0x10, 0x78, 0x7c, 
	0x06, 0x09, 0xfe, 0x1a, 0x78, 0x00, 0x22, 0x34, 
	0x1c, 0x06, 0x09, 0xfc, 0x1a, 0x9f, 0x04, 0xb8, 
	0x03, 0x84, 0x04, 0x01, 0x5e, 0x04, 0x84, 0x04, 
	0xa8, 0x04, 0x02, 0x7d, 0x04, 0x04, 0x84, 0x05, 
	0x8c, 0x05, 0x01, 0x5e, 0x04, 0x8c, 0x05, 0x90, 
	0x05, 0x02, 0x7d, 0x04, 0x00, 0x29, 0x2f, 0x2f, 
	0x32, 0x49, 0x50, 0x50, 0x55, 0x78, 0x79, 0x04, 
	0xe8, 0x02, 0xf8, 0x02, 0x01, 0x5f, 0x04, 0xf8, 
	0x02, 0x80, 0x03, 0x02, 0x78, 0x78, 0x04, 0xc8, 
	0x03, 0xdc, 0x03, 0x01, 0x5b, 0x04, 0xdc, 0x03, 
	0xec, 0x03, 0x02, 0x78, 0x78, 0x04, 0x84, 0x05, 
	0x8c, 0x05, 0x02, 0x78, 0x78, 0x00, 0x2f, 0x32, 
	0x52, 0x55, 0x6f, 0x73, 0x73, 0x78, 0x7a, 0x7e, 
	0x82, 0x01, 0x8e, 0x01, 0x9b, 0x01, 0x9f, 0x01, 
	0x04, 0xf8, 0x02, 0x80, 0x03, 0x01, 0x5f, 0x04, 
	0xe4, 0x03, 0xec, 0x03, 0x01, 0x61, 0x04, 0xe8, 
	0x04, 0xf0, 0x04, 0x03, 0x7f, 0x78, 0x9f, 0x04, 
	0xf0, 0x04, 0x84, 0x05, 0x01, 0x5d, 0x04, 0x90, 
	0x05, 0x9c, 0x05, 0x01, 0x5d, 0x04, 0xc0, 0x05, 
	0xf4, 0x05, 0x01, 0x5b, 0x04, 0xc4, 0x06, 0xdc, 
	0x06, 0x01, 0x5b, 0x00, 0x30, 0x32, 0x53, 0x55, 
	0x71, 0x78, 0x84, 0x01, 0x8e, 0x01, 0x9b, 0x01, 
	0xa0, 0x01, 0x04, 0xf8, 0x02, 0x80, 0x03, 0x01, 
	0x5d, 0x04, 0xe4, 0x03, 0xec, 0x03, 0x01, 0x5b, 
	0x04, 0xec, 0x04, 0x84, 0x05, 0x01, 0x5e, 0x04, 
	0xc4, 0x05, 0xf4, 0x05, 0x01, 0x5d, 0x04, 0xc4, 
	0x06, 0xe0, 0x06, 0x01, 0x5d, 0x00, 0x44, 0x55, 
	0x55, 0x60, 0x60, 0x64, 0x64, 0x69, 0x69, 0x79, 
	0x79, 0x7e, 0x7e, 0xa0, 0x01, 0x04, 0xbc, 0x03, 
	0xec, 0x03, 0x02, 0x30, 0x9f, 0x04, 0xec, 0x03, 
	0x94, 0x04, 0x01, 0x60, 0x04, 0x94, 0x04, 0xa8, 
	0x04, 0x02, 0x31, 0x9f, 0x04, 0xa8, 0x04, 0xbc, 
	0x04, 0x01, 0x60, 0x04, 0xbc, 0x04, 0x8c, 0x05, 
	0x02, 0x30, 0x9f, 0x04, 0x8c, 0x05, 0x9c, 0x05, 
	0x01, 0x60, 0x04, 0x9c, 0x05, 0xe0, 0x06, 0x02, 
	0x30, 0x9f, 0x00, 0x24, 0x08, 0x00, 0x00, 0x05, 
	0x00, 0x04, 0x00, 0x00, 0x00, 0x00, 0x00, 0x00, 
	0x16, 0x16, 0x18, 0x18, 0x1b, 0x1b, 0x00, 0x04, 
	0x00, 0x48, 0x01, 0x5a, 0x04, 0x48, 0x7c, 0x0a, 
	0xa3, 0x03, 0xa5, 0x0a, 0x2b, 0xa8, 0x32, 0xa8, 
	0x00, 0x9f, 0x04, 0x7c, 0x8b, 0x01, 0x01, 0x5a, 
	0x04, 0x8b, 0x01, 0xc8, 0x0c, 0x01, 0x68, 0x00, 
	0x00, 0x16, 0x16, 0x18, 0x18, 0x1b, 0x1b, 0x00, 
	0x04, 0x00, 0x48, 0x01, 0x5b, 0x04, 0x48, 0x7c, 
	0x0a, 0xa3, 0x03, 0xa5, 0x0b, 0x2b, 0xa8, 0x32, 
	0xa8, 0x00, 0x9f, 0x04, 0x7c, 0x8b, 0x01, 0x01, 
	0x5b, 0x04, 0x8b, 0x01, 0xc8, 0x0c, 0x0a, 0xa3, 
	0x03, 0xa5, 0x0b, 0x2b, 0xa8, 0x32, 0xa8, 0x00, 
	0x9f, 0x00, 0x22, 0x2c, 0x4a, 0x65, 0x72, 0x83, 
	0x01, 0x84, 0x01, 0xcd, 0x01, 0x83, 0x02, 0xce, 
	0x02, 0xcf, 0x02, 0xde, 0x02, 0xb0, 0x03, 0xb4, 
	0x03, 0x04, 0xa4, 0x01, 0xbc, 0x01, 0x01, 0x58, 
	0x04, 0xa4, 0x02, 0x80, 0x03, 0x01, 0x58, 0x04, 
	0xd0, 0x03, 0x80, 0x04, 0x01, 0x58, 0x04, 0x84, 
	0x04, 0xf0, 0x05, 0x01, 0x58, 0x04, 0x94, 0x07, 
	0xcc, 0x09, 0x01, 0x58, 0x04, 0xd0, 0x09, 0x80, 
	0x0a, 0x01, 0x58, 0x04, 0xac, 0x0c, 0xbc, 0x0c, 
	0x05, 0x03, 0x48, 0x21, 0x01, 0x00, 0x00, 0x30, 
	0x34, 0x34, 0x38, 0x54, 0x62, 0x74, 0x88, 0x01, 
	0x88, 0x01, 0x8a, 0x01, 0x8c, 0x01, 0x92, 0x01, 
	0x92, 0x01, 0x93, 0x01, 0x83, 0x02, 0x8e, 0x02, 
	0x8e, 0x02, 0x8f, 0x02, 0x94, 0x02, 0xa6, 0x02, 
	0xaa, 0x02, 0xbe, 0x02, 0xc1, 0x02, 0xc4, 0x02, 
	0xc4, 0x02, 0xc6, 0x02, 0xcd, 0x02, 0xcf, 0x02, 
	0x04, 0xcc, 0x01, 0xd0, 0x01, 0x01, 0x5f, 0x04, 
	0xd0, 0x01, 0xd8, 0x01, 0x07, 0x78, 0x04, 0x06, 
	0x09, 0xfc, 0x1a, 0x9f, 0x04, 0xc8, 0x02, 0xf8, 
	0x02, 0x01, 0x5e, 0x04, 0xd8, 0x03, 0x94, 0x04, 
	0x01, 0x5e, 0x04, 0x94, 0x04, 0xa0, 0x04, 0x07, 
	0x78, 0x04, 0x06, 0x09, 0xfc, 0x1a, 0x9f, 0x04, 
	0xa4, 0x04, 0xbc, 0x04, 0x01, 0x5e, 0x04, 0xbc, 
	0x04, 0xd0, 0x04, 0x07, 0x78, 0x04, 0x06, 0x09, 
	0xfc, 0x1a, 0x9f, 0x04, 0x94, 0x07, 0xc8, 0x07, 
	0x01, 0x5e, 0x04, 0xc8, 0x07, 0xd4, 0x07, 0x07, 
	0x78, 0x04, 0x06, 0x09, 0xfc, 0x1a, 0x9f, 0x04, 
	0xe8, 0x07, 0xd4, 0x08, 0x01, 0x5e, 0x04, 0xe0, 
	0x08, 0x9c, 0x09, 0x01, 0x5e, 0x04, 0xa4, 0x09, 
	0xac, 0x09, 0x01, 0x5e, 0x04, 0xac, 0x09, 0xb8, 
	0x09, 0x07, 0x78, 0x04, 0x06, 0x09, 0xfc, 0x1a, 
	0x9f, 0x04, 0xc8, 0x09, 0xd0, 0x09, 0x01, 0x5e, 
	0x00, 0x1e, 0x25, 0x25, 0x2b, 0x2b, 0x2c, 0x2c, 
	0x38, 0x45, 0x4c, 0x4c, 0x4d, 0x4d, 0x5a, 0x67, 
	0x68, 0x6a, 0x6b, 0x6d, 0x6e, 0x72, 0x7d, 0x7d, 
	0x82, 0x01, 0x82, 0x01, 0x89, 0x01, 0x8c, 0x01, 
	0xa8, 0x01, 0xac, 0x01, 0xb4, 0x01, 0xb4, 0x01, 
	0xba, 0x01, 0xba, 0x01, 0xbd, 0x01, 0xbd, 0x01, 
	0xcb, 0x01, 0x83, 0x02, 0xa6, 0x02, 0xa6, 0x02, 
	0xd5, 0x02, 0xd5, 0x02, 0xdd, 0x02, 0xdd, 0x02, 
	0xde, 0x02, 0x04, 0x98, 0x01, 0xac, 0x01, 0x05, 
	0x79, 0x00, 0x33, 0x25, 0x9f, 0x04, 0xac, 0x01, 
	0xb8, 0x01, 0x01, 0x5f, 0x04, 0xb8, 0x01, 0xbc, 
	0x01, 0x03, 0x7f, 0x7e, 0x9f, 0x04, 0xbc, 0x01, 
	0xd8, 0x01, 0x05, 0x79, 0x00, 0x33, 0x25, 0x9f, 
	0x04, 0x90, 0x02, 0xb0, 0x02, 0x01, 0x5f, 0x04, 
	0xb0, 0x02, 0xb0, 0x02, 0x03, 0x7c, 0x7f, 0x9f, 
	0x04, 0xb0, 0x02, 0xd4, 0x02, 0x01, 0x5f, 0x04, 
	0x8c, 0x03, 0x90, 0x03, 0x01, 0x5f, 0x04, 0xa0, 
	0x03, 0xa4, 0x03, 0x01, 0x5f, 0x04, 0xb4, 0x03, 
	0xb8, 0x03, 0x01, 0x5f, 0x04, 0xd0, 0x03, 0xec, 
	0x03, 0x01, 0x5f, 0x04, 0xec, 0x03, 0xfc, 0x03, 
	0x03, 0x7c, 0x7f, 0x9f, 0x04, 0xfc, 0x03, 0x98, 
	0x04, 0x01, 0x5f, 0x04, 0xa4, 0x04, 0x88, 0x05, 
	0x01, 0x5f, 0x04, 0x94, 0x05, 0xac, 0x05, 0x01, 
	0x5f, 0x04, 0xac, 0x05, 0xb8, 0x05, 0x01, 0x5a, 
	0x04, 0xb8, 0x05, 0xc0, 0x05, 0x03, 0x7a, 0x7f, 
	0x9f, 0x04, 0xc0, 0x05, 0xec, 0x05, 0x01, 0x5a, 
	0x04, 0x94, 0x07, 0xd4, 0x08, 0x01, 0x5f, 0x04, 
	0xd4, 0x08, 0xe4, 0x09, 0x01, 0x5a, 0x04, 0xe4, 
	0x09, 0xf8, 0x09, 0x01, 0x5f, 0x04, 0xf8, 0x09, 
	0x80, 0x0a, 0x01, 0x5a, 0x00, 0x49, 0x4d, 0x72, 
	0x84, 0x01, 0xb3, 0x01, 0xb4, 0x01, 0xb4, 0x01, 
	0xcb, 0x01, 0xa6, 0x02, 0xde, 0x02, 0x04, 0xa4, 
	0x02, 0xb0, 0x02, 0x01, 0x5a, 0x04, 0xd0, 0x03, 
	0x84, 0x04, 0x01, 0x5a, 0x04, 0xa4, 0x05, 0xac, 
	0x05, 0x01, 0x5d, 0x04, 0xac, 0x05, 0xec, 0x05, 
	0x01, 0x60, 0x04, 0xd4, 0x08, 0x80, 0x0a, 0x01, 
	0x60, 0x00, 0x5a, 0x65, 0xb1, 0x02, 0xc1, 0x02, 
	0x04, 0xd4, 0x02, 0x80, 0x03, 0x01, 0x5f, 0x04, 
	0xf0, 0x08, 0xa4, 0x09, 0x01, 0x5f, 0x00, 0x56, 
	0x65, 0x76, 0x84, 0x01, 0x84, 0x01, 0x8d, 0x01, 
	0x8d, 0x01, 0x92, 0x01, 0x92, 0x01, 0x93, 0x01, 
	0xce, 0x01, 0xdd, 0x01, 0xdd, 0x01, 0x83, 0x02, 
	0x83, 0x02, 0x8e, 0x02, 0x8e, 0x02, 0x8f, 0x02, 
	0x94, 0x02, 0xa6, 0x02, 0xac, 0x02, 0xcf, 0x02, 
	0xde, 0x02, 0x96, 0x03, 0x96, 0x03, 0x97, 0x03, 
	0x97, 0x03, 0x9a, 0x03, 0x9c, 0x03, 0xae, 0x03, 
	0xae, 0x03, 0xb5, 0x03, 0x04, 0xcc, 0x02, 0x80, 
	0x03, 0x01, 0x5d, 0x04, 0xdc, 0x03, 0x84, 0x04, 
	0x01, 0x5b, 0x04, 0x84, 0x04, 0xa8, 0x04, 0x01, 
	0x5d, 0x04, 0xa8, 0x04, 0xbc, 0x04, 0x06, 0x7e, 
	0x00, 0x79, 0x00, 0x1c, 0x9f, 0x04, 0xbc, 0x04, 
	0xd0, 0x04, 0x0a, 0x78, 0x04, 0x06, 0x09, 0xfc, 
	0x1a, 0x79, 0x00, 0x1c, 0x9f, 0x04, 0xfc, 0x05, 
	0x88, 0x06, 0x01, 0x5f, 0x04, 0x88, 0x06, 0x94, 
	0x07, 0x06, 0x86, 0x00, 0x79, 0x00, 0x1c, 0x9f, 
	0x04, 0x94, 0x07, 0xc8, 0x07, 0x06, 0x7e, 0x00, 
	0x79, 0x00, 0x1c, 0x9f, 0x04, 0xc8, 0x07, 0xd4, 
	0x07, 0x0a, 0x78, 0x04, 0x06, 0x09, 0xfc, 0x1a, 
	0x79, 0x00, 0x1c, 0x9f, 0x04, 0xe8, 0x07, 0xd4, 
	0x08, 0x06, 0x7e, 0x00, 0x79, 0x00, 0x1c, 0x9f, 
	0x04, 0xe4, 0x08, 0xd0, 0x09, 0x01, 0x61, 0x04, 
	0x80, 0x0a, 0xc4, 0x0b, 0x06, 0x86, 0x00, 0x79, 
	0x00, 0x1c, 0x9f, 0x04, 0xc4, 0x0b, 0xc8, 0x0b, 
	0x06, 0x7e, 0x00, 0x79, 0x00, 0x1c, 0x9f, 0x04, 
	0xc8, 0x0b, 0xdb, 0x0b, 0x01, 0x5f, 0x04, 0xe0, 
	0x0b, 0xac, 0x0c, 0x06, 0x86, 0x00, 0x79, 0x00, 
	0x1c, 0x9f, 0x04, 0xac, 0x0c, 0xc0, 0x0c, 0x01, 
	0x5f, 0x00, 0x90, 0x01, 0x92, 0x01, 0x92, 0x01, 
	0x93, 0x01, 0x87, 0x02, 0x8d, 0x02, 0x96, 0x02, 
	0x97, 0x02, 0x99, 0x02, 0x9a, 0x02, 0x9c, 0x02, 
	0x9d, 0x02, 0x04, 0xb0, 0x04, 0xbc, 0x04, 0x05, 
	0x7e, 0x00, 0x33, 0x25, 0x9f, 0x04, 0xbc, 0x04, 
	0xd0, 0x04, 0x09, 0x78, 0x04, 0x06, 0x09, 0xfc, 
	0x1a, 0x33, 0x25, 0x9f, 0x04, 0xa8, 0x07, 0xc4, 
	0x07, 0x01, 0x5d, 0x04, 0xf4, 0x07, 0xf8, 0x07, 
	0x01, 0x5d, 0x04, 0x88, 0x08, 0x8c, 0x08, 0x01, 
	0x5d, 0x04, 0x9c, 0x08, 0xa0, 0x08, 0x01, 0x5d, 
	0x00, 0xa1, 0x01, 0xaa, 0x01, 0xad, 0x01, 0xe7, 
	0x01, 0xa6, 0x02, 0xe2, 0x02, 0x04, 0xf4, 0x04, 
	0x8c, 0x05, 0x01, 0x56, 0x04, 0x94, 0x05, 0xab, 
	0x06, 0x01, 0x56, 0x04, 0xd4, 0x08, 0x98, 0x0a, 
	0x01, 0x56, 0x00, 0xb1, 0x01, 0xc4, 0x01, 0xa6, 
	0x02, 0xb1, 0x02, 0xc1, 0x02, 0xc5, 0x02, 0xcd, 
	0x02, 0xd5, 0x02, 0x04, 0x9c, 0x05, 0xd0, 0x05, 
	0x01, 0x5f, 0x04, 0xd4, 0x08, 0xf0, 0x08, 0x01, 
	0x5f, 0x04, 0xa4, 0x09, 0xb0, 0x09, 0x01, 0x5f, 
	0x04, 0xc8, 0x09, 0xe4, 0x09, 0x01, 0x5f, 0x00, 
	0x32, 0x38, 0x7d, 0x81, 0x01, 0x81, 0x01, 0x82, 
	0x01, 0x96, 0x01, 0x9d, 0x01, 0x8a, 0x02, 0x94, 
	0x02, 0xa1, 0x02, 0xa6, 0x02, 0xb4, 0x02, 0xba, 
	0x02, 0xc8, 0x02, 0xcd, 0x02, 0x04, 0xcc, 0x01, 
	0xd8, 0x01, 0x01, 0x5d, 0x04, 0xec, 0x03, 0xf8, 
	0x03, 0x01, 0x5f, 0x04, 0xf8, 0x03, 0xfc, 0x03, 
	0x02, 0x7d, 0x08, 0x04, 0xd4, 0x04, 0xe8, 0x04, 
	0x01, 0x5d, 0x04, 0xbc, 0x07, 0xe8, 0x07, 0x01, 
	0x5c, 0x04, 0xb8, 0x08, 0xd4, 0x08, 0x01, 0x5c, 
	0x04, 0xf8, 0x08, 0x8c, 0x09, 0x01, 0x5d, 0x04, 
	0xbc, 0x09, 0xc8, 0x09, 0x01, 0x5f, 0x00, 0x31, 
	0x38, 0x7c, 0x82, 0x01, 0x94, 0x01, 0x98, 0x01, 
	0x98, 0x01, 0x9d, 0x01, 0x88, 0x02, 0x94, 0x02, 
	0xa1, 0x02, 0xa5, 0x02, 0xb3, 0x02, 0xc1, 0x02, 
	0xc7, 0x02, 0xc9, 0x02, 0x04, 0xcc, 0x01, 0xd8, 
	0x01, 0x01, 0x5e, 0x04, 0xe8, 0x03, 0xfc, 0x03, 
	0x01, 0x5d, 0x04, 0xd0, 0x04, 0xd8, 0x04, 0x03, 
	0x7e, 0x78, 0x9f, 0x04, 0xd8, 0x04, 0xe8, 0x04, 
	0x01, 0x5c, 0x04, 0xb8, 0x07, 0xe8, 0x07, 0x01, 
	0x5a, 0x04, 0xb8, 0x08, 0xd0, 0x08, 0x01, 0x5a, 
	0x04, 0xf8, 0x08, 0xa4, 0x09, 0x01, 0x5c, 0x04, 
	0xb8, 0x09, 0xc0, 0x09, 0x02, 0x78, 0x0c, 0x00, 
	0x20, 0x24, 0x24, 0x27, 0x27, 0x2c, 0xb3, 0x01, 
	0xcb, 0x01, 0xa6, 0x02, 0xb0, 0x02, 0xb0, 0x02, 
	0xb1, 0x02, 0xc1, 0x02, 0xd2, 0x02, 0xd2, 0x02, 
	0xd4, 0x02, 0xd4, 0x02, 0xd5, 0x02, 0xdd, 0x02, 
	0xde, 0x02, 0x04, 0xa0, 0x01, 0xa8, 0x01, 0x03, 
	0x7e, 0x78, 0x9f, 0x04, 0xa8, 0x01, 0xb0, 0x01, 
	0x01, 0x5d, 0x04, 0xb0, 0x01, 0xbc, 0x01, 0x01, 
	0x5e, 0x04, 0xa4, 0x05, 0xec, 0x05, 0x01, 0x5d, 
	0x04, 0xd4, 0x08, 0xec, 0x08, 0x01, 0x5d, 0x04, 
	0xec, 0x08, 0xf0, 0x08, 0x08, 0x7f, 0x00, 0x33, 
	0x24, 0x82, 0x00, 0x22, 0x9f, 0x04, 0xa4, 0x09, 
	0xd8, 0x09, 0x01, 0x5d, 0x04, 0xd8, 0x09, 0xdc, 
	0x09, 0x03, 0x7d, 0x08, 0x9f, 0x04, 0xdc, 0x09, 
	0xe4, 0x09, 0x01, 0x5d, 0x04, 0xf8, 0x09, 0x80, 
	0x0a, 0x01, 0x5d, 0x00, 0x11, 0x13, 0x04, 0x3c, 
	0x40, 0x01, 0x59, 0x00, 0xd1, 0x01, 0x83, 0x02, 
	0xde, 0x02, 0x93, 0x03, 0x9c, 0x03, 0xae, 0x03, 
	0x04, 0x88, 0x06, 0x94, 0x07, 0x01, 0x68, 0x04, 
	0x80, 0x0a, 0xb8, 0x0b, 0x01, 0x68, 0x04, 0xe0, 
	0x0b, 0xac, 0x0c, 0x01, 0x68, 0x00, 0xd1, 0x01, 
	0x83, 0x02, 0xde, 0x02, 0x93, 0x03, 0x9c, 0x03, 
	0xae, 0x03, 0x04, 0x88, 0x06, 0x94, 0x07, 0x01, 
	0x59, 0x04, 0x80, 0x0a, 0xb8, 0x0b, 0x01, 0x59, 
	0x04, 0xe0, 0x0b, 0xac, 0x0c, 0x01, 0x59, 0x00, 
	0xe9, 0x01, 0xf8, 0x01, 0xf8, 0x01, 0x83, 0x02, 
	0xe2, 0x02, 0xef, 0x02, 0xef, 0x02, 0x93, 0x03, 
	0x9c, 0x03, 0x9f, 0x03, 0x9f, 0x03, 0xae, 0x03, 
	0x04, 0xb4, 0x06, 0xf4, 0x06, 0x01, 0x5a, 0x04, 
	0xf4, 0x06, 0x94, 0x07, 0x01, 0x64, 0x04, 0x98, 
	0x0a, 0xc0, 0x0a, 0x01, 0x5a, 0x04, 0xc0, 0x0a, 
	0xb8, 0x0b, 0x01, 0x64, 0x04, 0xe0, 0x0b, 0xf0, 
	0x0b, 0x01, 0x5a, 0x04, 0xf0, 0x0b, 0xac, 0x0c, 
	0x01, 0x64, 0x00, 0xe8, 0x02, 0xff, 0x02, 0xff, 
	0x02, 0x80, 0x03, 0x04, 0xac, 0x0a, 0xfc, 0x0a, 
	0x01, 0x67, 0x04, 0xfc, 0x0a, 0x80, 0x0b, 0x03, 
	0x87, 0x08, 0x9f, 0x00, 0xed, 0x02, 0xf1, 0x02, 
	0xf1, 0x02, 0xf2, 0x02, 0xf2, 0x02, 0xf5, 0x02, 
	0xf5, 0x02, 0xf8, 0x02, 0xf8, 0x02, 0x81, 0x03, 
	0x81, 0x03, 0x92, 0x03, 0x9f, 0x03, 0xab, 0x03, 
	0x04, 0xbc, 0x0a, 0xc8, 0x0a, 0x01, 0x5f, 0x04, 
	0xc8, 0x0a, 0xd8, 0x0a, 0x0d, 0x7f, 0x00, 0x83, 
	0x00, 0x0a, 0xff, 0x0f, 0x1a, 0x1c, 0x23, 0x80, 
	0x20, 0x9f, 0x04, 0xd8, 0x0a, 0xe3, 0x0a, 0x01, 
	0x5b, 0x04, 0xe3, 0x0a, 0xf0, 0x0a, 0x02, 0x91, 
	0x4c, 0x04, 0xf0, 0x0a, 0x84, 0x0b, 0x02, 0x30, 
	0x9f, 0x04, 0x84, 0x0b, 0xb8, 0x0b, 0x01, 0x5b, 
	0x04, 0xf0, 0x0b, 0xa0, 0x0c, 0x01, 0x5b, 0x00, 
	0xd6, 0x01, 0xf8, 0x01, 0xde, 0x02, 0xf9, 0x02, 
	0xf9, 0x02, 0x81, 0x03, 0x9c, 0x03, 0x9f, 0x03, 
	0x04, 0x88, 0x06, 0xf4, 0x06, 0x02, 0x30, 0x9f, 
	0x04, 0x80, 0x0a, 0xf0, 0x0a, 0x02, 0x30, 0x9f, 
	0x04, 0xf0, 0x0a, 0x84, 0x0b, 0x02, 0x31, 0x9f, 
	0x04, 0xe0, 0x0b, 0xf0, 0x0b, 0x02, 0x30, 0x9f, 
	0x00, 0xf5, 0x02, 0xfa, 0x02, 0xfa, 0x02, 0x80, 
	0x03, 0x80, 0x03, 0x92, 0x03, 0x9f, 0x03, 0xac, 
	0x03, 0x04, 0xe4, 0x0a, 0xf0, 0x0a, 0x01, 0x5a, 
	0x04, 0xf0, 0x0a, 0x80, 0x0b, 0x01, 0x63, 0x04, 
	0x80, 0x0b, 0xb8, 0x0b, 0x01, 0x5a, 0x04, 0xf0, 
	0x0b, 0xa4, 0x0c, 0x01, 0x5a, 0x00, 0xf4, 0x01, 
	0xf6, 0x01, 0xf6, 0x01, 0xf7, 0x01, 0xf7, 0x01, 
	0xf8, 0x01, 0x8b, 0x03, 0x8e, 0x03, 0x8e, 0x03, 
	0x92, 0x03, 0x9f, 0x03, 0xab, 0x03, 0x04, 0xe4, 
	0x06, 0xec, 0x06, 0x06, 0x86, 0x00, 0x7b, 0x00, 
	0x22, 0x9f, 0x04, 0xec, 0x06, 0xf0, 0x06, 0x01, 
	0x5b, 0x04, 0xf0, 0x06, 0xf4, 0x06, 0x07, 0x86, 
	0x00, 0x91, 0x4c, 0x06, 0x22, 0x9f, 0x04, 0xa0, 
	0x0b, 0xa8, 0x0b, 0x0d, 0x7a, 0x00, 0x03, 0x48, 
	0x21, 0x01, 0x00, 0x06, 0x1c, 0x7b, 0x00, 0x22, 
	0x9f, 0x04, 0xa8, 0x0b, 0xb8, 0x0b, 0x09, 0x7a, 
	0x00, 0x84, 0x00, 0x1c, 0x7b, 0x00, 0x22, 0x9f, 
	0x04, 0xf0, 0x0b, 0xa0, 0x0c, 0x09, 0x7a, 0x00, 
	0x84, 0x00, 0x1c, 0x7b, 0x00, 0x22, 0x9f, 0x00, 
	0xd9, 0x01, 0x83, 0x02, 0xde, 0x02, 0x93, 0x03, 
	0x9c, 0x03, 0xae, 0x03, 0x04, 0x88, 0x06, 0x94, 
	0x07, 0x01, 0x58, 0x04, 0x80, 0x0a, 0xb8, 0x0b, 
	0x01, 0x58, 0x04, 0xe0, 0x0b, 0xac, 0x0c, 0x01, 
	0x58, 0x00, 0xda, 0x01, 0xf8, 0x01, 0xde, 0x02, 
	0x92, 0x03, 0x9c, 0x03, 0xa3, 0x03, 0xa3, 0x03, 
	0xad, 0x03, 0xad, 0x03, 0xae, 0x03, 0x04, 0x88, 
	0x06, 0xf4, 0x06, 0x01, 0x66, 0x04, 0x80, 0x0a, 
	0xb8, 0x0b, 0x01, 0x66, 0x04, 0xe0, 0x0b, 0xfc, 
	0x0b, 0x01, 0x66, 0x04, 0xfc, 0x0b, 0xa7, 0x0c, 
	0x01, 0x5f, 0x04, 0xa7, 0x0c, 0xac, 0x0c, 0x06, 
	0x86, 0x74, 0x09, 0xf8, 0x1a, 0x9f, 0x00, 0xdb, 
	0x01, 0x83, 0x02, 0xde, 0x02, 0x93, 0x03, 0x9c, 
	0x03, 0xae, 0x03, 0x04, 0x88, 0x06, 0x94, 0x07, 
	0x06, 0x78, 0x00, 0x86, 0x00, 0x22, 0x9f, 0x04, 
	0x80, 0x0a, 0xb8, 0x0b, 0x06, 0x78, 0x00, 0x86, 
	0x00, 0x22, 0x9f, 0x04, 0xe0, 0x0b, 0xac, 0x0c, 
	0x06, 0x78, 0x00, 0x86, 0x00, 0x22, 0x9f, 0x00, 
	0xe1, 0x01, 0xe5, 0x01, 0xe5, 0x01, 0xe7, 0x01, 
	0xe7, 0x01, 0xf8, 0x01, 0xde, 0x02, 0xe0, 0x02, 
	0xe0, 0x02, 0xe1, 0x02, 0xe1, 0x02, 0xe2, 0x02, 
	0xe2, 0x02, 0xf4, 0x02, 0x9c, 0x03, 0x9f, 0x03, 
	0x04, 0x98, 0x06, 0xa0, 0x06, 0x03, 0x7b, 0x10, 
	0x9f, 0x04, 0xa0, 0x06, 0xab, 0x06, 0x01, 0x5b, 
	0x04, 0xab, 0x06, 0xf4, 0x06, 0x02, 0x91, 0x4c, 
	0x04, 0x80, 0x0a, 0x8c, 0x0a, 0x03, 0x7b, 0x10, 
	0x9f, 0x04, 0x8c, 0x0a, 0x94, 0x0a, 0x04, 0x7b, 
	0x81, 0x60, 0x9f, 0x04, 0x94, 0x0a, 0x98, 0x0a, 
	0x0c, 0x79, 0x00, 0x03, 0x6c, 0x25, 0x01, 0x00, 
	0x06, 0x22, 0x23, 0x10, 0x9f, 0x04, 0x98, 0x0a, 
	0xe0, 0x0a, 0x02, 0x91, 0x4c, 0x04, 0xe0, 0x0b, 
	0xf0, 0x0b, 0x02, 0x91, 0x4c, 0x00, 0xe2, 0x01, 
	0x83, 0x02, 0xde, 0x02, 0xae, 0x03, 0x04, 0x98, 
	0x06, 0x94, 0x07, 0x04, 0x0a, 0x00, 0x10, 0x9f, 
	0x04, 0x80, 0x0a, 0xac, 0x0c, 0x04, 0x0a, 0x00, 
	0x10, 0x9f, 0x00, 0xb8, 0x01, 0x00, 0x00, 0x05, 
	0x00, 0x04, 0x00, 0x00, 0x00, 0x00, 0x00, 0x00, 
	0x0b, 0x0b, 0x0b, 0x0b, 0x00, 0x04, 0xfc, 0x04, 
	0x9b, 0x05, 0x01, 0x5a, 0x04, 0x9b, 0x05, 0x9c, 
	0x05, 0x0a, 0xa3, 0x03, 0xa5, 0x0a, 0x2b, 0xa8, 
	0x32, 0xa8, 0x00, 0x9f, 0x04, 0x9c, 0x05, 0xa0, 
	0x05, 0x01, 0x5a, 0x00, 0x00, 0x0b, 0x0b, 0x16, 
	0x16, 0x18, 0x18, 0x18, 0x18, 0x19, 0x19, 0x00, 
	0x04, 0xa8, 0x01, 0xcb, 0x01, 0x01, 0x5a, 0x04, 
	0xcb, 0x01, 0xfc, 0x01, 0x01, 0x59, 0x04, 0xfc, 
	0x01, 0x83, 0x02, 0x01, 0x5a, 0x04, 0x83, 0x02, 
	0x84, 0x02, 0x0a, 0xa3, 0x03, 0xa5, 0x0a, 0x2b, 
	0xa8, 0x32, 0xa8, 0x00, 0x9f, 0x04, 0x84, 0x02, 
	0x90, 0x02, 0x01, 0x59, 0x04, 0x90, 0x02, 0x98, 
	0x02, 0x0a, 0xa3, 0x03, 0xa5, 0x0a, 0x2b, 0xa8, 
	0x32, 0xa8, 0x00, 0x9f, 0x00, 0x00, 0x0d, 0x0d, 
	0x4a, 0x4a, 0x4b, 0x4b, 0x00, 0x04, 0xf8, 0x02, 
	0x9b, 0x03, 0x01, 0x5a, 0x04, 0x9b, 0x03, 0xc0, 
	0x04, 0x01, 0x62, 0x04, 0xc0, 0x04, 0xc8, 0x04, 
	0x0a, 0xa3, 0x03, 0xa5, 0x0a, 0x2b, 0xa8, 0x32, 
	0xa8, 0x00, 0x9f, 0x04, 0xc8, 0x04, 0xfc, 0x04, 
	0x01, 0x62, 0x00, 0x11, 0x16, 0x26, 0x49, 0x4b, 
	0x4c, 0x4c, 0x4d, 0x04, 0xa4, 0x03, 0xb4, 0x03, 
	0x01, 0x58, 0x04, 0xdc, 0x03, 0xac, 0x04, 0x01, 
	0x58, 0x04, 0xc8, 0x04, 0xcc, 0x04, 0x01, 0x58, 
	0x04, 0xcc, 0x04, 0xd0, 0x04, 0x04, 0x78, 0x98, 
	0x7f, 0x9f, 0x00, 0x12, 0x1b, 0x26, 0x2d, 0x4b, 
	0x4d, 0x04, 0xa8, 0x03, 0xc3, 0x03, 0x01, 0x5f, 
	0x04, 0xdc, 0x03, 0xe8, 0x03, 0x01, 0x5f, 0x04, 
	0xc8, 0x04, 0xd0, 0x04, 0x01, 0x5f, 0x00, 0x5b, 
	0x00, 0x04, 0xf4, 0x04, 0xfc, 0x04, 0x02, 0x78, 
	0x00, 0x00, 0x18, 0x1e, 0x4d, 0x57, 0x04, 0xb8, 
	0x03, 0xcc, 0x03, 0x02, 0x34, 0x9f, 0x04, 0xd0, 
	0x04, 0xf0, 0x04, 0x02, 0x34, 0x9f, 0x00, 0x17, 
	0x1e, 0x4d, 0x57, 0x04, 0xb8, 0x03, 0xcc, 0x03, 
	0x01, 0x62, 0x04, 0xd0, 0x04, 0xf0, 0x04, 0x01, 
	0x62, 0x00, 0x1c, 0x1e, 0x4d, 0x57, 0x04, 0xc8, 
	0x03, 0xcc, 0x03, 0x01, 0x58, 0x04, 0xd0, 0x04, 
	0xf0, 0x04, 0x01, 0x58, 0x00, 0x00, 0x18, 0x18, 
	0x28, 0x28, 0x00, 0x04, 0x08, 0x48, 0x01, 0x5a, 
	0x04, 0x48, 0x88, 0x01, 0x01, 0x58, 0x04, 0x88, 
	0x01, 0x90, 0x01, 0x0a, 0xa3, 0x03, 0xa5, 0x0a, 
	0x2b, 0xa8, 0x32, 0xa8, 0x00, 0x9f, 0x00, 0x00, 
	0x17, 0x17, 0x00, 0x04, 0x08, 0x44, 0x01, 0x5b, 
	0x04, 0x44, 0x90, 0x01, 0x0a, 0xa3, 0x03, 0xa5, 
	0x0b, 0x2b, 0xa8, 0x32, 0xa8, 0x00, 0x9f, 0x00, 
	0x00, 0x16, 0x16, 0x00, 0x04, 0x08, 0x40, 0x01, 
	0x5c, 0x04, 0x40, 0x90, 0x01, 0x0a, 0xa3, 0x03, 
	0xa5, 0x0c, 0x2b, 0xa8, 0x32, 0xa8, 0x00, 0x9f, 
	0x00, 0x00, 0x05, 0x05, 0x00, 0x04, 0x00, 0x04, 
	0x01, 0x5a, 0x04, 0x04, 0x08, 0x0a, 0xa3, 0x03, 
	0xa5, 0x0a, 0x2b, 0xa8, 0x32, 0xa8, 0x00, 0x9f, 
	0x00, 0x0a, 0x0b, 0x04, 0xc0, 0x02, 0xc4, 0x02, 
	0x06, 0x03, 0xa0, 0x25, 0x01, 0x00, 0x9f, 0x00, 
	0x0e, 0x0f, 0x04, 0xc4, 0x02, 0xd4, 0x02, 0x06, 
	0x03, 0x08, 0x26, 0x01, 0x00, 0x9f, 0x00, 0xa7, 
	0x00, 0x00, 0x00, 0x05, 0x00, 0x04, 0x00, 0x00, 
	0x00, 0x00, 0x00, 0x00, 0x08, 0x08, 0x15, 0x15, 
	0x17, 0x17, 0x00, 0x04, 0x00, 0x34, 0x01, 0x5a, 
	0x04, 0x34, 0x68, 0x01, 0x64, 0x04, 0x68, 0x74, 
	0x0a, 0xa3, 0x03, 0xa5, 0x0a, 0x2b, 0xa8, 0x32, 
	0xa8, 0x00, 0x9f, 0x04, 0x74, 0xa8, 0x01, 0x01, 
	0x64, 0x00, 0x00, 0x08, 0x08, 0x16, 0x16, 0x17, 
	0x17, 0x00, 0x04, 0x00, 0x34, 0x01, 0x5b, 0x04, 
	0x34, 0x6c, 0x01, 0x65, 0x04, 0x6c, 0x74, 0x0a, 
	0xa3, 0x03, 0xa5, 0x0b, 0x2b, 0xa8, 0x32, 0xa8, 
	0x00, 0x9f, 0x04, 0x74, 0xa8, 0x01, 0x01, 0x65, 
	0x00, 0x00, 0x0c, 0x10, 0x17, 0x04, 0x00, 0x3c, 
	0x01, 0x5c, 0x04, 0x48, 0x74, 0x01, 0x5c, 0x00, 
	0x0b, 0x1d, 0x1d, 0x1e, 0x04, 0x38, 0x93, 0x01, 
	0x01, 0x5b, 0x04, 0x93, 0x01, 0xa0, 0x01, 0x02, 
	0x91, 0x58, 0x00, 0x0c, 0x14, 0x17, 0x00, 0x04, 
	0x3c, 0x5c, 0x01, 0x59, 0x04, 0x74, 0xa8, 0x01, 
	0x01, 0x59, 0x00, 0x03, 0x08, 0x08, 0x13, 0x13, 
	0x17, 0x17, 0x00, 0x04, 0x00, 0x34, 0x02, 0x30, 
	0x9f, 0x04, 0x34, 0x58, 0x01, 0x58, 0x04, 0x58, 
	0x74, 0x01, 0x5a, 0x04, 0x74, 0xa8, 0x01, 0x01, 
	0x58, 0x00, 0x99, 0x02, 0x00, 0x00, 0x05, 0x00, 
	0x04, 0x00, 0x00, 0x00, 0x00, 0x00, 0x00, 0x05, 
	0x05, 0x00, 0x04, 0xb4, 0x02, 0xbb, 0x02, 0x01, 
	0x5a, 0x04, 0xbb, 0x02, 0xbc, 0x02, 0x0a, 0xa3, 
	0x03, 0xa5, 0x0a, 0x2b, 0xa8, 0x32, 0xa8, 0x00, 
	0x9f, 0x00, 0x00, 0x04, 0x04, 0x00, 0x04, 0xb4, 
	0x02, 0xb8, 0x02, 0x01, 0x5b, 0x04, 0xb8, 0x02, 
	0xbc, 0x02, 0x0a, 0xa3, 0x03, 0xa5, 0x0b, 0x2b, 
	0xa8, 0x32, 0xa8, 0x00, 0x9f, 0x00, 0x02, 0x04, 
	0x04, 0x00, 0x04, 0xb4, 0x02, 0xb8, 0x02, 0x01, 
	0x5b, 0x04, 0xb8, 0x02, 0xbc, 0x02, 0x0a, 0xa3, 
	0x03, 0xa5, 0x0b, 0x2b, 0xa8, 0x32, 0xa8, 0x00, 
	0x9f, 0x00, 0x00, 0x08, 0x08, 0x00, 0x04, 0xdc, 
	0x01, 0xf3, 0x01, 0x01, 0x5a, 0x04, 0xf3, 0x01, 
	0xb4, 0x02, 0x0a, 0xa3, 0x03, 0xa5, 0x0a, 0x2b, 
	0xa8, 0x32, 0xa8, 0x00, 0x9f, 0x00, 0x00, 0x06, 
	0x06, 0x0f, 0x0f, 0x10, 0x10, 0x00, 0x04, 0xdc, 
	0x01, 0xec, 0x01, 0x01, 0x5b, 0x04, 0xec, 0x01, 
	0x98, 0x02, 0x01, 0x58, 0x04, 0x98, 0x02, 0xa0, 
	0x02, 0x0a, 0xa3, 0x03, 0xa5, 0x0b, 0x2b, 0xa8, 
	0x32, 0xa8, 0x00, 0x9f, 0x04, 0xa0, 0x02, 0xb4, 
	0x02, 0x01, 0x58, 0x00, 0x00, 0x08, 0x08, 0x00, 
	0x04, 0xdc, 0x01, 0xf3, 0x01, 0x01, 0x5c, 0x04, 
	0xf3, 0x01, 0xb4, 0x02, 0x0a, 0xa3, 0x03, 0xa5, 
	0x0c, 0x2b, 0xa8, 0x32, 0xa8, 0x00, 0x9f, 0x00, 
	0x00, 0x08, 0x08, 0x00, 0x04, 0xdc, 0x01, 0xf3, 
	0x01, 0x01, 0x5d, 0x04, 0xf3, 0x01, 0xb4, 0x02, 
	0x0a, 0xa3, 0x03, 0xa5, 0x0d, 0x2b, 0xa8, 0x32, 
	0xa8, 0x00, 0x9f, 0x00, 0x02, 0x06, 0x06, 0x0f, 
	0x0f, 0x10, 0x10, 0x00, 0x04, 0xdc, 0x01, 0xec, 
	0x01, 0x01, 0x5b, 0x04, 0xec, 0x01, 0x98, 0x02, 
	0x01, 0x58, 0x04, 0x98, 0x02, 0xa0, 0x02, 0x0a, 
	0xa3, 0x03, 0xa5, 0x0b, 0x2b, 0xa8, 0x32, 0xa8, 
	0x00, 0x9f, 0x04, 0xa0, 0x02, 0xb4, 0x02, 0x01, 
	0x58, 0x00, 0x08, 0x00, 0x04, 0xf4, 0x01, 0xb4, 
	0x02, 0x01, 0x5a, 0x00, 0x00, 0x0d, 0x0d, 0x19, 
	0x19, 0x1b, 0x1b, 0x00, 0x04, 0x58, 0x9b, 0x01, 
	0x01, 0x5a, 0x04, 0x9b, 0x01, 0xd4, 0x01, 0x01, 
	0x59, 0x04, 0xd4, 0x01, 0xdb, 0x01, 0x01, 0x5a, 
	0x04, 0xdb, 0x01, 0xdc, 0x01, 0x0a, 0xa3, 0x03, 
	0xa5, 0x0a, 0x2b, 0xa8, 0x32, 0xa8, 0x00, 0x9f, 
	0x00, 0x00, 0x0a, 0x0a, 0x13, 0x13, 0x00, 0x04, 
	0x58, 0x90, 0x01, 0x01, 0x5b, 0x04, 0x90, 0x01, 
	0xb8, 0x01, 0x01, 0x58, 0x04, 0xb8, 0x01, 0xdc, 
	0x01, 0x0a, 0xa3, 0x03, 0xa5, 0x0b, 0x2b, 0xa8, 
	0x32, 0xa8, 0x00, 0x9f, 0x00, 0x00, 0x0c, 0x0c, 
	0x17, 0x17, 0x1b, 0x1b, 0x00, 0x04, 0x58, 0x98, 
	0x01, 0x01, 0x5c, 0x04, 0x98, 0x01, 0xcc, 0x01, 
	0x01, 0x62, 0x04, 0xcc, 0x01, 0xdb, 0x01, 0x01, 
	0x5c, 0x04, 0xdb, 0x01, 0xdc, 0x01, 0x0a, 0xa3, 
	0x03, 0xa5, 0x0c, 0x2b, 0xa8, 0x32, 0xa8, 0x00, 
	0x9f, 0x00, 0x00, 0x0b, 0x0b, 0x16, 0x16, 0x1b, 
	0x1b, 0x00, 0x04, 0x58, 0x94, 0x01, 0x01, 0x5d, 
	0x04, 0x94, 0x01, 0xc8, 0x01, 0x01, 0x63, 0x04, 
	0xc8, 0x01, 0xdb, 0x01, 0x01, 0x5d, 0x04, 0xdb, 
	0x01, 0xdc, 0x01, 0x0a, 0xa3, 0x03, 0xa5, 0x0d, 
	0x2b, 0xa8, 0x32, 0xa8, 0x00, 0x9f, 0x00, 0x02, 
	0x0a, 0x0a, 0x13, 0x13, 0x00, 0x04, 0x58, 0x90, 
	0x01, 0x01, 0x5b, 0x04, 0x90, 0x01, 0xb8, 0x01, 
	0x01, 0x58, 0x04, 0xb8, 0x01, 0xdc, 0x01, 0x0a, 
	0xa3, 0x03, 0xa5, 0x0b, 0x2b, 0xa8, 0x32, 0xa8, 
	0x00, 0x9f, 0x00, 0x00, 0x03, 0x03, 0x00, 0x04, 
	0x50, 0x54, 0x01, 0x5a, 0x04, 0x54, 0x58, 0x0a, 
	0xa3, 0x03, 0xa5, 0x0a, 0x2b, 0xa8, 0x32, 0xa8, 
	0x00, 0x9f, 0x00, 0x00, 0x08, 0x08, 0x00, 0x04, 
	0x00, 0x17, 0x01, 0x5a, 0x04, 0x17, 0x50, 0x0a, 
	0xa3, 0x03, 0xa5, 0x0a, 0x2b, 0xa8, 0x32, 0xa8, 
	0x00, 0x9f, 0x00, 0x00, 0x06, 0x06, 0x0d, 0x0d, 
	0x0e, 0x0e, 0x00, 0x04, 0x00, 0x10, 0x01, 0x5b, 
	0x04, 0x10, 0x30, 0x01, 0x58, 0x04, 0x30, 0x38, 
	0x0a, 0xa3, 0x03, 0xa5, 0x0b, 0x2b, 0xa8, 0x32, 
	0xa8, 0x00, 0x9f, 0x04, 0x38, 0x50, 0x01, 0x58, 
	0x00, 0x00, 0x08, 0x08, 0x00, 0x04, 0x00, 0x17, 
	0x01, 0x5c, 0x04, 0x17, 0x50, 0x0a, 0xa3, 0x03, 
	0xa5, 0x0c, 0x2b, 0xa8, 0x32, 0xa8, 0x00, 0x9f, 
	0x00, 0x00, 0x08, 0x08, 0x00, 0x04, 0x00, 0x17, 
	0x01, 0x5d, 0x04, 0x17, 0x50, 0x0a, 0xa3, 0x03, 
	0xa5, 0x0d, 0x2b, 0xa8, 0x32, 0xa8, 0x00, 0x9f, 
	0x00, 0x02, 0x06, 0x06, 0x0d, 0x0d, 0x0e, 0x0e, 
	0x00, 0x04, 0x00, 0x10, 0x01, 0x5b, 0x04, 0x10, 
	0x30, 0x01, 0x58, 0x04, 0x30, 0x38, 0x0a, 0xa3, 
	0x03, 0xa5, 0x0b, 0x2b, 0xa8, 0x32, 0xa8, 0x00, 
	0x9f, 0x04, 0x38, 0x50, 0x01, 0x58, 0x00, 0x08, 
	0x00, 0x04, 0x18, 0x50, 0x01, 0x5a, 0x00, 0x85, 
	0x00, 0x00, 0x00, 0x05, 0x00, 0x04, 0x00, 0x00, 
	0x00, 0x00, 0x00, 0x00, 0x06, 0x06, 0x13, 0x13, 
	0x00, 0x04, 0x00, 0x14, 0x01, 0x5a, 0x04, 0x14, 
	0x48, 0x01, 0x59, 0x04, 0x48, 0x50, 0x0a, 0xa3, 
	0x03, 0xa5, 0x0a, 0x2b, 0xa8, 0x32, 0xa8, 0x00, 
	0x9f, 0x00, 0x00, 0x07, 0x07, 0x0c, 0x0c, 0x00, 
	0x04, 0x00, 0x18, 0x01, 0x5b, 0x04, 0x18, 0x27, 
	0x01, 0x5a, 0x04, 0x27, 0x50, 0x0a, 0xa3, 0x03, 
	0xa5, 0x0b, 0x2b, 0xa8, 0x32, 0xa8, 0x00, 0x9f, 
	0x00, 0x00, 0x08, 0x08, 0x0c, 0x0c, 0x00, 0x04, 
	0x00, 0x1c, 0x01, 0x5c, 0x04, 0x1c, 0x27, 0x01, 
	0x5b, 0x04, 0x27, 0x50, 0x0a, 0xa3, 0x03, 0xa5, 
	0x0c, 0x2b, 0xa8, 0x32, 0xa8, 0x00, 0x9f, 0x00, 
	0x00, 0x0c, 0x0c, 0x00, 0x04, 0x00, 0x27, 0x01, 
	0x5d, 0x04, 0x27, 0x50, 0x0a, 0xa3, 0x03, 0xa5, 
	0x0d, 0x2b, 0xa8, 0x32, 0xa8, 0x00, 0x9f, 0x00, 
	0x0c, 0x00, 0x04, 0x28, 0x50, 0x01, 0x5a, 0x00, 
	0x85, 0x00, 0x00, 0x00, 0x05, 0x00, 0x04, 0x00, 
	0x00, 0x00, 0x00, 0x00, 0x00, 0x06, 0x06, 0x13, 
	0x13, 0x00, 0x04, 0x00, 0x14, 0x01, 0x5a, 0x04, 
	0x14, 0x48, 0x01, 0x59, 0x04, 0x48, 0x50, 0x0a, 
	0xa3, 0x03, 0xa5, 0x0a, 0x2b, 0xa8, 0x32, 0xa8, 
	0x00, 0x9f, 0x00, 0x00, 0x07, 0x07, 0x0c, 0x0c, 
	0x00, 0x04, 0x00, 0x18, 0x01, 0x5b, 0x04, 0x18, 
	0x27, 0x01, 0x5a, 0x04, 0x27, 0x50, 0x0a, 0xa3, 
	0x03, 0xa5, 0x0b, 0x2b, 0xa8, 0x32, 0xa8, 0x00, 
	0x9f, 0x00, 0x00, 0x08, 0x08, 0x0c, 0x0c, 0x00, 
	0x04, 0x00, 0x1c, 0x01, 0x5c, 0x04, 0x1c, 0x27, 
	0x01, 0x5b, 0x04, 0x27, 0x50, 0x0a, 0xa3, 0x03, 
	0xa5, 0x0c, 0x2b, 0xa8, 0x32, 0xa8, 0x00, 0x9f, 
	0x00, 0x00, 0x0c, 0x0c, 0x00, 0x04, 0x00, 0x27, 
	0x01, 0x5d, 0x04, 0x27, 0x50, 0x0a, 0xa3, 0x03, 
	0xa5, 0x0d, 0x2b, 0xa8, 0x32, 0xa8, 0x00, 0x9f, 
	0x00, 0x0c, 0x00, 0x04, 0x28, 0x50, 0x01, 0x5a, 
	0x00, 0x47, 0x00, 0x00, 0x00, 0x05, 0x00, 0x04, 
	0x00, 0x00, 0x00, 0x00, 0x00, 0x00, 0x08, 0x08, 
	0x13, 0x13, 0x00, 0x04, 0x00, 0x14, 0x01, 0x5a, 
	0x04, 0x14, 0x40, 0x01, 0x59, 0x04, 0x40, 0x48, 
	0x0a, 0xa3, 0x03, 0xa5, 0x0a, 0x2b, 0xa8, 0x32, 
	0xa8, 0x00, 0x9f, 0x00, 0x00, 0x0c, 0x0c, 0x00, 
	0x04, 0x00, 0x1f, 0x01, 0x5b, 0x04, 0x1f, 0x48, 
	0x0a, 0xa3, 0x03, 0xa5, 0x0b, 0x2b, 0xa8, 0x32, 
	0xa8, 0x00, 0x9f, 0x00, 0x0c, 0x00, 0x04, 0x20, 
	0x48, 0x01, 0x5a, 0x00, 0xa8, 0x00, 0x00, 0x00, 
	0x05, 0x00, 0x04, 0x00, 0x00, 0x00, 0x00, 0x00, 
	0x00, 0x05, 0x05, 0x06, 0x06, 0x00, 0x04, 0xdc, 
	0x01, 0xe4, 0x01, 0x01, 0x5a, 0x04, 0xe4, 0x01, 
	0xe7, 0x01, 0x01, 0x5b, 0x04, 0xe7, 0x01, 0xe8, 
	0x01, 0x0a, 0xa3, 0x03, 0xa5, 0x0a, 0x2b, 0xa8, 
	0x32, 0xa8, 0x00, 0x9f, 0x00, 0x00, 0x05, 0x05, 
	0x07, 0x07, 0x0b, 0x0b, 0x00, 0x04, 0x00, 0x18, 
	0x01, 0x5a, 0x04, 0x18, 0x38, 0x0a, 0xa3, 0x03, 
	0xa5, 0x0a, 0x2b, 0xa8, 0x32, 0xa8, 0x00, 0x9f, 
	0x04, 0x38, 0x44, 0x01, 0x5a, 0x04, 0x44, 0xdc, 
	0x01, 0x01, 0x59, 0x00, 0x00, 0x05, 0x05, 0x07, 
	0x07, 0x0b, 0x0b, 0x00, 0x04, 0x00, 0x18, 0x01, 
	0x5b, 0x04, 0x18, 0x38, 0x0a, 0xa3, 0x03, 0xa5, 
	0x0b, 0x2b, 0xa8, 0x32, 0xa8, 0x00, 0x9f, 0x04, 
	0x38, 0x44, 0x01, 0x5b, 0x04, 0x44, 0xdc, 0x01, 
	0x01, 0x58, 0x00, 0x0a, 0x00, 0x04, 0x40, 0xdc, 
	0x01, 0x01, 0x59, 0x00, 0x13, 0x36, 0x04, 0x58, 
	0xd8, 0x01, 0x01, 0x59, 0x00, 0x13, 0x36, 0x04, 
	0x58, 0xd8, 0x01, 0x01, 0x58, 0x00, 0x18, 0x1b, 
	0x1b, 0x36, 0x04, 0x6c, 0xf8, 0x00, 0x01, 0x5a, 
	0x04, 0xf8, 0x00, 0xd8, 0x01, 0x01, 0x62, 0x00, 
	0x01, 0x02, 0x00, 0x00, 0x05, 0x00, 0x04, 0x00, 
	0x00, 0x00, 0x00, 0x00, 0x00, 0x06, 0x06, 0x07, 
	0x07, 0x09, 0x09, 0x0a, 0x0a, 0x00, 0x04, 0xc0, 
	0x04, 0xd0, 0x04, 0x01, 0x5a, 0x04, 0xd0, 0x04, 
	0xe0, 0x04, 0x0a, 0xa3, 0x03, 0xa5, 0x0a, 0x2b, 
	0xa8, 0x32, 0xa8, 0x00, 0x9f, 0x04, 0xe0, 0x04, 
	0xe4, 0x04, 0x01, 0x5a, 0x04, 0xe4, 0x04, 0xe7, 
	0x04, 0x01, 0x5b, 0x04, 0xe7, 0x04, 0xe8, 0x04, 
	0x0a, 0xa3, 0x03, 0xa5, 0x0a, 0x2b, 0xa8, 0x32, 
	0xa8, 0x00, 0x9f, 0x00, 0x00, 0x0a, 0x0a, 0x14, 
	0x14, 0x16, 0x16, 0x16, 0x16, 0x17, 0x17, 0x00, 
	0x04, 0xe8, 0x03, 0x8b, 0x04, 0x01, 0x5a, 0x04, 
	0x8b, 0x04, 0xa0, 0x04, 0x01, 0x58, 0x04, 0xa0, 
	0x04, 0xab, 0x04, 0x01, 0x5a, 0x04, 0xab, 0x04, 
	0xac, 0x04, 0x0a, 0xa3, 0x03, 0xa5, 0x0a, 0x2b, 
	0xa8, 0x32, 0xa8, 0x00, 0x9f, 0x04, 0xac, 0x04, 
	0xb4, 0x04, 0x01, 0x58, 0x04, 0xb4, 0x04, 0xc0, 
	0x04, 0x0a, 0xa3, 0x03, 0xa5, 0x0a, 0x2b, 0xa8, 
	0x32, 0xa8, 0x00, 0x9f, 0x00, 0x00, 0x0a, 0x0a, 
	0x0b, 0x0b, 0x00, 0x04, 0xe8, 0x03, 0x8b, 0x04, 
	0x01, 0x5b, 0x04, 0x8b, 0x04, 0x90, 0x04, 0x02, 
	0x91, 0x6c, 0x04, 0x90, 0x04, 0xc0, 0x04, 0x0a, 
	0xa3, 0x03, 0xa5, 0x0b, 0x2b, 0xa8, 0x32, 0xa8, 
	0x00, 0x9f, 0x00, 0x04, 0x0a, 0x0a, 0x14, 0x14, 
	0x16, 0x16, 0x16, 0x16, 0x17, 0x17, 0x00, 0x04, 
	0xe8, 0x03, 0x8b, 0x04, 0x01, 0x5a, 0x04, 0x8b, 
	0x04, 0xa0, 0x04, 0x01, 0x58, 0x04, 0xa0, 0x04, 
	0xab, 0x04, 0x01, 0x5a, 0x04, 0xab, 0x04, 0xac, 
	0x04, 0x0a, 0xa3, 0x03, 0xa5, 0x0a, 0x2b, 0xa8, 
	0x32, 0xa8, 0x00, 0x9f, 0x04, 0xac, 0x04, 0xb4, 
	0x04, 0x01, 0x58, 0x04, 0xb4, 0x04, 0xc0, 0x04, 
	0x0a, 0xa3, 0x03, 0xa5, 0x0a, 0x2b, 0xa8, 0x32, 
	0xa8, 0x00, 0x9f, 0x00, 0x00, 0x1e, 0x1e, 0x6e, 
	0x6e, 0x6f, 0x6f, 0x00, 0x04, 0x00, 0x64, 0x01, 
	0x5a, 0x04, 0x64, 0xd0, 0x03, 0x01, 0x59, 0x04, 
	0xd0, 0x03, 0xdc, 0x03, 0x0a, 0xa3, 0x03, 0xa5, 
	0x0a, 0x2b, 0xa8, 0x32, 0xa8, 0x00, 0x9f, 0x04, 
	0xdc, 0x03, 0xe8, 0x03, 0x01, 0x59, 0x00, 0x00, 
	0x1e, 0x1e, 0x6d, 0x6d, 0x6f, 0x6f, 0x00, 0x04, 
	0x00, 0x64, 0x01, 0x5b, 0x04, 0x64, 0xcc, 0x03, 
	0x01, 0x58, 0x04, 0xcc, 0x03, 0xdc, 0x03, 0x0a, 
	0xa3, 0x03, 0xa5, 0x0b, 0x2b, 0xa8, 0x32, 0xa8, 
	0x00, 0x9f, 0x04, 0xdc, 0x03, 0xe8, 0x03, 0x01, 
	0x58, 0x00, 0x55, 0x65, 0x65, 0x67, 0x6f, 0x71, 
	0x71, 0x00, 0x04, 0xec, 0x02, 0xab, 0x03, 0x01, 
	0x5c, 0x04, 0xab, 0x03, 0xb4, 0x03, 0x02, 0x91, 
	0x6c, 0x04, 0xdc, 0x03, 0xe0, 0x03, 0x02, 0x91, 
	0x6c, 0x04, 0xe0, 0x03, 0xe8, 0x03, 0x01, 0x5c, 
	0x00, 0x5b, 0x67, 0x6f, 0x73, 0x04, 0x80, 0x03, 
	0xb4, 0x03, 0x01, 0x62, 0x04, 0xdc, 0x03, 0xe4, 
	0x03, 0x01, 0x62, 0x00, 0x65, 0x67, 0x6f, 0x00, 
	0x04, 0xac, 0x03, 0xb4, 0x03, 0x01, 0x5a, 0x04, 
	0xdc, 0x03, 0xe8, 0x03, 0x01, 0x5a, 0x00, 0x07, 
	0x1e, 0x42, 0x44, 0x53, 0x59, 0x59, 0x62, 0x04, 
	0x04, 0x64, 0x01, 0x5f, 0x04, 0xa4, 0x02, 0xb7, 
	0x02, 0x01, 0x5f, 0x04, 0xe8, 0x02, 0xf8, 0x02, 
	0x01, 0x5f, 0x04, 0xf8, 0x02, 0x90, 0x03, 0x02, 
	0x78, 0x0c, 0x00, 0x17, 0x51, 0x04, 0x54, 0xe0, 
	0x02, 0x01, 0x62, 0x00, 0x1e, 0x28, 0x28, 0x40, 
	0x46, 0x51, 0x04, 0x64, 0x9b, 0x01, 0x01, 0x5c, 
	0x04, 0x9c, 0x01, 0x98, 0x02, 0x01, 0x5a, 0x04, 
	0xc0, 0x02, 0xe0, 0x02, 0x01, 0x5a, 0x00, 0x4b, 
	0x4f, 0x4f, 0x51, 0x04, 0xcc, 0x02, 0xdc, 0x02, 
	0x03, 0x09, 0xff, 0x9f, 0x04, 0xdc, 0x02, 0xe0, 
	0x02, 0x02, 0x30, 0x9f, 0x00, 0xba, 0x00, 0x00, 
	0x00, 0x05, 0x00, 0x04, 0x00, 0x00, 0x00, 0x00, 
	0x00, 0x00, 0x0b, 0x0b, 0x00, 0x04, 0x00, 0x14, 
	0x01, 0x5a, 0x04, 0x14, 0x40, 0x0a, 0xa3, 0x03, 
	0xa5, 0x0a, 0x2b, 0xa8, 0x32, 0xa8, 0x00, 0x9f, 
	0x00, 0x03, 0x19, 0x04, 0x00, 0x2c, 0x03, 0x08, 
	0x39, 0x9f, 0x00, 0x03, 0x19, 0x04, 0x00, 0x2c, 
	0x02, 0x31, 0x9f, 0x00, 0x03, 0x19, 0x04, 0x00, 
	0x2c, 0x02, 0x30, 0x9f, 0x00, 0x02, 0x0b, 0x0b, 
	0x19, 0x04, 0x00, 0x14, 0x01, 0x5a, 0x04, 0x14, 
	0x2c, 0x0a, 0xa3, 0x03, 0xa5, 0x0a, 0x2b, 0xa8, 
	0x32, 0xa8, 0x00, 0x9f, 0x00, 0x0d, 0x14, 0x14, 
	0x15, 0x15, 0x19, 0x04, 0x18, 0x20, 0x01, 0x58, 
	0x04, 0x20, 0x23, 0x01, 0x5a, 0x04, 0x23, 0x2c, 
	0x04, 0x78, 0x00, 0x1f, 0x9f, 0x00, 0x05, 0x0d, 
	0x04, 0x00, 0x18, 0x03, 0x08, 0x39, 0x9f, 0x00, 
	0x05, 0x0d, 0x04, 0x00, 0x18, 0x02, 0x31, 0x9f, 
	0x00, 0x05, 0x0d, 0x04, 0x00, 0x18, 0x02, 0x30, 
	0x9f, 0x00, 0x04, 0x0b, 0x0b, 0x0d, 0x04, 0x00, 
	0x14, 0x01, 0x5a, 0x04, 0x14, 0x18, 0x0a, 0xa3, 
	0x03, 0xa5, 0x0a, 0x2b, 0xa8, 0x32, 0xa8, 0x00, 
	0x9f, 0x00, 0x11, 0x14, 0x14, 0x15, 0x15, 0x17, 
	0x04, 0x1c, 0x20, 0x01, 0x58, 0x04, 0x20, 0x23, 
	0x01, 0x5a, 0x04, 0x23, 0x28, 0x04, 0x78, 0x00, 
	0x1f, 0x9f, 0x00, 0x2a, 0x01, 0x00, 0x00, 0x05, 
	0x00, 0x04, 0x00, 0x00, 0x00, 0x00, 0x00, 0x00, 
	0x0f, 0x0f, 0x00, 0x04, 0x00, 0x14, 0x01, 0x5a, 
	0x04, 0x14, 0x40, 0x0a, 0xa3, 0x03, 0xa5, 0x0a, 
	0x2b, 0xa8, 0x32, 0xa8, 0x00, 0x9f, 0x00, 0x00, 
	0x19, 0x19, 0x00, 0x04, 0x00, 0x23, 0x01, 0x5b, 
	0x04, 0x23, 0x40, 0x0a, 0xa3, 0x03, 0xa5, 0x0b, 
	0x2b, 0xa8, 0x32, 0xa8, 0x00, 0x9f, 0x00, 0x00, 
	0x19, 0x19, 0x00, 0x04, 0x00, 0x23, 0x01, 0x5c, 
	0x04, 0x23, 0x40, 0x0a, 0xa3, 0x03, 0xa5, 0x0c, 
	0x2b, 0xa8, 0x32, 0xa8, 0x00, 0x9f, 0x00, 0x03, 
	0x1d, 0x04, 0x00, 0x2c, 0x03, 0x08, 0x3e, 0x9f, 
	0x00, 0x03, 0x1d, 0x04, 0x00, 0x2c, 0x02, 0x33, 
	0x9f, 0x00, 0x03, 0x1d, 0x04, 0x00, 0x2c, 0x02, 
	0x30, 0x9f, 0x00, 0x02, 0x0f, 0x0f, 0x1d, 0x04, 
	0x00, 0x14, 0x01, 0x5a, 0x04, 0x14, 0x2c, 0x0a, 
	0xa3, 0x03, 0xa5, 0x0a, 0x2b, 0xa8, 0x32, 0xa8, 
	0x00, 0x9f, 0x00, 0x02, 0x19, 0x19, 0x1d, 0x04, 
	0x00, 0x23, 0x01, 0x5b, 0x04, 0x23, 0x2c, 0x0a, 
	0xa3, 0x03, 0xa5, 0x0b, 0x2b, 0xa8, 0x32, 0xa8, 
	0x00, 0x9f, 0x00, 0x02, 0x19, 0x19, 0x1d, 0x04, 
	0x00, 0x23, 0x01, 0x5c, 0x04, 0x23, 0x2c, 0x0a, 
	0xa3, 0x03, 0xa5, 0x0c, 0x2b, 0xa8, 0x32, 0xa8, 
	0x00, 0x9f, 0x00, 0x11, 0x18, 0x18, 0x19, 0x19, 
	0x1d, 0x04, 0x18, 0x20, 0x01, 0x58, 0x04, 0x20, 
	0x23, 0x01, 0x5a, 0x04, 0x23, 0x2c, 0x04, 0x78, 
	0x00, 0x1f, 0x9f, 0x00, 0x05, 0x11, 0x04, 0x00, 
	0x18, 0x03, 0x08, 0x3e, 0x9f, 0x00, 0x05, 0x11, 
	0x04, 0x00, 0x18, 0x02, 0x33, 0x9f, 0x00, 0x05, 
	0x11, 0x04, 0x00, 0x18, 0x02, 0x30, 0x9f, 0x00, 
	0x04, 0x0f, 0x0f, 0x11, 0x04, 0x00, 0x14, 0x01, 
	0x5a, 0x04, 0x14, 0x18, 0x0a, 0xa3, 0x03, 0xa5, 
	0x0a, 0x2b, 0xa8, 0x32, 0xa8, 0x00, 0x9f, 0x00, 
	0x04, 0x11, 0x04, 0x00, 0x18, 0x01, 0x5b, 0x00, 
	0x04, 0x11, 0x04, 0x00, 0x18, 0x01, 0x5c, 0x00, 
	0x15, 0x18, 0x18, 0x19, 0x19, 0x1b, 0x04, 0x1c, 
	0x20, 0x01, 0x58, 0x04, 0x20, 0x23, 0x01, 0x5a, 
	0x04, 0x23, 0x28, 0x04, 0x78, 0x00, 0x1f, 0x9f, 
	0x00, 0x2a, 0x01, 0x00, 0x00, 0x05, 0x00, 0x04, 
	0x00, 0x00, 0x00, 0x00, 0x00, 0x00, 0x0f, 0x0f, 
	0x00, 0x04, 0x00, 0x14, 0x01, 0x5a, 0x04, 0x14, 
	0x40, 0x0a, 0xa3, 0x03, 0xa5, 0x0a, 0x2b, 0xa8, 
	0x32, 0xa8, 0x00, 0x9f, 0x00, 0x00, 0x19, 0x19, 
	0x00, 0x04, 0x00, 0x23, 0x01, 0x5b, 0x04, 0x23, 
	0x40, 0x0a, 0xa3, 0x03, 0xa5, 0x0b, 0x2b, 0xa8, 
	0x32, 0xa8, 0x00, 0x9f, 0x00, 0x00, 0x19, 0x19, 
	0x00, 0x04, 0x00, 0x23, 0x01, 0x5c, 0x04, 0x23, 
	0x40, 0x0a, 0xa3, 0x03, 0xa5, 0x0c, 0x2b, 0xa8, 
	0x32, 0xa8, 0x00, 0x9f, 0x00, 0x03, 0x1d, 0x04, 
	0x00, 0x2c, 0x03, 0x08, 0x3f, 0x9f, 0x00, 0x03, 
	0x1d, 0x04, 0x00, 0x2c, 0x02, 0x33, 0x9f, 0x00, 
	0x03, 0x1d, 0x04, 0x00, 0x2c, 0x02, 0x30, 0x9f, 
	0x00, 0x02, 0x0f, 0x0f, 0x1d, 0x04, 0x00, 0x14, 
	0x01, 0x5a, 0x04, 0x14, 0x2c, 0x0a, 0xa3, 0x03, 
	0xa5, 0x0a, 0x2b, 0xa8, 0x32, 0xa8, 0x00, 0x9f, 
	0x00, 0x02, 0x19, 0x19, 0x1d, 0x04, 0x00, 0x23, 
	0x01, 0x5b, 0x04, 0x23, 0x2c, 0x0a, 0xa3, 0x03, 
	0xa5, 0x0b, 0x2b, 0xa8, 0x32, 0xa8, 0x00, 0x9f, 
	0x00, 0x02, 0x19, 0x19, 0x1d, 0x04, 0x00, 0x23, 
	0x01, 0x5c, 0x04, 0x23, 0x2c, 0x0a, 0xa3, 0x03, 
	0xa5, 0x0c, 0x2b, 0xa8, 0x32, 0xa8, 0x00, 0x9f, 
	0x00, 0x11, 0x18, 0x18, 0x19, 0x19, 0x1d, 0x04, 
	0x18, 0x20, 0x01, 0x58, 0x04, 0x20, 0x23, 0x01, 
	0x5a, 0x04, 0x23, 0x2c, 0x04, 0x78, 0x00, 0x1f, 
	0x9f, 0x00, 0x05, 0x11, 0x04, 0x00, 0x18, 0x03, 
	0x08, 0x3f, 0x9f, 0x00, 0x05, 0x11, 0x04, 0x00, 
	0x18, 0x02, 0x33, 0x9f, 0x00, 0x05, 0x11, 0x04, 
	0x00, 0x18, 0x02, 0x30, 0x9f, 0x00, 0x04, 0x0f, 
	0x0f, 0x11, 0x04, 0x00, 0x14, 0x01, 0x5a, 0x04, 
	0x14, 0x18, 0x0a, 0xa3, 0x03, 0xa5, 0x0a, 0x2b, 
	0xa8, 0x32, 0xa8, 0x00, 0x9f, 0x00, 0x04, 0x11, 
	0x04, 0x00, 0x18, 0x01, 0x5b, 0x00, 0x04, 0x11, 
	0x04, 0x00, 0x18, 0x01, 0x5c, 0x00, 0x15, 0x18, 
	0x18, 0x19, 0x19, 0x1b, 0x04, 0x1c, 0x20, 0x01, 
	0x58, 0x04, 0x20, 0x23, 0x01, 0x5a, 0x04, 0x23, 
	0x28, 0x04, 0x78, 0x00, 0x1f, 0x9f, 0x00, 0xa3, 
	0x00, 0x00, 0x00, 0x05, 0x00, 0x04, 0x00, 0x00, 
	0x00, 0x00, 0x00, 0x00, 0x06, 0x06, 0x13, 0x13, 
	0x1c, 0x1c, 0x2a, 0x2a, 0x00, 0x04, 0x00, 0x08, 
	0x01, 0x5a, 0x04, 0x08, 0x24, 0x01, 0x5d, 0x04, 
	0x24, 0x40, 0x0a, 0xa3, 0x03, 0xa5, 0x0a, 0x2b, 
	0xa8, 0x32, 0xa8, 0x00, 0x9f, 0x04, 0x40, 0x58, 
	0x01, 0x5d, 0x04, 0x58, 0x68, 0x0a, 0xa3, 0x03, 
	0xa5, 0x0a, 0x2b, 0xa8, 0x32, 0xa8, 0x00, 0x9f, 
	0x00, 0x10, 0x13, 0x1c, 0x1e, 0x04, 0x1c, 0x24, 
	0x01, 0x5a, 0x04, 0x40, 0x44, 0x01, 0x5a, 0x00, 
	0x09, 0x10, 0x04, 0x14, 0x1c, 0x03, 0x08, 0xd6, 
	0x9f, 0x00, 0x09, 0x10, 0x04, 0x14, 0x1c, 0x02, 
	0x31, 0x9f, 0x00, 0x09, 0x10, 0x04, 0x14, 0x1c, 
	0x02, 0x30, 0x9f, 0x00, 0x15, 0x19, 0x04, 0x24, 
	0x30, 0x03, 0x09, 0xf4, 0x9f, 0x00, 0x20, 0x28, 
	0x04, 0x44, 0x50, 0x03, 0x08, 0xd6, 0x9f, 0x00, 
	0x20, 0x28, 0x04, 0x44, 0x50, 0x02, 0x31, 0x9f, 
	0x00, 0x20, 0x25, 0x25, 0x27, 0x04, 0x44, 0x4c, 
	0x06, 0x7d, 0x00, 0x7a, 0x00, 0x22, 0x9f, 0x04, 
	0x4c, 0x50, 0x01, 0x5a, 0x00, 0x20, 0x28, 0x04, 
	0x44, 0x50, 0x02, 0x30, 0x9f, 0x00, 0x2a, 0x01, 
	0x00, 0x00, 0x05, 0x00, 0x04, 0x00, 0x00, 0x00, 
	0x00, 0x00, 0x00, 0x0f, 0x0f, 0x00, 0x04, 0x00, 
	0x14, 0x01, 0x5a, 0x04, 0x14, 0x40, 0x0a, 0xa3, 
	0x03, 0xa5, 0x0a, 0x2b, 0xa8, 0x32, 0xa8, 0x00, 
	0x9f, 0x00, 0x00, 0x19, 0x19, 0x00, 0x04, 0x00, 
	0x23, 0x01, 0x5b, 0x04, 0x23, 0x40, 0x0a, 0xa3, 
	0x03, 0xa5, 0x0b, 0x2b, 0xa8, 0x32, 0xa8, 0x00, 
	0x9f, 0x00, 0x00, 0x19, 0x19, 0x00, 0x04, 0x00, 
	0x23, 0x01, 0x5c, 0x04, 0x23, 0x40, 0x0a, 0xa3, 
	0x03, 0xa5, 0x0c, 0x2b, 0xa8, 0x32, 0xa8, 0x00, 
	0x9f, 0x00, 0x03, 0x1d, 0x04, 0x00, 0x2c, 0x03, 
	0x08, 0x40, 0x9f, 0x00, 0x03, 0x1d, 0x04, 0x00, 
	0x2c, 0x02, 0x33, 0x9f, 0x00, 0x03, 0x1d, 0x04, 
	0x00, 0x2c, 0x02, 0x30, 0x9f, 0x00, 0x02, 0x0f, 
	0x0f, 0x1d, 0x04, 0x00, 0x14, 0x01, 0x5a, 0x04, 
	0x14, 0x2c, 0x0a, 0xa3, 0x03, 0xa5, 0x0a, 0x2b, 
	0xa8, 0x32, 0xa8, 0x00, 0x9f, 0x00, 0x02, 0x19, 
	0x19, 0x1d, 0x04, 0x00, 0x23, 0x01, 0x5b, 0x04, 
	0x23, 0x2c, 0x0a, 0xa3, 0x03, 0xa5, 0x0b, 0x2b, 
	0xa8, 0x32, 0xa8, 0x00, 0x9f, 0x00, 0x02, 0x19, 
	0x19, 0x1d, 0x04, 0x00, 0x23, 0x01, 0x5c, 0x04, 
	0x23, 0x2c, 0x0a, 0xa3, 0x03, 0xa5, 0x0c, 0x2b, 
	0xa8, 0x32, 0xa8, 0x00, 0x9f, 0x00, 0x11, 0x18, 
	0x18, 0x19, 0x19, 0x1d, 0x04, 0x18, 0x20, 0x01, 
	0x58, 0x04, 0x20, 0x23, 0x01, 0x5a, 0x04, 0x23, 
	0x2c, 0x04, 0x78, 0x00, 0x1f, 0x9f, 0x00, 0x05, 
	0x11, 0x04, 0x00, 0x18, 0x03, 0x08, 0x40, 0x9f, 
	0x00, 0x05, 0x11, 0x04, 0x00, 0x18, 0x02, 0x33, 
	0x9f, 0x00, 0x05, 0x11, 0x04, 0x00, 0x18, 0x02, 
	0x30, 0x9f, 0x00, 0x04, 0x0f, 0x0f, 0x11, 0x04, 
	0x00, 0x14, 0x01, 0x5a, 0x04, 0x14, 0x18, 0x0a, 
	0xa3, 0x03, 0xa5, 0x0a, 0x2b, 0xa8, 0x32, 0xa8, 
	0x00, 0x9f, 0x00, 0x04, 0x11, 0x04, 0x00, 0x18, 
	0x01, 0x5b, 0x00, 0x04, 0x11, 0x04, 0x00, 0x18, 
	0x01, 0x5c, 0x00, 0x15, 0x18, 0x18, 0x19, 0x19, 
	0x1b, 0x04, 0x1c, 0x20, 0x01, 0x58, 0x04, 0x20, 
	0x23, 0x01, 0x5a, 0x04, 0x23, 0x28, 0x04, 0x78, 
	0x00, 0x1f, 0x9f, 0x00, 0x1a, 0x00, 0x00, 0x00, 
	0x05, 0x00, 0x04, 0x00, 0x00, 0x00, 0x00, 0x00, 
	0x04, 0x30, 0x58, 0x04, 0x84, 0x01, 0x98, 0x01, 
	0x00, 0x04, 0x34, 0x44, 0x04, 0x84, 0x01, 0x98, 
	0x01, 0x00, 0x18, 0x00, 0x00, 0x00, 0x05, 0x00, 
	0x04, 0x00, 0x00, 0x00, 0x00, 0x00, 0x04, 0x88, 
	0x06, 0x94, 0x07, 0x04, 0x80, 0x0a, 0xb8, 0x0b, 
	0x04, 0xe0, 0x0b, 0xac, 0x0c, 0x00, 0x43, 0x00, 
	0x00, 0x00, 0x05, 0x00, 0x04, 0x00, 0x00, 0x00, 
	0x00, 0x00, 0x04, 0xa0, 0x02, 0xa4, 0x02, 0x04, 
	0xac, 0x02, 0xb8, 0x02, 0x04, 0xc0, 0x02, 0xc4, 
	0x02, 0x00, 0x04, 0xd4, 0x02, 0xd8, 0x02, 0x04, 
	0xe0, 0x02, 0xe4, 0x02, 0x04, 0xe4, 0x02, 0xe8, 
	0x02, 0x04, 0xec, 0x02, 0xf0, 0x02, 0x00, 0x04, 
	0xf8, 0x02, 0xfc, 0x02, 0x04, 0x94, 0x03, 0x9c, 
	0x03, 0x00, 0x04, 0xb8, 0x03, 0xcc, 0x03, 0x04, 
	0xd0, 0x04, 0xf0, 0x04, 0x00, 0x28, 0x00, 0x00, 
	0x00, 0x05, 0x00, 0x04, 0x00, 0x00, 0x00, 0x00, 
	0x00, 0x04, 0x50, 0xe0, 0x02, 0x04, 0xb4, 0x03, 
	0xc4, 0x03, 0x00, 0x04, 0xcc, 0x02, 0xe0, 0x02, 
	0x04, 0xb4, 0x03, 0xc4, 0x03, 0x00, 0x04, 0xe8, 
	0x03, 0xe8, 0x03, 0x04, 0xf8, 0x03, 0x90, 0x04, 
	0x00, 0x16, 0x00, 0x00, 0x00, 0x05, 0x00, 0x04, 
	0x00, 0x00, 0x00, 0x00, 0x00, 0x04, 0x00, 0x00, 
	0x04, 0x0c, 0x2c, 0x00, 0x04, 0x00, 0x00, 0x04, 
	0x0c, 0x18, 0x00, 0x16, 0x00, 0x00, 0x00, 0x05, 
	0x00, 0x04, 0x00, 0x00, 0x00, 0x00, 0x00, 0x04, 
	0x00, 0x00, 0x04, 0x0c, 0x2c, 0x00, 0x04, 0x00, 
	0x00, 0x04, 0x0c, 0x18, 0x00, 0x16, 0x00, 0x00, 
	0x00, 0x05, 0x00, 0x04, 0x00, 0x00, 0x00, 0x00, 
	0x00, 0x04, 0x00, 0x00, 0x04, 0x0c, 0x2c, 0x00, 
	0x04, 0x00, 0x00, 0x04, 0x0c, 0x18, 0x00, 0x12, 
	0x00, 0x00, 0x00, 0x05, 0x00, 0x04, 0x00, 0x00, 
	0x00, 0x00, 0x00, 0x04, 0x14, 0x24, 0x04, 0x30, 
	0x34, 0x04, 0x40, 0x44, 0x00, 0x16, 0x00, 0x00, 
	0x00, 0x05, 0x00, 0x04, 0x00, 0x00, 0x00, 0x00, 
	0x00, 0x04, 0x00, 0x00, 0x04, 0x0c, 0x2c, 0x00, 
	0x04, 0x00, 0x00, 0x04, 0x0c, 0x18, 0x00, 0x00, 
	0x00, 0x00, 0x00, 0x00, 0x00, 0x00, 0x00, 0x00, 
	0x00, 0x00, 0x00, 0x00, 0x00, 0x00, 0x00, 0x00, 
	0x00, 0x00, 0x00, 0x00, 0xb4, 0x00, 0x01, 0x00, 
	0x00, 0x00, 0x00, 0x00, 0x03, 0x00, 0x01, 0x00, 
	0x00, 0x00, 0x00, 0x00, 0xac, 0x19, 0x01, 0x00, 
	0x00, 0x00, 0x00, 0x00, 0x03, 0x00, 0x02, 0x00, 
	0x00, 0x00, 0x00, 0x00, 0x00, 0x20, 0x01, 0x00, 
	0x00, 0x00, 0x00, 0x00, 0x03, 0x00, 0x03, 0x00, 
	0x00, 0x00, 0x00, 0x00, 0x54, 0x25, 0x01, 0x00, 
	0x00, 0x00, 0x00, 0x00, 0x03, 0x00, 0x04, 0x00, 
	0x00, 0x00, 0x00, 0x00, 0x60, 0x25, 0x01, 0x00, 
	0x00, 0x00, 0x00, 0x00, 0x03, 0x00, 0x05, 0x00, 
	0x00, 0x00, 0x00, 0x00, 0x78, 0x25, 0x01, 0x00, 
	0x00, 0x00, 0x00, 0x00, 0x03, 0x00, 0x06, 0x00, 
	0x00, 0x00, 0x00, 0x00, 0x00, 0x00, 0x00, 0x00, 
	0x00, 0x00, 0x00, 0x00, 0x03, 0x00, 0x07, 0x00, 
	0x00, 0x00, 0x00, 0x00, 0x00, 0x00, 0x00, 0x00, 
	0x00, 0x00, 0x00, 0x00, 0x03, 0x00, 0x08, 0x00, 
	0x00, 0x00, 0x00, 0x00, 0x00, 0x00, 0x00, 0x00, 
	0x00, 0x00, 0x00, 0x00, 0x03, 0x00, 0x09, 0x00, 
	0x00, 0x00, 0x00, 0x00, 0x00, 0x00, 0x00, 0x00, 
	0x00, 0x00, 0x00, 0x00, 0x03, 0x00, 0x0a, 0x00, 
	0x00, 0x00, 0x00, 0x00, 0x00, 0x00, 0x00, 0x00, 
	0x00, 0x00, 0x00, 0x00, 0x03, 0x00, 0x0b, 0x00, 
	0x00, 0x00, 0x00, 0x00, 0x00, 0x00, 0x00, 0x00, 
	0x00, 0x00, 0x00, 0x00, 0x03, 0x00, 0x0c, 0x00, 
	0x00, 0x00, 0x00, 0x00, 0x00, 0x00, 0x00, 0x00, 
	0x00, 0x00, 0x00, 0x00, 0x03, 0x00, 0x0d, 0x00, 
	0x00, 0x00, 0x00, 0x00, 0x00, 0x00, 0x00, 0x00, 
	0x00, 0x00, 0x00, 0x00, 0x03, 0x00, 0x0e, 0x00, 
	0x00, 0x00, 0x00, 0x00, 0x00, 0x00, 0x00, 0x00, 
	0x00, 0x00, 0x00, 0x00, 0x03, 0x00, 0x0f, 0x00, 
	0x00, 0x00, 0x00, 0x00, 0x00, 0x00, 0x00, 0x00, 
	0x00, 0x00, 0x00, 0x00, 0x03, 0x00, 0x10, 0x00, 
	0x00, 0x00, 0x00, 0x00, 0x00, 0x00, 0x00, 0x00, 
	0x00, 0x00, 0x00, 0x00, 0x03, 0x00, 0x11, 0x00, 
	0x01, 0x00, 0x00, 0x00, 0x00, 0x00, 0x00, 0x00, 
	0x00, 0x00, 0x00, 0x00, 0x04, 0x00, 0xf1, 0xff, 
	0x08, 0x00, 0x00, 0x00, 0xb4, 0x00, 0x01, 0x00, 
	0x00, 0x00, 0x00, 0x00, 0x00, 0x00, 0x01, 0x00, 
	0x58, 0x00, 0x00, 0x00, 0x00, 0x00, 0x00, 0x00, 
	0x00, 0x00, 0x00, 0x00, 0x04, 0x00, 0xf1, 0xff, 
	0x08, 0x00, 0x00, 0x00, 0x40, 0x03, 0x01, 0x00, 
	0x00, 0x00, 0x00, 0x00, 0x00, 0x00, 0x01, 0x00, 
	0x63, 0x00, 0x00, 0x00, 0x00, 0x00, 0x00, 0x00, 
	0x00, 0x00, 0x00, 0x00, 0x04, 0x00, 0xf1, 0xff, 
	0x08, 0x00, 0x00, 0x00, 0x4c, 0x03, 0x01, 0x00, 
	0x00, 0x00, 0x00, 0x00, 0x00, 0x00, 0x01, 0x00, 
	0x6d, 0x00, 0x00, 0x00, 0x00, 0x00, 0x00, 0x00, 
	0x00, 0x00, 0x00, 0x00, 0x04, 0x00, 0xf1, 0xff, 
	0x08, 0x00, 0x00, 0x00, 0x94, 0x03, 0x01, 0x00, 
	0x00, 0x00, 0x00, 0x00, 0x00, 0x00, 0x01, 0x00, 
	0x78, 0x00, 0x00, 0x00, 0x00, 0x00, 0x00, 0x00, 
	0x00, 0x00, 0x00, 0x00, 0x04, 0x00, 0xf1, 0xff, 
	0x08, 0x00, 0x00, 0x00, 0xa8, 0x03, 0x01, 0x00, 
	0x00, 0x00, 0x00, 0x00, 0x00, 0x00, 0x01, 0x00, 
	0x81, 0x00, 0x00, 0x00, 0x00, 0x00, 0x00, 0x00, 
	0x00, 0x00, 0x00, 0x00, 0x04, 0x00, 0xf1, 0xff, 
	0x08, 0x00, 0x00, 0x00, 0xf0, 0x03, 0x01, 0x00, 
	0x00, 0x00, 0x00, 0x00, 0x00, 0x00, 0x01, 0x00, 
	0x89, 0x00, 0x00, 0x00, 0x00, 0x00, 0x00, 0x00, 
	0x00, 0x00, 0x00, 0x00, 0x04, 0x00, 0xf1, 0xff, 
	0x92, 0x00, 0x00, 0x00, 0x00, 0x00, 0x00, 0x00, 
	0x00, 0x00, 0x00, 0x00, 0x04, 0x00, 0xf1, 0xff, 
	0x08, 0x00, 0x00, 0x00, 0xe0, 0x04, 0x01, 0x00, 
	0x00, 0x00, 0x00, 0x00, 0x00, 0x00, 0x01, 0x00, 
	0x9a, 0x00, 0x00, 0x00, 0x00, 0x00, 0x00, 0x00, 
	0x00, 0x00, 0x00, 0x00, 0x04, 0x00, 0xf1, 0xff, 
	0x08, 0x00, 0x00, 0x00, 0x30, 0x05, 0x01, 0x00, 
	0x00, 0x00, 0x00, 0x00, 0x00, 0x00, 0x01, 0x00, 
	0xa3, 0x00, 0x00, 0x00, 0x00, 0x00, 0x00, 0x00, 
	0x00, 0x00, 0x00, 0x00, 0x04, 0x00, 0xf1, 0xff, 
	0x08, 0x00, 0x00, 0x00, 0x80, 0x05, 0x01, 0x00, 
	0x00, 0x00, 0x00, 0x00, 0x00, 0x00, 0x01, 0x00, 
	0xab, 0x00, 0x00, 0x00, 0x00, 0x00, 0x00, 0x00, 
	0x00, 0x00, 0x00, 0x00, 0x04, 0x00, 0xf1, 0xff, 
	0x08, 0x00, 0x00, 0x00, 0xe4, 0x08, 0x01, 0x00, 
	0x00, 0x00, 0x00, 0x00, 0x00, 0x00, 0x01, 0x00, 
	0xb5, 0x00, 0x00, 0x00, 0x00, 0x00, 0x00, 0x00, 
	0x00, 0x00, 0x00, 0x00, 0x04, 0x00, 0xf1, 0xff, 
	0x08, 0x00, 0x00, 0x00, 0x2c, 0x0f, 0x01, 0x00, 
	0x00, 0x00, 0x00, 0x00, 0x00, 0x00, 0x01, 0x00, 
	0xbd, 0x00, 0x00, 0x00, 0x00, 0x00, 0x00, 0x00, 
	0x00, 0x00, 0x00, 0x00, 0x04, 0x00, 0xf1, 0xff, 
	0x08, 0x00, 0x00, 0x00, 0x34, 0x0f, 0x01, 0x00, 
	0x00, 0x00, 0x00, 0x00, 0x00, 0x00, 0x01, 0x00, 
	0xc6, 0x00, 0x00, 0x00, 0x34, 0x0f, 0x01, 0x00, 
	0x08, 0x00, 0x00, 0x00, 0x02, 0x00, 0x01, 0x00, 
	0xd0, 0x00, 0x00, 0x00, 0x3c, 0x0f, 0x01, 0x00, 
	0x88, 0x00, 0x00, 0x00, 0x02, 0x00, 0x01, 0x00, 
	0xed, 0x01, 0x00, 0x00, 0xc4, 0x0f, 0x01, 0x00, 
	0x18, 0x00, 0x00, 0x00, 0x02, 0x00, 0x01, 0x00, 
	0xd4, 0x00, 0x00, 0x00, 0xdc, 0x0f, 0x01, 0x00, 
	0x70, 0x00, 0x00, 0x00, 0x02, 0x00, 0x01, 0x00, 
	0xe2, 0x00, 0x00, 0x00, 0x4c, 0x10, 0x01, 0x00, 
	0x58, 0x00, 0x00, 0x00, 0x02, 0x00, 0x01, 0x00, 
	0xfb, 0x00, 0x00, 0x00, 0xa4, 0x10, 0x01, 0x00, 
	0x08, 0x00, 0x00, 0x00, 0x02, 0x00, 0x01, 0x00, 
	0x07, 0x01, 0x00, 0x00, 0x00, 0x00, 0x00, 0x00, 
	0x00, 0x00, 0x00, 0x00, 0x04, 0x00, 0xf1, 0xff, 
	0x08, 0x00, 0x00, 0x00, 0x04, 0x12, 0x01, 0x00, 
	0x00, 0x00, 0x00, 0x00, 0x00, 0x00, 0x01, 0x00, 
	0x0f, 0x01, 0x00, 0x00, 0x00, 0x00, 0x00, 0x00, 
	0x00, 0x00, 0x00, 0x00, 0x04, 0x00, 0xf1, 0xff, 
	0x08, 0x00, 0x00, 0x00, 0xac, 0x12, 0x01, 0x00, 
	0x00, 0x00, 0x00, 0x00, 0x00, 0x00, 0x01, 0x00, 
	0x17, 0x01, 0x00, 0x00, 0x00, 0x00, 0x00, 0x00, 
	0x00, 0x00, 0x00, 0x00, 0x04, 0x00, 0xf1, 0xff, 
	0x08, 0x00, 0x00, 0x00, 0xe8, 0x13, 0x01, 0x00, 
	0x00, 0x00, 0x00, 0x00, 0x00, 0x00, 0x01, 0x00, 
	0x20, 0x01, 0x00, 0x00, 0x00, 0x00, 0x00, 0x00, 
	0x00, 0x00, 0x00, 0x00, 0x04, 0x00, 0xf1, 0xff, 
	0x08, 0x00, 0x00, 0x00, 0x38, 0x14, 0x01, 0x00, 
	0x00, 0x00, 0x00, 0x00, 0x00, 0x00, 0x01, 0x00, 
	0x28, 0x01, 0x00, 0x00, 0x00, 0x00, 0x00, 0x00, 
	0x00, 0x00, 0x00, 0x00, 0x04, 0x00, 0xf1, 0xff, 
	0x08, 0x00, 0x00, 0x00, 0x88, 0x14, 0x01, 0x00, 
	0x00, 0x00, 0x00, 0x00, 0x00, 0x00, 0x01, 0x00, 
	0x30, 0x01, 0x00, 0x00, 0x00, 0x00, 0x00, 0x00, 
	0x00, 0x00, 0x00, 0x00, 0x04, 0x00, 0xf1, 0xff, 
	0x08, 0x00, 0x00, 0x00, 0xd0, 0x14, 0x01, 0x00, 
	0x00, 0x00, 0x00, 0x00, 0x00, 0x00, 0x01, 0x00, 
	0x40, 0x01, 0x00, 0x00, 0x00, 0x00, 0x00, 0x00, 
	0x00, 0x00, 0x00, 0x00, 0x04, 0x00, 0xf1, 0xff, 
	0x08, 0x00, 0x00, 0x00, 0xec, 0x14, 0x01, 0x00, 
	0x00, 0x00, 0x00, 0x00, 0x00, 0x00, 0x01, 0x00, 
	0x49, 0x01, 0x00, 0x00, 0x00, 0x00, 0x00, 0x00, 
	0x00, 0x00, 0x00, 0x00, 0x04, 0x00, 0xf1, 0xff, 
	0x08, 0x00, 0x00, 0x00, 0xd4, 0x15, 0x01, 0x00, 
	0x00, 0x00, 0x00, 0x00, 0x00, 0x00, 0x01, 0x00, 
	0x52, 0x01, 0x00, 0x00, 0x00, 0x00, 0x00, 0x00, 
	0x00, 0x00, 0x00, 0x00, 0x04, 0x00, 0xf1, 0xff, 
	0x08, 0x00, 0x00, 0x00, 0x3c, 0x18, 0x01, 0x00, 
	0x00, 0x00, 0x00, 0x00, 0x00, 0x00, 0x01, 0x00, 
	0x5e, 0x01, 0x00, 0x00, 0x00, 0x00, 0x00, 0x00, 
	0x00, 0x00, 0x00, 0x00, 0x04, 0x00, 0xf1, 0xff, 
	0x08, 0x00, 0x00, 0x00, 0x7c, 0x18, 0x01, 0x00, 
	0x00, 0x00, 0x00, 0x00, 0x00, 0x00, 0x01, 0x00, 
	0x6a, 0x01, 0x00, 0x00, 0x00, 0x00, 0x00, 0x00, 
	0x00, 0x00, 0x00, 0x00, 0x04, 0x00, 0xf1, 0xff, 
	0x08, 0x00, 0x00, 0x00, 0xbc, 0x18, 0x01, 0x00, 
	0x00, 0x00, 0x00, 0x00, 0x00, 0x00, 0x01, 0x00, 
	0x75, 0x01, 0x00, 0x00, 0x00, 0x00, 0x00, 0x00, 
	0x00, 0x00, 0x00, 0x00, 0x04, 0x00, 0xf1, 0xff, 
	0x08, 0x00, 0x00, 0x00, 0xfc, 0x18, 0x01, 0x00, 
	0x00, 0x00, 0x00, 0x00, 0x00, 0x00, 0x01, 0x00, 
	0x80, 0x01, 0x00, 0x00, 0x74, 0x25, 0x01, 0x00, 
	0x04, 0x00, 0x00, 0x00, 0x01, 0x00, 0x05, 0x00, 
	0x8b, 0x01, 0x00, 0x00, 0x00, 0x00, 0x00, 0x00, 
	0x00, 0x00, 0x00, 0x00, 0x04, 0x00, 0xf1, 0xff, 
	0x08, 0x00, 0x00, 0x00, 0x64, 0x19, 0x01, 0x00, 
	0x00, 0x00, 0x00, 0x00, 0x00, 0x00, 0x01, 0x00, 
	0x97, 0x01, 0x00, 0x00, 0x00, 0x00, 0x00, 0x00, 
	0x00, 0x00, 0x00, 0x00, 0x04, 0x00, 0xf1, 0xff, 
	0x08, 0x00, 0x00, 0x00, 0xa4, 0x19, 0x01, 0x00, 
	0x00, 0x00, 0x00, 0x00, 0x00, 0x00, 0x01, 0x00, 
	0x9f, 0x01, 0x00, 0x00, 0xe8, 0x13, 0x01, 0x00, 
	0x50, 0x00, 0x00, 0x00, 0x12, 0x00, 0x01, 0x00, 
	0xa8, 0x01, 0x00, 0x00, 0x00, 0x28, 0x01, 0x00, 
	0x00, 0x00, 0x00, 0x00, 0x10, 0x00, 0xf1, 0xff, 
	0xba, 0x01, 0x00, 0x00, 0xb4, 0x00, 0x01, 0x00, 
	0x40, 0x00, 0x00, 0x00, 0x12, 0x00, 0x01, 0x00, 
	0xc3, 0x01, 0x00, 0x00, 0x88, 0x13, 0x01, 0x00, 
	0x58, 0x00, 0x00, 0x00, 0x12, 0x00, 0x01, 0x00, 
	0xcb, 0x01, 0x00, 0x00, 0xb0, 0x11, 0x01, 0x00, 
	0x24, 0x00, 0x00, 0x00, 0x12, 0x00, 0x01, 0x00, 
	0xd3, 0x01, 0x00, 0x00, 0x30, 0x0f, 0x01, 0x00, 
	0x04, 0x00, 0x00, 0x00, 0x12, 0x00, 0x01, 0x00, 
	0xe3, 0x01, 0x00, 0x00, 0xa4, 0x19, 0x01, 0x00, 
	0x08, 0x00, 0x00, 0x00, 0x12, 0x00, 0x01, 0x00, 
	0xeb, 0x01, 0x00, 0x00, 0x70, 0x25, 0x01, 0x00, 
	0x04, 0x00, 0x00, 0x00, 0x11, 0x00, 0x05, 0x00, 
	0xe5, 0x01, 0x00, 0x00, 0x60, 0x25, 0x01, 0x00, 
	0x04, 0x00, 0x00, 0x00, 0x11, 0x00, 0x05, 0x00, 
	0x00, 0x02, 0x00, 0x00, 0xfc, 0x12, 0x01, 0x00, 
	0x08, 0x00, 0x00, 0x00, 0x12, 0x00, 0x01, 0x00, 
	0x0b, 0x02, 0x00, 0x00, 0x54, 0x25, 0x01, 0x00, 
	0x00, 0x00, 0x00, 0x00, 0x10, 0x00, 0x04, 0x00, 
	0x1b, 0x02, 0x00, 0x00, 0x6c, 0x25, 0x01, 0x00, 
	0x04, 0x00, 0x00, 0x00, 0x11, 0x00, 0x05, 0x00, 
	0x2c, 0x02, 0x00, 0x00, 0x88, 0x14, 0x01, 0x00, 
	0x48, 0x00, 0x00, 0x00, 0x12, 0x00, 0x01, 0x00, 
	0x34, 0x02, 0x00, 0x00, 0x38, 0x14, 0x01, 0x00, 
	0x50, 0x00, 0x00, 0x00, 0x12, 0x00, 0x01, 0x00, 
	0x3c, 0x02, 0x00, 0x00, 0xec, 0x14, 0x01, 0x00, 
	0xdc, 0x00, 0x00, 0x00, 0x12, 0x00, 0x01, 0x00, 
	0x46, 0x02, 0x00, 0x00, 0x14, 0x18, 0x01, 0x00, 
	0x28, 0x00, 0x00, 0x00, 0x12, 0x00, 0x01, 0x00, 
	0x4d, 0x02, 0x00, 0x00, 0x68, 0x25, 0x01, 0x00, 
	0x04, 0x00, 0x00, 0x00, 0x11, 0x00, 0x05, 0x00, 
	0x65, 0x02, 0x00, 0x00, 0x40, 0x02, 0x01, 0x00, 
	0x98, 0x00, 0x00, 0x00, 0x12, 0x00, 0x01, 0x00, 
	0x6b, 0x02, 0x00, 0x00, 0xfc, 0x18, 0x01, 0x00, 
	0x68, 0x00, 0x00, 0x00, 0x12, 0x00, 0x01, 0x00, 
	0x71, 0x02, 0x00, 0x00, 0xdc, 0x11, 0x01, 0x00, 
	0x14, 0x00, 0x00, 0x00, 0x12, 0x00, 0x01, 0x00, 
	0x7f, 0x02, 0x00, 0x00, 0xf0, 0x03, 0x01, 0x00, 
	0xf0, 0x00, 0x00, 0x00, 0x12, 0x00, 0x01, 0x00, 
	0x8e, 0x02, 0x00, 0x00, 0x40, 0x01, 0x01, 0x00, 
	0x58, 0x00, 0x00, 0x00, 0x12, 0x00, 0x01, 0x00, 
	0x97, 0x02, 0x00, 0x00, 0xa0, 0x25, 0x01, 0x00, 
	0x38, 0x01, 0x00, 0x00, 0x11, 0x00, 0x06, 0x00, 
	0xf1, 0x03, 0x00, 0x00, 0x94, 0x03, 0x01, 0x00, 
	0x14, 0x00, 0x00, 0x00, 0x12, 0x00, 0x01, 0x00, 
	0x9c, 0x02, 0x00, 0x00, 0xd4, 0x11, 0x01, 0x00, 
	0x04, 0x00, 0x00, 0x00, 0x12, 0x00, 0x01, 0x00, 
	0xaf, 0x02, 0x00, 0x00, 0x90, 0x06, 0x01, 0x00, 
	0x54, 0x02, 0x00, 0x00, 0x12, 0x00, 0x01, 0x00, 
	0xb7, 0x02, 0x00, 0x00, 0x58, 0x25, 0x01, 0x00, 
	0x04, 0x00, 0x00, 0x00, 0x11, 0x00, 0x04, 0x00, 
	0x40, 0x03, 0x00, 0x00, 0x20, 0x02, 0x01, 0x00, 
	0x20, 0x00, 0x00, 0x00, 0x12, 0x00, 0x01, 0x00, 
	0xca, 0x02, 0x00, 0x00, 0x7c, 0x18, 0x01, 0x00, 
	0x40, 0x00, 0x00, 0x00, 0x12, 0x00, 0x01, 0x00, 
	0xd1, 0x02, 0x00, 0x00, 0xe0, 0x04, 0x01, 0x00, 
	0x50, 0x00, 0x00, 0x00, 0x12, 0x00, 0x01, 0x00, 
	0xd9, 0x02, 0x00, 0x00, 0x78, 0x25, 0x01, 0x00, 
	0x28, 0x00, 0x00, 0x00, 0x11, 0x00, 0x06, 0x00, 
	0xf3, 0x02, 0x00, 0x00, 0xa8, 0x03, 0x01, 0x00, 
	0x48, 0x00, 0x00, 0x00, 0x12, 0x00, 0x01, 0x00, 
	0xfc, 0x02, 0x00, 0x00, 0xac, 0x10, 0x01, 0x00, 
	0x04, 0x01, 0x00, 0x00, 0x12, 0x00, 0x01, 0x00, 
	0x02, 0x03, 0x00, 0x00, 0xd8, 0x26, 0x01, 0x00, 
	0x00, 0x00, 0x00, 0x00, 0x10, 0x00, 0x06, 0x00, 
	0x0e, 0x03, 0x00, 0x00, 0x40, 0x21, 0x01, 0x00, 
	0x08, 0x04, 0x00, 0x00, 0x11, 0x00, 0x03, 0x00, 
	0x1b, 0x03, 0x00, 0x00, 0xac, 0x12, 0x01, 0x00, 
	0x50, 0x00, 0x00, 0x00, 0x12, 0x00, 0x01, 0x00, 
	0x23, 0x03, 0x00, 0x00, 0x2c, 0x0f, 0x01, 0x00, 
	0x04, 0x00, 0x00, 0x00, 0x12, 0x00, 0x01, 0x00, 
	0x31, 0x03, 0x00, 0x00, 0xbc, 0x17, 0x01, 0x00, 
	0x58, 0x00, 0x00, 0x00, 0x12, 0x00, 0x01, 0x00, 
	0x3b, 0x03, 0x00, 0x00, 0x60, 0x25, 0x01, 0x00, 
	0x00, 0x00, 0x00, 0x00, 0x10, 0x00, 0x05, 0x00, 
	0x47, 0x03, 0x00, 0x00, 0xd0, 0x14, 0x01, 0x00, 
	0x1c, 0x00, 0x00, 0x00, 0x12, 0x00, 0x01, 0x00, 
	0x4e, 0x03, 0x00, 0x00, 0xd8, 0x02, 0x01, 0x00, 
	0x68, 0x00, 0x00, 0x00, 0x12, 0x00, 0x01, 0x00, 
	0x53, 0x03, 0x00, 0x00, 0x64, 0x25, 0x01, 0x00, 
	0x04, 0x00, 0x00, 0x00, 0x11, 0x00, 0x05, 0x00, 
	0x6a, 0x03, 0x00, 0x00, 0xe0, 0x13, 0x01, 0x00, 
	0x08, 0x00, 0x00, 0x00, 0x12, 0x00, 0x01, 0x00, 
	0x73, 0x03, 0x00, 0x00, 0xc8, 0x15, 0x01, 0x00, 
	0x0c, 0x00, 0x00, 0x00, 0x12, 0x00, 0x01, 0x00, 
	0x7a, 0x03, 0x00, 0x00, 0xe4, 0x08, 0x01, 0x00, 
	0x48, 0x06, 0x00, 0x00, 0x12, 0x00, 0x01, 0x00, 
	0x84, 0x03, 0x00, 0x00, 0x80, 0x05, 0x01, 0x00, 
	0x10, 0x01, 0x00, 0x00, 0x12, 0x00, 0x01, 0x00, 
	0x93, 0x03, 0x00, 0x00, 0xf4, 0x00, 0x01, 0x00, 
	0x4c, 0x00, 0x00, 0x00, 0x12, 0x00, 0x01, 0x00, 
	0x9c, 0x03, 0x00, 0x00, 0x30, 0x05, 0x01, 0x00, 
	0x50, 0x00, 0x00, 0x00, 0x12, 0x00, 0x01, 0x00, 
	0xa5, 0x03, 0x00, 0x00, 0x54, 0x25, 0x01, 0x00, 
	0x04, 0x00, 0x00, 0x00, 0x11, 0x00, 0x04, 0x00, 
	0xb1, 0x03, 0x00, 0x00, 0xd4, 0x15, 0x01, 0x00, 
	0xe8, 0x01, 0x00, 0x00, 0x12, 0x00, 0x01, 0x00, 
	0xbc, 0x03, 0x00, 0x00, 0x04, 0x12, 0x01, 0x00, 
	0xa8, 0x00, 0x00, 0x00, 0x12, 0x00, 0x01, 0x00, 
	0xc9, 0x03, 0x00, 0x00, 0xf0, 0x11, 0x01, 0x00, 
	0x14, 0x00, 0x00, 0x00, 0x12, 0x00, 0x01, 0x00, 
	0xd9, 0x03, 0x00, 0x00, 0x00, 0x20, 0x01, 0x00, 
	0x00, 0x00, 0x00, 0x00, 0x10, 0x00, 0x03, 0x00, 
	0xe8, 0x03, 0x00, 0x00, 0x48, 0x25, 0x01, 0x00, 
	0x0c, 0x00, 0x00, 0x00, 0x11, 0x00, 0x03, 0x00, 
	0xf0, 0x03, 0x00, 0x00, 0x64, 0x19, 0x01, 0x00, 
	0x40, 0x00, 0x00, 0x00, 0x12, 0x00, 0x01, 0x00, 
	0xf7, 0x03, 0x00, 0x00, 0x60, 0x25, 0x01, 0x00, 
	0x00, 0x00, 0x00, 0x00, 0x10, 0x00, 0x04, 0x00, 
	0xfe, 0x03, 0x00, 0x00, 0xd8, 0x26, 0x01, 0x00, 
	0x00, 0x00, 0x00, 0x00, 0x10, 0x00, 0x06, 0x00, 
	0x03, 0x04, 0x00, 0x00, 0x04, 0x13, 0x01, 0x00, 
	0x84, 0x00, 0x00, 0x00, 0x12, 0x00, 0x01, 0x00, 
	0x0c, 0x04, 0x00, 0x00, 0x5c, 0x25, 0x01, 0x00, 
	0x04, 0x00, 0x00, 0x00, 0x11, 0x00, 0x04, 0x00, 
	0x24, 0x04, 0x00, 0x00, 0x00, 0x20, 0x01, 0x00, 
	0x40, 0x01, 0x00, 0x00, 0x11, 0x00, 0x03, 0x00, 
	0x31, 0x04, 0x00, 0x00, 0xd8, 0x11, 0x01, 0x00, 
	0x04, 0x00, 0x00, 0x00, 0x12, 0x00, 0x01, 0x00, 
	0x44, 0x04, 0x00, 0x00, 0xbc, 0x18, 0x01, 0x00, 
	0x40, 0x00, 0x00, 0x00, 0x12, 0x00, 0x01, 0x00, 
	0x4a, 0x04, 0x00, 0x00, 0xfc, 0x01, 0x01, 0x00, 
	0x24, 0x00, 0x00, 0x00, 0x12, 0x00, 0x01, 0x00, 
	0x66, 0x02, 0x00, 0x00, 0x4c, 0x03, 0x01, 0x00, 
	0x48, 0x00, 0x00, 0x00, 0x12, 0x00, 0x01, 0x00, 
	0x50, 0x04, 0x00, 0x00, 0x98, 0x01, 0x01, 0x00, 
	0x64, 0x00, 0x00, 0x00, 0x12, 0x00, 0x01, 0x00, 
	0x5a, 0x04, 0x00, 0x00, 0x40, 0x03, 0x01, 0x00, 
	0x0c, 0x00, 0x00, 0x00, 0x12, 0x00, 0x01, 0x00, 
	0x59, 0x04, 0x00, 0x00, 0x3c, 0x18, 0x01, 0x00, 
	0x40, 0x00, 0x00, 0x00, 0x12, 0x00, 0x01, 0x00, 
	0x00, 0x74, 0x65, 0x73, 0x74, 0x2e, 0x63, 0x00, 
	0x24, 0x78, 0x72, 0x76, 0x33, 0x32, 0x69, 0x32, 
	0x70, 0x31, 0x5f, 0x6d, 0x32, 0x70, 0x30, 0x5f, 
	0x61, 0x32, 0x70, 0x31, 0x5f, 0x66, 0x32, 0x70, 
	0x32, 0x5f, 0x64, 0x32, 0x70, 0x32, 0x5f, 0x7a, 
	0x69, 0x63, 0x73, 0x72, 0x32, 0x70, 0x30, 0x5f, 
	0x7a, 0x69, 0x66, 0x65, 0x6e, 0x63, 0x65, 0x69, 
	0x32, 0x70, 0x30, 0x5f, 0x7a, 0x6d, 0x6d, 0x75, 
	0x6c, 0x31, 0x70, 0x30, 0x5f, 0x7a, 0x61, 0x61, 
	0x6d, 0x6f, 0x31, 0x70, 0x30, 0x5f, 0x7a, 0x61, 
	0x6c, 0x72, 0x73, 0x63, 0x31, 0x70, 0x30, 0x00, 
	0x73, 0x79, 0x73, 0x63, 0x6c, 0x6f, 0x73, 0x65, 
	0x2e, 0x63, 0x00, 0x73, 0x79, 0x73, 0x6f, 0x70, 
	0x65, 0x6e, 0x2e, 0x63, 0x00, 0x73, 0x79, 0x73, 
	0x77, 0x72, 0x69, 0x74, 0x65, 0x2e, 0x63, 0x00, 
	0x63, 0x6c, 0x6f, 0x73, 0x65, 0x72, 0x2e, 0x63, 
	0x00, 0x72, 0x65, 0x65, 0x6e, 0x74, 0x2e, 0x63, 
	0x00, 0x69, 0x6d, 0x70, 0x75, 0x72, 0x65, 0x2e, 
	0x63, 0x00, 0x6f, 0x70, 0x65, 0x6e, 0x72, 0x2e, 
	0x63, 0x00, 0x77, 0x72, 0x69, 0x74, 0x65, 0x72, 
	0x2e, 0x63, 0x00, 0x66, 0x72, 0x65, 0x65, 0x72, 
	0x2e, 0x63, 0x00, 0x6d, 0x61, 0x6c, 0x6c, 0x6f, 
	0x63, 0x72, 0x2e, 0x63, 0x00, 0x6d, 0x6c, 0x6f, 
	0x63, 0x6b, 0x2e, 0x63, 0x00, 0x66, 0x69, 0x6e, 
	0x64, 0x66, 0x70, 0x2e, 0x63, 0x00, 0x5f, 0x5f, 
	0x66, 0x70, 0x5f, 0x6c, 0x6f, 0x63, 0x6b, 0x00, 
	0x73, 0x74, 0x64, 0x00, 0x63, 0x6c, 0x65, 0x61, 
	0x6e, 0x75, 0x70, 0x5f, 0x73, 0x74, 0x64, 0x69, 
	0x6f, 0x00, 0x67, 0x6c, 0x6f, 0x62, 0x61, 0x6c, 
	0x5f, 0x73, 0x74, 0x64, 0x69, 0x6f, 0x5f, 0x69, 
	0x6e, 0x69, 0x74, 0x2e, 0x70, 0x61, 0x72, 0x74, 
	0x2e, 0x30, 0x00, 0x5f, 0x5f, 0x66, 0x70, 0x5f, 
	0x75, 0x6e, 0x6c, 0x6f, 0x63, 0x6b, 0x00, 0x66, 
	0x77, 0x61, 0x6c, 0x6b, 0x2e, 0x63, 0x00, 0x73, 
	0x74, 0x64, 0x69, 0x6f, 0x2e, 0x63, 0x00, 0x6c, 
	0x73, 0x65, 0x65, 0x6b, 0x72, 0x2e, 0x63, 0x00, 
	0x72, 0x65, 0x61, 0x64, 0x72, 0x2e, 0x63, 0x00, 
	0x73, 0x62, 0x72, 0x6b, 0x72, 0x2e, 0x63, 0x00, 
	0x6c, 0x69, 0x62, 0x63, 0x5f, 0x61, 0x2d, 0x6d, 
	0x65, 0x6d, 0x73, 0x65, 0x74, 0x2e, 0x6f, 0x00, 
	0x66, 0x63, 0x6c, 0x6f, 0x73, 0x65, 0x2e, 0x63, 
	0x00, 0x66, 0x66, 0x6c, 0x75, 0x73, 0x68, 0x2e, 
	0x63, 0x00, 0x73, 0x79, 0x73, 0x5f, 0x63, 0x6c, 
	0x6f, 0x73, 0x65, 0x2e, 0x63, 0x00, 0x73, 0x79, 
	0x73, 0x5f, 0x6c, 0x73, 0x65, 0x65, 0x6b, 0x2e, 
	0x63, 0x00, 0x73, 0x79, 0x73, 0x5f, 0x72, 0x65, 
	0x61, 0x64, 0x2e, 0x63, 0x00, 0x73, 0x79, 0x73, 
	0x5f, 0x73, 0x62, 0x72, 0x6b, 0x2e, 0x63, 0x00, 
	0x68, 0x65, 0x61, 0x70, 0x5f, 0x65, 0x6e, 0x64, 
	0x2e, 0x30, 0x00, 0x73, 0x79, 0x73, 0x5f, 0x77, 
	0x72, 0x69, 0x74, 0x65, 0x2e, 0x63, 0x00, 0x65, 
	0x72, 0x72, 0x6e, 0x6f, 0x2e, 0x63, 0x00, 0x5f, 
	0x6c, 0x73, 0x65, 0x65, 0x6b, 0x5f, 0x72, 0x00, 
	0x5f, 0x5f, 0x67, 0x6c, 0x6f, 0x62, 0x61, 0x6c, 
	0x5f, 0x70, 0x6f, 0x69, 0x6e, 0x74, 0x65, 0x72, 
	0x24, 0x00, 0x73, 0x79, 0x73, 0x63, 0x61, 0x6c, 
	0x6c, 0x30, 0x00, 0x5f, 0x5f, 0x73, 0x73, 0x65, 
	0x65, 0x6b, 0x00, 0x5f, 0x5f, 0x73, 0x69, 0x6e, 
	0x69, 0x74, 0x00, 0x5f, 0x5f, 0x6d, 0x61, 0x6c, 
	0x6c, 0x6f, 0x63, 0x5f, 0x75, 0x6e, 0x6c, 0x6f, 
	0x63, 0x6b, 0x00, 0x5f, 0x5f, 0x65, 0x72, 0x72, 
	0x6e, 0x6f, 0x00, 0x5f, 0x5f, 0x73, 0x74, 0x64, 
	0x69, 0x6f, 0x5f, 0x65, 0x78, 0x69, 0x74, 0x5f, 
	0x68, 0x61, 0x6e, 0x64, 0x6c, 0x65, 0x72, 0x00, 
	0x5f, 0x5f, 0x73, 0x65, 0x6f, 0x66, 0x72, 0x65, 
	0x61, 0x64, 0x00, 0x5f, 0x5f, 0x53, 0x44, 0x41, 
	0x54, 0x41, 0x5f, 0x42, 0x45, 0x47, 0x49, 0x4e, 
	0x5f, 0x5f, 0x00, 0x5f, 0x5f, 0x6d, 0x61, 0x6c, 
	0x6c, 0x6f, 0x63, 0x5f, 0x74, 0x6f, 0x70, 0x5f, 
	0x70, 0x61, 0x64, 0x00, 0x5f, 0x73, 0x62, 0x72, 
	0x6b, 0x5f, 0x72, 0x00, 0x5f, 0x72, 0x65, 0x61, 
	0x64, 0x5f, 0x72, 0x00, 0x5f, 0x66, 0x63, 0x6c, 
	0x6f, 0x73, 0x65, 0x5f, 0x72, 0x00, 0x66, 0x66, 
	0x6c, 0x75, 0x73, 0x68, 0x00, 0x5f, 0x5f, 0x6d, 
	0x61, 0x6c, 0x6c, 0x6f, 0x63, 0x5f, 0x6d, 0x61, 
	0x78, 0x5f, 0x73, 0x62, 0x72, 0x6b, 0x65, 0x64, 
	0x5f, 0x6d, 0x65, 0x6d, 0x00, 0x5f, 0x6f, 0x70, 
	0x65, 0x6e, 0x00, 0x5f, 0x73, 0x62, 0x72, 0x6b, 
	0x00, 0x5f, 0x5f, 0x66, 0x70, 0x5f, 0x6c, 0x6f, 
	0x63, 0x6b, 0x5f, 0x61, 0x6c, 0x6c, 0x00, 0x5f, 
	0x72, 0x65, 0x63, 0x6c, 0x61, 0x69, 0x6d, 0x5f, 
	0x72, 0x65, 0x65, 0x6e, 0x74, 0x00, 0x73, 0x79, 
	0x73, 0x63, 0x61, 0x6c, 0x6c, 0x32, 0x00, 0x5f, 
	0x5f, 0x73, 0x66, 0x00, 0x5f, 0x5f, 0x73, 0x66, 
	0x70, 0x5f, 0x6c, 0x6f, 0x63, 0x6b, 0x5f, 0x61, 
	0x63, 0x71, 0x75, 0x69, 0x72, 0x65, 0x00, 0x5f, 
	0x66, 0x72, 0x65, 0x65, 0x5f, 0x72, 0x00, 0x5f, 
	0x5f, 0x6d, 0x61, 0x6c, 0x6c, 0x6f, 0x63, 0x5f, 
	0x73, 0x62, 0x72, 0x6b, 0x5f, 0x62, 0x61, 0x73, 
	0x65, 0x00, 0x5f, 0x6c, 0x73, 0x65, 0x65, 0x6b, 
	0x00, 0x5f, 0x6f, 0x70, 0x65, 0x6e, 0x5f, 0x72, 
	0x00, 0x5f, 0x5f, 0x6d, 0x61, 0x6c, 0x6c, 0x6f, 
	0x63, 0x5f, 0x63, 0x75, 0x72, 0x72, 0x65, 0x6e, 
	0x74, 0x5f, 0x6d, 0x61, 0x6c, 0x6c, 0x69, 0x6e, 
	0x66, 0x6f, 0x00, 0x5f, 0x63, 0x6c, 0x6f, 0x73, 
	0x65, 0x5f, 0x72, 0x00, 0x5f, 0x5f, 0x73, 0x66, 
	0x70, 0x00, 0x5f, 0x5f, 0x42, 0x53, 0x53, 0x5f, 
	0x45, 0x4e, 0x44, 0x5f, 0x5f, 0x00, 0x5f, 0x5f, 
	0x6d, 0x61, 0x6c, 0x6c, 0x6f, 0x63, 0x5f, 0x61, 
	0x76, 0x5f, 0x00, 0x5f, 0x5f, 0x73, 0x72, 0x65, 
	0x61, 0x64, 0x00, 0x5f, 0x5f, 0x6d, 0x61, 0x6c, 
	0x6c, 0x6f, 0x63, 0x5f, 0x6c, 0x6f, 0x63, 0x6b, 
	0x00, 0x5f, 0x66, 0x66, 0x6c, 0x75, 0x73, 0x68, 
	0x5f, 0x72, 0x00, 0x5f, 0x5f, 0x62, 0x73, 0x73, 
	0x5f, 0x73, 0x74, 0x61, 0x72, 0x74, 0x00, 0x6d, 
	0x65, 0x6d, 0x73, 0x65, 0x74, 0x00, 0x6d, 0x61, 
	0x69, 0x6e, 0x00, 0x5f, 0x5f, 0x6d, 0x61, 0x6c, 
	0x6c, 0x6f, 0x63, 0x5f, 0x6d, 0x61, 0x78, 0x5f, 
	0x74, 0x6f, 0x74, 0x61, 0x6c, 0x5f, 0x6d, 0x65, 
	0x6d, 0x00, 0x5f, 0x5f, 0x73, 0x63, 0x6c, 0x6f, 
	0x73, 0x65, 0x00, 0x66, 0x63, 0x6c, 0x6f, 0x73, 
	0x65, 0x00, 0x5f, 0x6d, 0x61, 0x6c, 0x6c, 0x6f, 
	0x63, 0x5f, 0x72, 0x00, 0x5f, 0x6d, 0x61, 0x6c, 
	0x6c, 0x6f, 0x63, 0x5f, 0x74, 0x72, 0x69, 0x6d, 
	0x5f, 0x72, 0x00, 0x73, 0x79, 0x73, 0x63, 0x61, 
	0x6c, 0x6c, 0x31, 0x00, 0x5f, 0x77, 0x72, 0x69, 
	0x74, 0x65, 0x5f, 0x72, 0x00, 0x5f, 0x69, 0x6d, 
	0x70, 0x75, 0x72, 0x65, 0x5f, 0x70, 0x74, 0x72, 
	0x00, 0x5f, 0x5f, 0x73, 0x66, 0x6c, 0x75, 0x73, 
	0x68, 0x5f, 0x72, 0x00, 0x5f, 0x66, 0x77, 0x61, 
	0x6c, 0x6b, 0x5f, 0x73, 0x67, 0x6c, 0x75, 0x65, 
	0x00, 0x5f, 0x5f, 0x66, 0x70, 0x5f, 0x75, 0x6e, 
	0x6c, 0x6f, 0x63, 0x6b, 0x5f, 0x61, 0x6c, 0x6c, 
	0x00, 0x5f, 0x5f, 0x44, 0x41, 0x54, 0x41, 0x5f, 
	0x42, 0x45, 0x47, 0x49, 0x4e, 0x5f, 0x5f, 0x00, 
	0x5f, 0x5f, 0x73, 0x67, 0x6c, 0x75, 0x65, 0x00, 
	0x5f, 0x77, 0x72, 0x69, 0x74, 0x65, 0x00, 0x5f, 
	0x65, 0x64, 0x61, 0x74, 0x61, 0x00, 0x5f, 0x65, 
	0x6e, 0x64, 0x00, 0x5f, 0x5f, 0x73, 0x77, 0x72, 
	0x69, 0x74, 0x65, 0x00, 0x5f, 0x5f, 0x6d, 0x61, 
	0x6c, 0x6c, 0x6f, 0x63, 0x5f, 0x74, 0x72, 0x69, 
	0x6d, 0x5f, 0x74, 0x68, 0x72, 0x65, 0x73, 0x68, 
	0x6f, 0x6c, 0x64, 0x00, 0x5f, 0x69, 0x6d, 0x70, 
	0x75, 0x72, 0x65, 0x5f, 0x64, 0x61, 0x74, 0x61, 
	0x00, 0x5f, 0x5f, 0x73, 0x66, 0x70, 0x5f, 0x6c, 
	0x6f, 0x63, 0x6b, 0x5f, 0x72, 0x65, 0x6c, 0x65, 
	0x61, 0x73, 0x65, 0x00, 0x5f, 0x72, 0x65, 0x61, 
	0x64, 0x00, 0x5f, 0x65, 0x78, 0x69, 0x74, 0x00, 
	0x73, 0x79, 0x73, 0x63, 0x61, 0x6c, 0x6c, 0x33, 
	0x00, 0x5f, 0x63, 0x6c, 0x6f, 0x73, 0x65, 0x00, 
	0x00, 0x2e, 0x73, 0x79, 0x6d, 0x74, 0x61, 0x62, 
	0x00, 0x2e, 0x73, 0x74, 0x72, 0x74, 0x61, 0x62, 
	0x00, 0x2e, 0x73, 0x68, 0x73, 0x74, 0x72, 0x74, 
	0x61, 0x62, 0x00, 0x2e, 0x74, 0x65, 0x78, 0x74, 
	0x00, 0x2e, 0x72, 0x6f, 0x64, 0x61, 0x74, 0x61, 
	0x00, 0x2e, 0x64, 0x61, 0x74, 0x61, 0x00, 0x2e, 
	0x73, 0x64, 0x61, 0x74, 0x61, 0x00, 0x2e, 0x73, 
	0x62, 0x73, 0x73, 0x00, 0x2e, 0x62, 0x73, 0x73, 
	0x00, 0x2e, 0x63, 0x6f, 0x6d, 0x6d, 0x65, 0x6e, 
	0x74, 0x00, 0x2e, 0x72, 0x69, 0x73, 0x63, 0x76, 
	0x2e, 0x61, 0x74, 0x74, 0x72, 0x69, 0x62, 0x75, 
	0x74, 0x65, 0x73, 0x00, 0x2e, 0x64, 0x65, 0x62, 
	0x75, 0x67, 0x5f, 0x61, 0x72, 0x61, 0x6e, 0x67, 
	0x65, 0x73, 0x00, 0x2e, 0x64, 0x65, 0x62, 0x75, 
	0x67, 0x5f, 0x69, 0x6e, 0x66, 0x6f, 0x00, 0x2e, 
	0x64, 0x65, 0x62, 0x75, 0x67, 0x5f, 0x61, 0x62, 
	0x62, 0x72, 0x65, 0x76, 0x00, 0x2e, 0x64, 0x65, 
	0x62, 0x75, 0x67, 0x5f, 0x6c, 0x69, 0x6e, 0x65, 
	0x00, 0x2e, 0x64, 0x65, 0x62, 0x75, 0x67, 0x5f, 
	0x66, 0x72, 0x61, 0x6d, 0x65, 0x00, 0x2e, 0x64, 
	0x65, 0x62, 0x75, 0x67, 0x5f, 0x73, 0x74, 0x72, 
	0x00, 0x2e, 0x64, 0x65, 0x62, 0x75, 0x67, 0x5f, 
	0x6c, 0x69, 0x6e, 0x65, 0x5f, 0x73, 0x74, 0x72, 
	0x00, 0x2e, 0x64, 0x65, 0x62, 0x75, 0x67, 0x5f, 
	0x6c, 0x6f, 0x63, 0x6c, 0x69, 0x73, 0x74, 0x73, 
	0x00, 0x2e, 0x64, 0x65, 0x62, 0x75, 0x67, 0x5f, 
	0x72, 0x6e, 0x67, 0x6c, 0x69, 0x73, 0x74, 0x73, 
	0x00, 0x00, 0x00, 0x00, 0x00, 0x00, 0x00, 0x00, 
	0x00, 0x00, 0x00, 0x00, 0x00, 0x00, 0x00, 0x00, 
	0x00, 0x00, 0x00, 0x00, 0x00, 0x00, 0x00, 0x00, 
	0x00, 0x00, 0x00, 0x00, 0x00, 0x00, 0x00, 0x00, 
	0x00, 0x00, 0x00, 0x00, 0x00, 0x00, 0x00, 0x00, 
	0x00, 0x00, 0x00, 0x00, 0x1b, 0x00, 0x00, 0x00, 
	0x01, 0x00, 0x00, 0x00, 0x06, 0x00, 0x00, 0x00, 
	0xb4, 0x00, 0x01, 0x00, 0xb4, 0x00, 0x00, 0x00, 
	0xf8, 0x18, 0x00, 0x00, 0x00, 0x00, 0x00, 0x00, 
	0x00, 0x00, 0x00, 0x00, 0x04, 0x00, 0x00, 0x00, 
	0x00, 0x00, 0x00, 0x00, 0x21, 0x00, 0x00, 0x00, 
	0x01, 0x00, 0x00, 0x00, 0x02, 0x00, 0x00, 0x00, 
	0xac, 0x19, 0x01, 0x00, 0xac, 0x19, 0x00, 0x00, 
	0x24, 0x00, 0x00, 0x00, 0x00, 0x00, 0x00, 0x00, 
	0x00, 0x00, 0x00, 0x00, 0x04, 0x00, 0x00, 0x00, 
	0x00, 0x00, 0x00, 0x00, 0x29, 0x00, 0x00, 0x00, 
	0x01, 0x00, 0x00, 0x00, 0x03, 0x00, 0x00, 0x00, 
	0x00, 0x20, 0x01, 0x00, 0x00, 0x20, 0x00, 0x00, 
	0x54, 0x05, 0x00, 0x00, 0x00, 0x00, 0x00, 0x00, 
	0x00, 0x00, 0x00, 0x00, 0x08, 0x00, 0x00, 0x00, 
	0x00, 0x00, 0x00, 0x00, 0x2f, 0x00, 0x00, 0x00, 
	0x01, 0x00, 0x00, 0x00, 0x03, 0x00, 0x00, 0x00, 
	0x54, 0x25, 0x01, 0x00, 0x54, 0x25, 0x00, 0x00, 
	0x0c, 0x00, 0x00, 0x00, 0x00, 0x00, 0x00, 0x00, 
	0x00, 0x00, 0x00, 0x00, 0x04, 0x00, 0x00, 0x00, 
	0x00, 0x00, 0x00, 0x00, 0x36, 0x00, 0x00, 0x00, 
	0x08, 0x00, 0x00, 0x00, 0x03, 0x00, 0x00, 0x00, 
	0x60, 0x25, 0x01, 0x00, 0x60, 0x25, 0x00, 0x00, 
	0x18, 0x00, 0x00, 0x00, 0x00, 0x00, 0x00, 0x00, 
	0x00, 0x00, 0x00, 0x00, 0x04, 0x00, 0x00, 0x00, 
	0x00, 0x00, 0x00, 0x00, 0x3c, 0x00, 0x00, 0x00, 
	0x08, 0x00, 0x00, 0x00, 0x03, 0x00, 0x00, 0x00, 
	0x78, 0x25, 0x01, 0x00, 0x60, 0x25, 0x00, 0x00, 
	0x60, 0x01, 0x00, 0x00, 0x00, 0x00, 0x00, 0x00, 
	0x00, 0x00, 0x00, 0x00, 0x04, 0x00, 0x00, 0x00, 
	0x00, 0x00, 0x00, 0x00, 0x41, 0x00, 0x00, 0x00, 
	0x01, 0x00, 0x00, 0x00, 0x30, 0x00, 0x00, 0x00, 
	0x00, 0x00, 0x00, 0x00, 0x60, 0x25, 0x00, 0x00, 
	0x2d, 0x00, 0x00, 0x00, 0x00, 0x00, 0x00, 0x00, 
	0x00, 0x00, 0x00, 0x00, 0x01, 0x00, 0x00, 0x00, 
	0x01, 0x00, 0x00, 0x00, 0x4a, 0x00, 0x00, 0x00, 
	0x03, 0x00, 0x00, 0x70, 0x00, 0x00, 0x00, 0x00, 
	0x00, 0x00, 0x00, 0x00, 0x8d, 0x25, 0x00, 0x00, 
	0x61, 0x00, 0x00, 0x00, 0x00, 0x00, 0x00, 0x00, 
	0x00, 0x00, 0x00, 0x00, 0x01, 0x00, 0x00, 0x00, 
	0x00, 0x00, 0x00, 0x00, 0x5c, 0x00, 0x00, 0x00, 
	0x01, 0x00, 0x00, 0x00, 0x00, 0x00, 0x00, 0x00, 
	0x00, 0x00, 0x00, 0x00, 0xf0, 0x25, 0x00, 0x00, 
	0x38, 0x03, 0x00, 0x00, 0x00, 0x00, 0x00, 0x00, 
	0x00, 0x00, 0x00, 0x00, 0x08, 0x00, 0x00, 0x00, 
	0x00, 0x00, 0x00, 0x00, 0x6b, 0x00, 0x00, 0x00, 
	0x01, 0x00, 0x00, 0x00, 0x00, 0x00, 0x00, 0x00, 
	0x00, 0x00, 0x00, 0x00, 0x28, 0x29, 0x00, 0x00, 
	0x30, 0xc2, 0x00, 0x00, 0x00, 0x00, 0x00, 0x00, 
	0x00, 0x00, 0x00, 0x00, 0x01, 0x00, 0x00, 0x00, 
	0x00, 0x00, 0x00, 0x00, 0x77, 0x00, 0x00, 0x00, 
	0x01, 0x00, 0x00, 0x00, 0x00, 0x00, 0x00, 0x00, 
	0x00, 0x00, 0x00, 0x00, 0x58, 0xeb, 0x00, 0x00, 
	0x75, 0x34, 0x00, 0x00, 0x00, 0x00, 0x00, 0x00, 
	0x00, 0x00, 0x00, 0x00, 0x01, 0x00, 0x00, 0x00, 
	0x00, 0x00, 0x00, 0x00, 0x85, 0x00, 0x00, 0x00, 
	0x01, 0x00, 0x00, 0x00, 0x00, 0x00, 0x00, 0x00, 
	0x00, 0x00, 0x00, 0x00, 0xcd, 0x1f, 0x01, 0x00, 
	0xc6, 0x37, 0x00, 0x00, 0x00, 0x00, 0x00, 0x00, 
	0x00, 0x00, 0x00, 0x00, 0x01, 0x00, 0x00, 0x00, 
	0x00, 0x00, 0x00, 0x00, 0x91, 0x00, 0x00, 0x00, 
	0x01, 0x00, 0x00, 0x00, 0x00, 0x00, 0x00, 0x00, 
	0x00, 0x00, 0x00, 0x00, 0x94, 0x57, 0x01, 0x00, 
	0xd0, 0x06, 0x00, 0x00, 0x00, 0x00, 0x00, 0x00, 
	0x00, 0x00, 0x00, 0x00, 0x04, 0x00, 0x00, 0x00, 
	0x00, 0x00, 0x00, 0x00, 0x9e, 0x00, 0x00, 0x00, 
	0x01, 0x00, 0x00, 0x00, 0x30, 0x00, 0x00, 0x00, 
	0x00, 0x00, 0x00, 0x00, 0x64, 0x5e, 0x01, 0x00, 
	0x78, 0x0a, 0x00, 0x00, 0x00, 0x00, 0x00, 0x00, 
	0x00, 0x00, 0x00, 0x00, 0x01, 0x00, 0x00, 0x00, 
	0x01, 0x00, 0x00, 0x00, 0xa9, 0x00, 0x00, 0x00, 
	0x01, 0x00, 0x00, 0x00, 0x30, 0x00, 0x00, 0x00, 
	0x00, 0x00, 0x00, 0x00, 0xdc, 0x68, 0x01, 0x00, 
	0x31, 0x0d, 0x00, 0x00, 0x00, 0x00, 0x00, 0x00, 
	0x00, 0x00, 0x00, 0x00, 0x01, 0x00, 0x00, 0x00, 
	0x01, 0x00, 0x00, 0x00, 0xb9, 0x00, 0x00, 0x00, 
	0x01, 0x00, 0x00, 0x00, 0x00, 0x00, 0x00, 0x00, 
	0x00, 0x00, 0x00, 0x00, 0x0d, 0x76, 0x01, 0x00, 
	0x57, 0x1c, 0x00, 0x00, 0x00, 0x00, 0x00, 0x00, 
	0x00, 0x00, 0x00, 0x00, 0x01, 0x00, 0x00, 0x00, 
	0x00, 0x00, 0x00, 0x00, 0xc9, 0x00, 0x00, 0x00, 
	0x01, 0x00, 0x00, 0x00, 0x00, 0x00, 0x00, 0x00, 
	0x00, 0x00, 0x00, 0x00, 0x64, 0x92, 0x01, 0x00, 
	0x2b, 0x01, 0x00, 0x00, 0x00, 0x00, 0x00, 0x00, 
	0x00, 0x00, 0x00, 0x00, 0x01, 0x00, 0x00, 0x00, 
	0x00, 0x00, 0x00, 0x00, 0x01, 0x00, 0x00, 0x00, 
	0x02, 0x00, 0x00, 0x00, 0x00, 0x00, 0x00, 0x00, 
	0x00, 0x00, 0x00, 0x00, 0x90, 0x93, 0x01, 0x00, 
	0x10, 0x09, 0x00, 0x00, 0x13, 0x00, 0x00, 0x00, 
	0x4e, 0x00, 0x00, 0x00, 0x04, 0x00, 0x00, 0x00, 
	0x10, 0x00, 0x00, 0x00, 0x09, 0x00, 0x00, 0x00, 
	0x03, 0x00, 0x00, 0x00, 0x00, 0x00, 0x00, 0x00, 
	0x00, 0x00, 0x00, 0x00, 0xa0, 0x9c, 0x01, 0x00, 
	0x60, 0x04, 0x00, 0x00, 0x00, 0x00, 0x00, 0x00, 
	0x00, 0x00, 0x00, 0x00, 0x01, 0x00, 0x00, 0x00, 
	0x00, 0x00, 0x00, 0x00, 0x11, 0x00, 0x00, 0x00, 
	0x03, 0x00, 0x00, 0x00, 0x00, 0x00, 0x00, 0x00, 
	0x00, 0x00, 0x00, 0x00, 0x00, 0xa1, 0x01, 0x00, 
	0xd9, 0x00, 0x00, 0x00, 0x00, 0x00, 0x00, 0x00, 
	0x00, 0x00, 0x00, 0x00, 0x01, 0x00, 0x00, 0x00, 
	0x00, 0x00, 0x00, 0x00, 
};

  // Write program to afile
  int fd = Hamster::vfs.open("/test", O_RDWR | O_CREAT | O_TRUNC, 0777);
  Hamster::vfs.write(fd, a, sizeof(a));
  Hamster::vfs.close(fd);

  Hamster::scheduler.make_process_elf("/test");
  Hamster::scheduler.make_process_elf("/test");
  Hamster::scheduler.make_process_elf("/test");
  Hamster::scheduler.make_process_elf("/test");

  // Run the program
  while (true)
  {
	if (Hamster::scheduler.tick() == 0)
	{
		// All processes have finished
		break;
	}
  }
}
